Built from '6000.3/staging' branch; Version is '6000.3.13f1 (8c4f11e4fb20) revision 9195281'; Using compiler version '194234433'; Build Type 'Release'
[Licensing::Module] Trying to connect to existing licensing client channel...
[Licensing::IpcConnector] Channel LicenseClient-msbel doesn't exist
OS: 'Windows 11  (10.0.26200) Professional' Language: 'tr' Physical Memory: 32679 MB
BatchMode: 1, IsHumanControllingUs: 0, StartBugReporterOnCrash: 0, Is64bit: 1
System  architecture: x64
Process architecture: x64
Date: 2026-07-26T00:32:57Z
[Licensing::Module] Successfully launched the LicensingClient (PId: 27792)

COMMAND LINE ARGUMENTS:
E:\Program Files\Unity\Hub\Editor\6000.3.13f1\Editor\Unity.exe
-batchmode
-quit
-projectPath
D:/projects/alcyone-ember-rpg
-executeMethod
EmberCrpg.Editor.Ember.Menu.EmberBuildSettingsMenu.BuildWindows64
-logFile
D:/projects/alcyone-ember-rpg/build-w38.log
Successfully changed project path to: D:/projects/alcyone-ember-rpg
D:/projects/alcyone-ember-rpg
[UnityMemory] Configuration Parameters - Can be set up in boot.config
    "memorysetup-temp-allocator-size-nav-mesh-worker=65536"
    "memorysetup-temp-allocator-size-audio-worker=65536"
    "memorysetup-temp-allocator-size-gfx=262144"
    "memorysetup-allocator-temp-initial-block-size-main=262144"
    "memorysetup-allocator-temp-initial-block-size-worker=262144"
    "memorysetup-temp-allocator-size-background-worker=32768"
    "memorysetup-temp-allocator-size-job-worker=262144"
    "memorysetup-temp-allocator-size-preload-manager=33554432"
    "memorysetup-temp-allocator-size-gi-baking-worker=262144"
    "memorysetup-temp-allocator-size-gi-baking-worker=262144"
    "memorysetup-temp-allocator-size-gi-baking-worker=262144"
    "memorysetup-temp-allocator-size-gi-baking-worker=262144"
    "memorysetup-temp-allocator-size-gi-baking-worker=262144"
    "memorysetup-bucket-allocator-granularity=16"
    "memorysetup-bucket-allocator-bucket-count=8"
    "memorysetup-bucket-allocator-block-size=33554432"
    "memorysetup-bucket-allocator-block-count=8"
    "memorysetup-main-allocator-block-size=16777216"
    "memorysetup-thread-allocator-block-size=16777216"
    "memorysetup-gfx-main-allocator-block-size=16777216"
    "memorysetup-gfx-thread-allocator-block-size=16777216"
    "memorysetup-cache-allocator-block-size=4194304"
    "memorysetup-typetree-allocator-block-size=2097152"
    "memorysetup-profiler-bucket-allocator-granularity=16"
    "memorysetup-profiler-bucket-allocator-bucket-count=8"
    "memorysetup-profiler-bucket-allocator-block-size=33554432"
    "memorysetup-profiler-bucket-allocator-block-count=8"
    "memorysetup-profiler-allocator-block-size=16777216"
    "memorysetup-profiler-editor-allocator-block-size=1048576"
    "memorysetup-temp-allocator-size-main=16777216"
    "memorysetup-job-temp-allocator-block-size=2097152"
    "memorysetup-job-temp-allocator-block-size-background=1048576"
    "memorysetup-job-temp-allocator-reduction-small-platforms=262144"
    "memorysetup-temp-allocator-size-cloud-worker=32768"
Player connection [38324]  Target information:

Player connection [38324]  * "[IP] 192.168.1.34 [Port] 55504 [Flags] 2 [Guid] 1680525854 [EditorId] 1680525854 [Version] 1048832 [Id] WindowsEditor(7,DESKTOP-MSBEL) [Debug] 1 [PackageName] WindowsEditor [ProjectName] Editor" 

Player connection [38324]  * "[IP] 172.21.64.1 [Port] 55504 [Flags] 2 [Guid] 1680525854 [EditorId] 1680525854 [Version] 1048832 [Id] WindowsEditor(7,DESKTOP-MSBEL) [Debug] 1 [PackageName] WindowsEditor [ProjectName] Editor" 

Player connection [38324] Host joined multi-casting on [225.0.0.222:54997]...
Player connection [38324] Host joined alternative multi-casting on [225.0.0.222:34997]...
Input System module state changed to: Initialized.
[Physics::Module] Initialized fallback backend.
[Physics::Module] Id: 0xdecafbad
Starting IPC server.
Waiting for clients to connect on \\.\pipe\Unity-LicenseClient-msbel, press Ctrl-C to exit.
[Licensing::IpcConnector] Successfully connected to: "LicenseClient-msbel" at "2026-07-26T00:32:59.8439588Z"
[Package Manager] Connected to IPC stream "Upm-38524" after 1.7 seconds.
[Licensing::Module] Licensing is not yet initialized.
[Licensing::Client] Handshaking with LicensingClient:
  Version:                 1.18.1+9fbee8e
  Session Id:              ac63595f4bf34a59ae774047e6905234
  Correlation Id:          9e7a3a3050ab509f2242769028ee8cf9
  External correlation Id: 1699263155745203917
  Machine Id:              Ft5Axh/NkxImUBvqYqYygqWgdkY=
[Licensing::Module] Successfully connected to LicensingClient on channel: "LicenseClient-msbel" (connect: 1.95s, validation: 0.30s, handshake: 4.02s)
[Licensing::IpcConnector] Successfully connected to: "LicenseClient-msbel-notifications" at "2026-07-26T00:33:04.1660846Z"
[Licensing::Module] Connected to LicensingClient (PId: 27792, launch time: 0.07, total connection time: 6.27s)
[Licensing::Module] Error: Access token is unavailable; failed to update
[Licensing::Client] Successfully resolved entitlement details
[Licensing::Module] License group:
  Id: F4-7AUM-XMAF-NEHN-6TQ2-XXXX
  Product: Unity Personal
  Type: ULF
  Expiration: Unlimited
[Licensing::Module] License group:
  Id: 18967764531816-UnityPersXXXX
  Product: Unity Personal
  Type: Assigned
  Expiration: Unlimited
[Licensing::Client] Successfully updated license, isAsync: True, time: 0.06
[Licensing::Client] Successfully resolved entitlement details
[Licensing::Module] License group:
  Id: F4-7AUM-XMAF-NEHN-6TQ2-XXXX
  Product: Unity Personal
  Type: ULF
  Expiration: Unlimited
[Licensing::Module] License group:
  Id: 18967764531816-UnityPersXXXX
  Product: Unity Personal
  Type: Assigned
  Expiration: Unlimited
[Licensing::Module] Licensing Background thread has ended after 6.52s
[Licensing::Module] Licensing is initialized (took 3.95s).
[Licensing::Client] Successfully resolved entitlement details
[Licensing::Module] License group:
  Id: F4-7AUM-XMAF-NEHN-6TQ2-XXXX
  Product: Unity Personal
  Type: ULF
  Expiration: Unlimited
[Licensing::Module] License group:
  Id: 18967764531816-UnityPersXXXX
  Product: Unity Personal
  Type: Assigned
  Expiration: Unlimited
Library Redirect Path: Library/
[Physics::Module] Selected backend.
[Physics::Module] Name: PhysX
[Physics::Module] Id: 0xf2b8ea05
[Physics::Module] SDK Version: 4.1.2
[Physics::Module] Integration Version: 1.0.0
[Physics::Module] Threading Mode: Multi-Threaded
Artifact Garbage Collection - Removed 2 unused hashed content files
Refreshing native plugins compatible for Editor in 8193.43 ms, found 19 plugins.
Preloading 0 native plugins for Editor in 0.00 ms.
Initialize engine version: 6000.3.13f1 (8c4f11e4fb20)
[Subsystems] Discovering subsystems at path E:/Program Files/Unity/Hub/Editor/6000.3.13f1/Editor/Data/Resources/UnitySubsystems
[Subsystems] Discovering subsystems at path D:/projects/alcyone-ember-rpg/Assets
GfxDevice: creating device client; kGfxThreadingModeNonThreaded
Direct3D:
    Version:  Direct3D 11.0 [level 11.1]
    Renderer: NVIDIA GeForce RTX 3070 (ID=0x2484)
    Vendor:   NVIDIA
    VRAM:     8017 MB
    Driver:   32.0.15.9597
Initialize mono
Mono path[0] = 'E:/Program Files/Unity/Hub/Editor/6000.3.13f1/Editor/Data/Managed'
Mono path[1] = 'E:/Program Files/Unity/Hub/Editor/6000.3.13f1/Editor/Data/MonoBleedingEdge/lib/mono/unityjit-win32'
Mono config path = 'E:/Program Files/Unity/Hub/Editor/6000.3.13f1/Editor/Data/MonoBleedingEdge/etc'
Using monoOptions --debugger-agent=transport=dt_socket,embedding=1,server=y,suspend=n,address=127.0.0.1:56524
Using cacheserver namespaces - metadata:defaultmetadata, artifacts:defaultartifacts
Using cacheserver namespaces - metadata:defaultmetadata, artifacts:defaultartifacts
ImportWorker Server TCP listen port: 0
AcceleratorClientConnectionCallback - disconnected - :0
Begin MonoManager ReloadAssembly
Registering precompiled unity dll's ...
Register platform support module: E:/Program Files/Unity/Hub/Editor/6000.3.13f1/Editor/Data/PlaybackEngines/WindowsStandaloneSupport/UnityEditor.WindowsStandalone.Extensions.dll
[Licensing::Client] Successfully resolved entitlement details
[Licensing::Module] License group:
  Id: F4-7AUM-XMAF-NEHN-6TQ2-XXXX
  Product: Unity Personal
  Type: ULF
  Expiration: Unlimited
[Licensing::Module] License group:
  Id: 18967764531816-UnityPersXXXX
  Product: Unity Personal
  Type: Assigned
  Expiration: Unlimited
Register platform support module: E:/Program Files/Unity/Hub/Editor/6000.3.13f1/Editor/Data/PlaybackEngines/MetroSupport/UnityEditor.UWP.Extensions.dll
Registered in 0.020370 seconds.
- Loaded All Assemblies, in  1.855 seconds
Native extension for UWP target not found
Native extension for WindowsStandalone target not found
Package Manager log level set to [2]
ScheduleIndexationOnStartup MainProcess:False IndexOnStartup:True
Mono: successfully reloaded assembly
- Finished resetting the current domain, in  1.473 seconds
Domain Reload Profiling: 3328ms
	BeginReloadAssembly (831ms)
		ExecutionOrderSort (0ms)
		DisableScriptedObjects (0ms)
		BackupInstance (0ms)
		ReleaseScriptingObjects (0ms)
		CreateAndSetChildDomain (16ms)
	RebuildCommonClasses (151ms)
	RebuildNativeTypeToScriptingClass (33ms)
	initialDomainReloadingComplete (179ms)
	LoadAllAssembliesAndSetupDomain (659ms)
		LoadAssemblies (817ms)
		RebuildTransferFunctionScriptingTraits (0ms)
		AnalyzeDomain (639ms)
			TypeCache.Refresh (635ms)
				TypeCache.ScanAssembly (585ms)
			BuildScriptInfoCaches (0ms)
			ResolveRequiredComponents (1ms)
	FinalizeReload (1475ms)
		ReleaseScriptCaches (0ms)
		RebuildScriptCaches (0ms)
		SetupLoadedEditorAssemblies (1338ms)
			LogAssemblyErrors (0ms)
			InitializePlatformSupportModulesInManaged (276ms)
			SetLoadedEditorAssemblies (10ms)
			BeforeProcessingInitializeOnLoad (268ms)
			ProcessInitializeOnLoadAttributes (431ms)
			ProcessInitializeOnLoadMethodAttributes (351ms)
			AfterProcessingInitializeOnLoad (0ms)
			EditorAssembliesLoaded (2ms)
		ExecutionOrderSort2 (0ms)
		AwakeInstancesAfterBackupRestoration (0ms)
[Licensing::Client] Successfully resolved entitlement details
[Licensing::Module] License group:
  Id: F4-7AUM-XMAF-NEHN-6TQ2-XXXX
  Product: Unity Personal
  Type: ULF
  Expiration: Unlimited
[Licensing::Module] License group:
  Id: 18967764531816-UnityPersXXXX
  Product: Unity Personal
  Type: Assigned
  Expiration: Unlimited
Application.AssetDatabase Initial Refresh Start
[Package Manager] Restoring resolved packages state from cache
[Licensing::Client] Successfully resolved entitlement details
[Package Manager] Registered 58 packages:
  Packages from [https://packages.unity.com]:
    com.unity.cinemachine@3.1.6 (location: D:\projects\alcyone-ember-rpg\Library\PackageCache\com.unity.cinemachine@285f38545487)
    com.unity.ide.visualstudio@2.0.27 (location: D:\projects\alcyone-ember-rpg\Library\PackageCache\com.unity.ide.visualstudio@dc1ddd4f09b6)
    com.unity.inputsystem@1.14.2 (location: D:\projects\alcyone-ember-rpg\Library\PackageCache\com.unity.inputsystem@be6c4fd0abf5)
    com.unity.nuget.newtonsoft-json@3.2.1 (location: D:\projects\alcyone-ember-rpg\Library\PackageCache\com.unity.nuget.newtonsoft-json@74deb55db2a0)
    com.unity.cloud.gltfast@6.14.1 (location: D:\projects\alcyone-ember-rpg\Library\PackageCache\com.unity.cloud.gltfast@0847aee0f6da)
    com.unity.mathematics@1.3.3 (location: D:\projects\alcyone-ember-rpg\Library\PackageCache\com.unity.mathematics@19a9377c4ffa)
    com.unity.splines@2.8.4 (location: D:\projects\alcyone-ember-rpg\Library\PackageCache\com.unity.splines@9b00833aca09)
    com.unity.burst@1.8.29 (location: D:\projects\alcyone-ember-rpg\Library\PackageCache\com.unity.burst@6bb9aca3ef38)
    com.unity.collections@2.6.5 (location: D:\projects\alcyone-ember-rpg\Library\PackageCache\com.unity.collections@12999e356c23)
    com.unity.searcher@4.9.4 (location: D:\projects\alcyone-ember-rpg\Library\PackageCache\com.unity.searcher@d45a78918735)
    com.unity.settings-manager@2.1.1 (location: D:\projects\alcyone-ember-rpg\Library\PackageCache\com.unity.settings-manager@0b8638c5ce86)
    com.unity.nuget.mono-cecil@1.11.6 (location: D:\projects\alcyone-ember-rpg\Library\PackageCache\com.unity.nuget.mono-cecil@ecb9724e46ff)
    com.unity.test-framework.performance@3.4.0 (location: D:\projects\alcyone-ember-rpg\Library\PackageCache\com.unity.test-framework.performance@aa81a99c4a75)
  Built-in packages:
    com.unity.render-pipelines.universal@17.3.0 (location: D:\projects\alcyone-ember-rpg\Library\PackageCache\com.unity.render-pipelines.universal@d00cd191b3cc)
    com.unity.test-framework@1.6.0 (location: D:\projects\alcyone-ember-rpg\Library\PackageCache\com.unity.test-framework@aebcb98460c6)
    com.unity.ugui@2.0.0 (location: D:\projects\alcyone-ember-rpg\Library\PackageCache\com.unity.ugui@8ccc29d23a79)
    com.unity.modules.accessibility@1.0.0 (location: D:\projects\alcyone-ember-rpg\Library\PackageCache\com.unity.modules.accessibility)
    com.unity.modules.adaptiveperformance@1.0.0 (location: D:\projects\alcyone-ember-rpg\Library\PackageCache\com.unity.modules.adaptiveperformance)
    com.unity.modules.ai@1.0.0 (location: D:\projects\alcyone-ember-rpg\Library\PackageCache\com.unity.modules.ai)
    com.unity.modules.androidjni@1.0.0 (location: D:\projects\alcyone-ember-rpg\Library\PackageCache\com.unity.modules.androidjni)
    com.unity.modules.animation@1.0.0 (location: D:\projects\alcyone-ember-rpg\Library\PackageCache\com.unity.modules.animation)
    com.unity.modules.assetbundle@1.0.0 (location: D:\projects\alcyone-ember-rpg\Library\PackageCache\com.unity.modules.assetbundle)
    com.unity.modules.audio@1.0.0 (location: D:\projects\alcyone-ember-rpg\Library\PackageCache\com.unity.modules.audio)
    com.unity.modules.cloth@1.0.0 (location: D:\projects\alcyone-ember-rpg\Library\PackageCache\com.unity.modules.cloth)
    com.unity.modules.director@1.0.0 (location: D:\projects\alcyone-ember-rpg\Library\PackageCache\com.unity.modules.director)
    com.unity.modules.imageconversion@1.0.0 (location: D:\projects\alcyone-ember-rpg\Library\PackageCache\com.unity.modules.imageconversion)
    com.unity.modules.imgui@1.0.0 (location: D:\projects\alcyone-ember-rpg\Library\PackageCache\com.unity.modules.imgui)
    com.unity.modules.jsonserialize@1.0.0 (location: D:\projects\alcyone-ember-rpg\Library\PackageCache\com.unity.modules.jsonserialize)
    com.unity.modules.particlesystem@1.0.0 (location: D:\projects\alcyone-ember-rpg\Library\PackageCache\com.unity.modules.particlesystem)
    com.unity.modules.physics@1.0.0 (location: D:\projects\alcyone-ember-rpg\Library\PackageCache\com.unity.modules.physics)
    com.unity.modules.physics2d@1.0.0 (location: D:\projects\alcyone-ember-rpg\Library\PackageCache\com.unity.modules.physics2d)
    com.unity.modules.screencapture@1.0.0 (location: D:\projects\alcyone-ember-rpg\Library\PackageCache\com.unity.modules.screencapture)
    com.unity.modules.terrain@1.0.0 (location: D:\projects\alcyone-ember-rpg\Library\PackageCache\com.unity.modules.terrain)
    com.unity.modules.terrainphysics@1.0.0 (location: D:\projects\alcyone-ember-rpg\Library\PackageCache\com.unity.modules.terrainphysics)
    com.unity.modules.tilemap@1.0.0 (location: D:\projects\alcyone-ember-rpg\Library\PackageCache\com.unity.modules.tilemap)
    com.unity.modules.ui@1.0.0 (location: D:\projects\alcyone-ember-rpg\Library\PackageCache\com.unity.modules.ui)
    com.unity.modules.uielements@1.0.0 (location: D:\projects\alcyone-ember-rpg\Library\PackageCache\com.unity.modules.uielements)
    com.unity.modules.umbra@1.0.0 (location: D:\projects\alcyone-ember-rpg\Library\PackageCache\com.unity.modules.umbra)
    com.unity.modules.unityanalytics@1.0.0 (location: D:\projects\alcyone-ember-rpg\Library\PackageCache\com.unity.modules.unityanalytics)
    com.unity.modules.unitywebrequest@1.0.0 (location: D:\projects\alcyone-ember-rpg\Library\PackageCache\com.unity.modules.unitywebrequest)
    com.unity.modules.unitywebrequestassetbundle@1.0.0 (location: D:\projects\alcyone-ember-rpg\Library\PackageCache\com.unity.modules.unitywebrequestassetbundle)
    com.unity.modules.unitywebrequestaudio@1.0.0 (location: D:\projects\alcyone-ember-rpg\Library\PackageCache\com.unity.modules.unitywebrequestaudio)
    com.unity.modules.unitywebrequesttexture@1.0.0 (location: D:\projects\alcyone-ember-rpg\Library\PackageCache\com.unity.modules.unitywebrequesttexture)
    com.unity.modules.unitywebrequestwww@1.0.0 (location: D:\projects\alcyone-ember-rpg\Library\PackageCache\com.unity.modules.unitywebrequestwww)
    com.unity.modules.vectorgraphics@1.0.0 (location: D:\projects\alcyone-ember-rpg\Library\PackageCache\com.unity.modules.vectorgraphics)
    com.unity.modules.vehicles@1.0.0 (location: D:\projects\alcyone-ember-rpg\Library\PackageCache\com.unity.modules.vehicles)
    com.unity.modules.video@1.0.0 (location: D:\projects\alcyone-ember-rpg\Library\PackageCache\com.unity.modules.video)
    com.unity.modules.vr@1.0.0 (location: D:\projects\alcyone-ember-rpg\Library\PackageCache\com.unity.modules.vr)
    com.unity.modules.wind@1.0.0 (location: D:\projects\alcyone-ember-rpg\Library\PackageCache\com.unity.modules.wind)
    com.unity.modules.xr@1.0.0 (location: D:\projects\alcyone-ember-rpg\Library\PackageCache\com.unity.modules.xr)
    com.unity.2d.sprite@1.0.0 (location: D:\projects\alcyone-ember-rpg\Library\PackageCache\com.unity.2d.sprite@d14b9d497a24)
    com.unity.modules.subsystems@1.0.0 (location: D:\projects\alcyone-ember-rpg\Library\PackageCache\com.unity.modules.subsystems)
    com.unity.modules.hierarchycore@1.0.0 (location: D:\projects\alcyone-ember-rpg\Library\PackageCache\com.unity.modules.hierarchycore)
    com.unity.ext.nunit@2.0.5 (location: D:\projects\alcyone-ember-rpg\Library\PackageCache\com.unity.ext.nunit@d8c07649098d)
    com.unity.render-pipelines.core@17.3.0 (location: D:\projects\alcyone-ember-rpg\Library\PackageCache\com.unity.render-pipelines.core@beca2a4be9a2)
    com.unity.shadergraph@17.3.0 (location: D:\projects\alcyone-ember-rpg\Library\PackageCache\com.unity.shadergraph@8453f937f03b)
    com.unity.render-pipelines.universal-config@17.0.3 (location: D:\projects\alcyone-ember-rpg\Library\PackageCache\com.unity.render-pipelines.universal-config@8dc1aab4af1d)
  Embedded packages:
    com.unity.ai.assistant@file:D:\projects\alcyone-ember-rpg\Packages\com.unity.ai.assistant (location: D:\projects\alcyone-ember-rpg\Packages\com.unity.ai.assistant)
[Subsystems] No new subsystems found in resolved package list.
[Package Manager] Done registering packages in 0.25 seconds
The GUID inside 'Assets/Tests/EditMode/Presentation/SpeechRetryCooldownTests.cs.meta' cannot be extracted by the YAML Parser. Attempting to extract it via string matching instead. Please verify the file does not contain unexpected data.
The .meta file Assets/Tests/EditMode/Presentation/SpeechRetryCooldownTests.cs.meta does not have a valid GUID and its corresponding Asset file will be ignored. If this file is not malformed, please add a GUID, or delete the .meta file and it will be recreated correctly
A meta data file (.meta) exists but its folder 'Assets/AI Toolkit' can't be found, and has been created. Empty directories cannot be stored in version control, so it's assumed that the meta data file is for an empty directory in version control. When moving or deleting folders outside of Unity, please ensure that the corresponding .meta file is moved or deleted along with it.
Assembly reference Packages/com.unity.cinemachine/Editor/Samples/ExposeHDRPInternals/HDRP-Editor-ref.asmref has no target assembly definition
Assembly reference Packages/com.unity.cinemachine/Editor/Samples/ExposeHDRPInternals/HDRP-Editor-ref.asmref has no target assembly definition
[ScriptCompilation] Requested script compilation because: Assetdatabase observed changes in script compilation related files
Duplicate assembly 'Microsoft.Bcl.AsyncInterfaces.dll' with different versions detected, using 'Assets/Plugins/x86_64/Microsoft.Bcl.AsyncInterfaces.dll, AssemblyName=Microsoft.Bcl.AsyncInterfaces, Version=10.0.0.5, Culture=neutral, PublicKeyToken=cc7b13ffcd2ddd51' and ignoring 'Packages/com.unity.ai.assistant/Plugins/Shared/Microsoft.Bcl.AsyncInterfaces.dll, AssemblyName=Microsoft.Bcl.AsyncInterfaces, Version=10.0.0.1, Culture=neutral, PublicKeyToken=cc7b13ffcd2ddd51'.Duplicate assembly 'System.Reflection.Metadata.dll' with different versions detected, using 'Packages/com.unity.ai.assistant/Plugins/Shared/System.Reflection.Metadata.dll, AssemblyName=System.Reflection.Metadata, Version=10.0.0.1, Culture=neutral, PublicKeyToken=b03f5f7f11d50a3a' and ignoring 'Assets/Plugins/NuGet/System.Reflection.Metadata.dll, AssemblyName=System.Reflection.Metadata, Version=7.0.0.0, Culture=neutral, PublicKeyToken=b03f5f7f11d50a3a'.Duplicate assembly 'System.Text.Json.dll' with different versions detected, using 'Assets/Plugins/x86_64/System.Text.Json.dll, AssemblyName=System.Text.Json, Version=10.0.0.0, Culture=neutral, PublicKeyToken=cc7b13ffcd2ddd51' and ignoring 'Packages/com.unity.ai.assistant/Plugins/Shared/System.Text.Json.dll, AssemblyName=System.Text.Json, Version=8.0.0.0, Culture=neutral, PublicKeyToken=cc7b13ffcd2ddd51'.Duplicate assembly 'System.Text.Json.dll' with different versions detected, using 'Assets/Plugins/x86_64/System.Text.Json.dll, AssemblyName=System.Text.Json, Version=10.0.0.0, Culture=neutral, PublicKeyToken=cc7b13ffcd2ddd51' and ignoring 'Assets/Plugins/NuGet/System.Text.Json.dll, AssemblyName=System.Text.Json, Version=8.0.0.0, Culture=neutral, PublicKeyToken=cc7b13ffcd2ddd51'.Duplicate assembly 'System.Text.Encodings.Web.dll' with different versions detected, using 'Packages/com.unity.ai.assistant/Plugins/Shared/System.Text.Encodings.Web.dll, AssemblyName=System.Text.Encodings.Web, Version=10.0.0.1, Culture=neutral, PublicKeyToken=cc7b13ffcd2ddd51' and ignoring 'Assets/Plugins/NuGet/System.Text.Encodings.Web.dll, AssemblyName=System.Text.Encodings.Web, Version=8.0.0.0, Culture=neutral, PublicKeyToken=cc7b13ffcd2ddd51'.Duplicate assembly 'Microsoft.CodeAnalysis.CSharp.dll' with different versions detected, using 'Assets/Plugins/NuGet/Microsoft.CodeAnalysis.CSharp.dll, AssemblyName=Microsoft.CodeAnalysis.CSharp, Version=4.8.0.0, Culture=neutral, PublicKeyToken=31bf3856ad364e35' and ignoring 'Packages/com.unity.ai.assistant/Plugins/CodeAnalysis/Microsoft.CodeAnalysis.CSharp.dll, AssemblyName=Microsoft.CodeAnalysis.CSharp, Version=3.11.0.0, Culture=neutral, PublicKeyToken=31bf3856ad364e35'.Duplicate assembly 'System.Collections.Immutable.dll' with different versions detected, using 'Packages/com.unity.ai.assistant/Plugins/Shared/System.Collections.Immutable.dll, AssemblyName=System.Collections.Immutable, Version=10.0.0.1, Culture=neutral, PublicKeyToken=b03f5f7f11d50a3a' and ignoring 'Assets/Plugins/NuGet/System.Collections.Immutable.dll, AssemblyName=System.Collections.Immutable, Version=7.0.0.0, Culture=neutral, PublicKeyToken=b03f5f7f11d50a3a'.Duplicate assembly 'Microsoft.CodeAnalysis.dll' with different versions detected, using 'Assets/Plugins/NuGet/Microsoft.CodeAnalysis.dll, AssemblyName=Microsoft.CodeAnalysis, Version=4.8.0.0, Culture=neutral, PublicKeyToken=31bf3856ad364e35' and ignoring 'Packages/com.unity.ai.assistant/Plugins/CodeAnalysis/Microsoft.CodeAnalysis.dll, AssemblyName=Microsoft.CodeAnalysis, Version=3.11.0.0, Culture=neutral, PublicKeyToken=31bf3856ad364e35'.Duplicate assembly 'Microsoft.Bcl.Memory.dll' with different versions detected, using 'Assets/Plugins/NuGet/Microsoft.Bcl.Memory.dll, AssemblyName=Microsoft.Bcl.Memory, Version=10.0.0.3, Culture=neutral, PublicKeyToken=cc7b13ffcd2ddd51' and ignoring 'Packages/com.unity.ai.assistant/Plugins/Shared/Microsoft.Bcl.Memory.dll, AssemblyName=Microsoft.Bcl.Memory, Version=10.0.0.1, Culture=neutral, PublicKeyToken=cc7b13ffcd2ddd51'.Duplicate assembly 'System.Runtime.CompilerServices.Unsafe.dll' with different versions detected, using 'Packages/com.unity.ai.assistant/Plugins/Shared/System.Runtime.CompilerServices.Unsafe.dll, AssemblyName=System.Runtime.CompilerServices.Unsafe, Version=6.0.3.0, Culture=neutral, PublicKeyToken=b03f5f7f11d50a3a' and ignoring 'Packages/com.unity.collections/Unity.Collections.Tests/System.Runtime.CompilerServices.Unsafe/System.Runtime.CompilerServices.Unsafe.dll, AssemblyName=System.Runtime.CompilerServices.Unsafe, Version=6.0.0.0, Culture=neutral, PublicKeyToken=b03f5f7f11d50a3a'.info: Microsoft.Hosting.Lifetime[14]
      Now listening on: http://localhost:80
info: Microsoft.Hosting.Lifetime[0]
      Application started. Press Ctrl+C to shut down.
info: Microsoft.Hosting.Lifetime[0]
      Hosting environment: Production
info: Microsoft.Hosting.Lifetime[0]
      Content root path: D:\projects\alcyone-ember-rpg\
info: Microsoft.AspNetCore.Hosting.Diagnostics[1]
      Request starting HTTP/2 POST http://ilpp/UnityILPP.PostProcessing/Ping application/grpc -
info: Microsoft.AspNetCore.Routing.EndpointMiddleware[0]
      Executing endpoint 'gRPC - /UnityILPP.PostProcessing/Ping'
info: Microsoft.AspNetCore.Routing.EndpointMiddleware[1]
      Executed endpoint 'gRPC - /UnityILPP.PostProcessing/Ping'
info: Microsoft.AspNetCore.Hosting.Diagnostics[2]
      Request finished HTTP/2 POST http://ilpp/UnityILPP.PostProcessing/Ping application/grpc - - 200 - application/grpc 121.1426ms
Refreshing native plugins compatible for Editor in 971.87 ms, found 19 plugins.
Starting: E:\Program Files\Unity\Hub\Editor\6000.3.13f1\Editor\Data\Tools\BuildPipeline\bee_backend.exe --ipc --defer-dag-verification --dagfile="Library/Bee/1900b0aE.dag" --continue-on-failure --profile="Library/Bee/backend1.traceevents" ScriptAssemblies
WorkingDir: D:/projects/alcyone-ember-rpg
info: Microsoft.AspNetCore.Hosting.Diagnostics[1]
      Request starting HTTP/2 POST http://ilpp/UnityILPP.PostProcessing/ConfigurePostProcessors application/grpc -
info: Microsoft.AspNetCore.Routing.EndpointMiddleware[0]
      Executing endpoint 'gRPC - /UnityILPP.PostProcessing/ConfigurePostProcessors'
warn: Unity.ILPP.Runner.PostProcessingAssemblyLoadContext[0]
      Assembly system.runtime.interopservices.windowsruntime has duplicate hint path. Ignoring "E:\Program Files\Unity\Hub\Editor\6000.3.13f1\Editor\Data\UnityReferenceAssemblies\unity-4.8-api\Facades\System.Runtime.InteropServices.WindowsRuntime.dll" in favor of "E:\Program Files\Unity\Hub\Editor\6000.3.13f1\Editor\Data\NetStandard\Extensions\2.0.0\System.Runtime.InteropServices.WindowsRuntime.dll"
warn: Unity.ILPP.Runner.PostProcessingAssemblyLoadContext[0]
      Assembly system.componentmodel.composition has duplicate hint path. Ignoring "E:\Program Files\Unity\Hub\Editor\6000.3.13f1\Editor\Data\UnityReferenceAssemblies\unity-4.8-api\System.ComponentModel.Composition.dll" in favor of "E:\Program Files\Unity\Hub\Editor\6000.3.13f1\Editor\Data\NetStandard\compat\2.1.0\shims\netfx\System.ComponentModel.Composition.dll"
DisplayProgressbar: Compiling Scripts
info: Unity.ILPP.Runner.PostProcessingAssemblyLoadContext[0]
      Resolved Unity.Burst.Cecil, Version=0.11.6.0, Culture=neutral, PublicKeyToken=50cebf1cceb9d05e with Library\PackageCache\com.unity.burst@6bb9aca3ef38\Unity.Burst.CodeGen\Unity.Burst.Cecil.dll
info: Unity.ILPP.Runner.PostProcessingAssemblyLoadContext[0]
      Resolved Mono.Cecil, Version=0.11.5.0, Culture=neutral, PublicKeyToken=50cebf1cceb9d05e with Library\PackageCache\com.unity.nuget.mono-cecil@ecb9724e46ff\Mono.Cecil.dll
info: Microsoft.AspNetCore.Routing.EndpointMiddleware[1]
      Executed endpoint 'gRPC - /UnityILPP.PostProcessing/ConfigurePostProcessors'
info: Microsoft.AspNetCore.Hosting.Diagnostics[2]
      Request finished HTTP/2 POST http://ilpp/UnityILPP.PostProcessing/ConfigurePostProcessors application/grpc - - 200 - application/grpc 3855.6269ms
Starting: E:\Program Files\Unity\Hub\Editor\6000.3.13f1\Editor\Data\netcorerun\netcorerun.exe "E:\Program Files\Unity\Hub\Editor\6000.3.13f1\Editor\Data\Tools\BuildPipeline\ScriptCompilationBuildProgram.exe" "Library/Bee/1900b0aE.dag.json" "Library/Bee/1900b0aE-inputdata.json" "Library\Bee\buildprogram0.traceevents"
WorkingDir: D:/projects/alcyone-ember-rpg
ExitCode: 4 Duration: 6s114ms
[ 805/1271  0s] WriteResponseFile Library/Bee/artifacts/rsp/4747638433968585886.rsp
Rebuilding DAG because FileSignature timestamp changed: Library/Bee/1900b0aE-inputdata.json
[ 961/1271  4s] ILPP-Configuration Library/ilpp-configuration.nevergeneratedoutput
*** Tundra requires additional run (5.33 seconds), 3 items updated, 960 evaluated
ExitCode: 0 Duration: 3s352ms
Starting: E:\Program Files\Unity\Hub\Editor\6000.3.13f1\Editor\Data\Tools\BuildPipeline\bee_backend.exe --ipc --defer-dag-verification --dagfile="Library/Bee/1900b0aE.dag" --continue-on-failure --dagfilejson="Library\Bee\1900b0aE.dag.json" --profile="Library/Bee/backend2.traceevents" ScriptAssemblies
WorkingDir: D:/projects/alcyone-ember-rpg
info: Microsoft.AspNetCore.Hosting.Diagnostics[1]
      Request starting HTTP/2 POST http://ilpp/UnityILPP.PostProcessing/ConfigurePostProcessors application/grpc -
info: Microsoft.AspNetCore.Routing.EndpointMiddleware[0]
      Executing endpoint 'gRPC - /UnityILPP.PostProcessing/ConfigurePostProcessors'
info: Unity.ILPP.Runner.PostProcessingAssemblyLoadContext[0]
      Current configuration matches the requested one, skipping
info: Microsoft.AspNetCore.Routing.EndpointMiddleware[1]
      Executed endpoint 'gRPC - /UnityILPP.PostProcessing/ConfigurePostProcessors'
info: Microsoft.AspNetCore.Hosting.Diagnostics[2]
      Request finished HTTP/2 POST http://ilpp/UnityILPP.PostProcessing/ConfigurePostProcessors application/grpc - - 200 - application/grpc 3.9134ms
info: Microsoft.AspNetCore.Hosting.Diagnostics[1]
      Request starting HTTP/2 POST http://ilpp/UnityILPP.PostProcessing/PostProcessAssembly application/grpc -
info: Microsoft.AspNetCore.Routing.EndpointMiddleware[0]
      Executing endpoint 'gRPC - /UnityILPP.PostProcessing/PostProcessAssembly'
info: Unity.ILPP.Runner.PostProcessingPipeline[0]
      Processing assembly Library/Bee/artifacts/1900b0aE.dag/EmberCrpg.Domain.dll, with 140 defines and 170 references
info: Unity.ILPP.Runner.PostProcessingPipeline[0]
      processors: Unity.Jobs.CodeGen.JobsILPostProcessor, zzzUnity.Burst.CodeGen.BurstILPostProcessor
info: Unity.ILPP.Runner.PostProcessingPipeline[0]
      running Unity.Jobs.CodeGen.JobsILPostProcessor
info: Unity.ILPP.Runner.PostProcessingPipeline[0]
      running zzzUnity.Burst.CodeGen.BurstILPostProcessor
info: Microsoft.AspNetCore.Routing.EndpointMiddleware[1]
      Executed endpoint 'gRPC - /UnityILPP.PostProcessing/PostProcessAssembly'
info: Microsoft.AspNetCore.Hosting.Diagnostics[2]
      Request finished HTTP/2 POST http://ilpp/UnityILPP.PostProcessing/PostProcessAssembly application/grpc - - 200 - application/grpc 73.0602ms
info: Microsoft.AspNetCore.Hosting.Diagnostics[1]
      Request starting HTTP/2 POST http://ilpp/UnityILPP.PostProcessing/PostProcessAssembly application/grpc -
info: Microsoft.AspNetCore.Routing.EndpointMiddleware[0]
      Executing endpoint 'gRPC - /UnityILPP.PostProcessing/PostProcessAssembly'
info: Unity.ILPP.Runner.PostProcessingPipeline[0]
      Processing assembly Library/Bee/artifacts/1900b0aE.dag/EmberCrpg.Data.dll, with 140 defines and 309 references
info: Unity.ILPP.Runner.PostProcessingPipeline[0]
      processors: Unity.Jobs.CodeGen.JobsILPostProcessor, zzzUnity.Burst.CodeGen.BurstILPostProcessor
info: Unity.ILPP.Runner.PostProcessingPipeline[0]
      running Unity.Jobs.CodeGen.JobsILPostProcessor
info: Unity.ILPP.Runner.PostProcessingPipeline[0]
      running zzzUnity.Burst.CodeGen.BurstILPostProcessor
info: Microsoft.AspNetCore.Routing.EndpointMiddleware[1]
      Executed endpoint 'gRPC - /UnityILPP.PostProcessing/PostProcessAssembly'
info: Microsoft.AspNetCore.Hosting.Diagnostics[2]
      Request finished HTTP/2 POST http://ilpp/UnityILPP.PostProcessing/PostProcessAssembly application/grpc - - 200 - application/grpc 15.2721ms
info: Microsoft.AspNetCore.Hosting.Diagnostics[1]
      Request starting HTTP/2 POST http://ilpp/UnityILPP.PostProcessing/PostProcessAssembly application/grpc -
info: Microsoft.AspNetCore.Routing.EndpointMiddleware[0]
      Executing endpoint 'gRPC - /UnityILPP.PostProcessing/PostProcessAssembly'
info: Unity.ILPP.Runner.PostProcessingPipeline[0]
      Processing assembly Library/Bee/artifacts/1900b0aE.dag/EmberCrpg.Data.SliceJson.dll, with 140 defines and 172 references
info: Unity.ILPP.Runner.PostProcessingPipeline[0]
      processors: Unity.Jobs.CodeGen.JobsILPostProcessor, zzzUnity.Burst.CodeGen.BurstILPostProcessor
info: Unity.ILPP.Runner.PostProcessingPipeline[0]
      running Unity.Jobs.CodeGen.JobsILPostProcessor
info: Unity.ILPP.Runner.PostProcessingPipeline[0]
      running zzzUnity.Burst.CodeGen.BurstILPostProcessor
info: Microsoft.AspNetCore.Routing.EndpointMiddleware[1]
      Executed endpoint 'gRPC - /UnityILPP.PostProcessing/PostProcessAssembly'
info: Microsoft.AspNetCore.Hosting.Diagnostics[2]
      Request finished HTTP/2 POST http://ilpp/UnityILPP.PostProcessing/PostProcessAssembly application/grpc - - 200 - application/grpc 13.5467ms
info: Microsoft.AspNetCore.Hosting.Diagnostics[1]
      Request starting HTTP/2 POST http://ilpp/UnityILPP.PostProcessing/PostProcessAssembly application/grpc -
info: Microsoft.AspNetCore.Routing.EndpointMiddleware[0]
      Executing endpoint 'gRPC - /UnityILPP.PostProcessing/PostProcessAssembly'
info: Unity.ILPP.Runner.PostProcessingPipeline[0]
      Processing assembly Library/Bee/artifacts/1900b0aE.dag/EmberCrpg.Simulation.dll, with 140 defines and 173 references
info: Unity.ILPP.Runner.PostProcessingPipeline[0]
      processors: Unity.Jobs.CodeGen.JobsILPostProcessor, zzzUnity.Burst.CodeGen.BurstILPostProcessor
info: Unity.ILPP.Runner.PostProcessingPipeline[0]
      running Unity.Jobs.CodeGen.JobsILPostProcessor
info: Unity.ILPP.Runner.PostProcessingPipeline[0]
      running zzzUnity.Burst.CodeGen.BurstILPostProcessor
info: Microsoft.AspNetCore.Routing.EndpointMiddleware[1]
      Executed endpoint 'gRPC - /UnityILPP.PostProcessing/PostProcessAssembly'
info: Microsoft.AspNetCore.Hosting.Diagnostics[2]
      Request finished HTTP/2 POST http://ilpp/UnityILPP.PostProcessing/PostProcessAssembly application/grpc - - 200 - application/grpc 33.6634ms
info: Microsoft.AspNetCore.Hosting.Diagnostics[1]
      Request starting HTTP/2 POST http://ilpp/UnityILPP.PostProcessing/PostProcessAssembly application/grpc -
info: Microsoft.AspNetCore.Routing.EndpointMiddleware[0]
      Executing endpoint 'gRPC - /UnityILPP.PostProcessing/PostProcessAssembly'
info: Unity.ILPP.Runner.PostProcessingPipeline[0]
      Processing assembly Library/Bee/artifacts/1900b0aE.dag/EmberCrpg.Infrastructure.dll, with 140 defines and 172 references
info: Unity.ILPP.Runner.PostProcessingPipeline[0]
      processors: Unity.Jobs.CodeGen.JobsILPostProcessor, zzzUnity.Burst.CodeGen.BurstILPostProcessor
info: Unity.ILPP.Runner.PostProcessingPipeline[0]
      running Unity.Jobs.CodeGen.JobsILPostProcessor
info: Unity.ILPP.Runner.PostProcessingPipeline[0]
      running zzzUnity.Burst.CodeGen.BurstILPostProcessor
info: Microsoft.AspNetCore.Routing.EndpointMiddleware[1]
      Executed endpoint 'gRPC - /UnityILPP.PostProcessing/PostProcessAssembly'
info: Microsoft.AspNetCore.Hosting.Diagnostics[2]
      Request finished HTTP/2 POST http://ilpp/UnityILPP.PostProcessing/PostProcessAssembly application/grpc - - 200 - application/grpc 110.9455ms
ExitCode: 3 Duration: 14s
Finished compiling graph: 1275 nodes, 25046 flattened edges (19918 ToBuild, 210 ToUse), maximum node priority 1456
[ 537/1271  0s] WriteText Library/Bee/artifacts/1900b0aE.dag/EmberCrpg.Domain.rsp
[ 569/1271  0s] WriteText Library/Bee/artifacts/1900b0aE.dag/EmberCrpg.Simulation.rsp
[ 654/1271  0s] WriteText Library/Bee/artifacts/1900b0aE.dag/EmberCrpg.Presentation.rsp
[ 679/1271  0s] WriteText Library/Bee/artifacts/1900b0aE.dag/EmberCrpg.Tests.EditMode.rsp
[ 680/1271  0s] WriteText Library/Bee/artifacts/1900b0aE.dag/Assembly-CSharp-Editor.rsp
[ 961/1271  0s] ILPP-Configuration Library/ilpp-configuration.nevergeneratedoutput
[1235/1271  3s] Csc Library/Bee/artifacts/1900b0aE.dag/EmberCrpg.Domain.dll (+2 others)
[1236/1271  0s] ILPostProcess Library/Bee/artifacts/1900b0aE.dag/post-processed/EmberCrpg.Domain.dll (+pdb)
Processing assembly Library/Bee/artifacts/1900b0aE.dag/EmberCrpg.Domain.dll, with 140 defines and 170 references

processors: Unity.Jobs.CodeGen.JobsILPostProcessor, zzzUnity.Burst.CodeGen.BurstILPostProcessor

running Unity.Jobs.CodeGen.JobsILPostProcessor

running zzzUnity.Burst.CodeGen.BurstILPostProcessor
[1237/1271  0s] CopyFiles Library/ScriptAssemblies/EmberCrpg.Domain.pdb
[1238/1271  0s] CopyFiles Library/ScriptAssemblies/EmberCrpg.Domain.dll
[1239/1271  1s] Csc Library/Bee/artifacts/1900b0aE.dag/EmberCrpg.Data.dll (+2 others)
Assets\Scripts\Data\GeneratedAssetLibrary\GeneratedAssetRuntimeDatabase.cs(4,7): warning CS0105: The using directive for 'UnityEngine' appeared previously in this namespace
[1240/1271  0s] ILPostProcess Library/Bee/artifacts/1900b0aE.dag/post-processed/EmberCrpg.Data.dll (+pdb)
Processing assembly Library/Bee/artifacts/1900b0aE.dag/EmberCrpg.Data.dll, with 140 defines and 309 references

processors: Unity.Jobs.CodeGen.JobsILPostProcessor, zzzUnity.Burst.CodeGen.BurstILPostProcessor

running Unity.Jobs.CodeGen.JobsILPostProcessor

running zzzUnity.Burst.CodeGen.BurstILPostProcessor
[1241/1271  0s] CopyFiles Library/ScriptAssemblies/EmberCrpg.Data.pdb
[1242/1271  0s] Csc Library/Bee/artifacts/1900b0aE.dag/EmberCrpg.Data.SliceJson.dll (+2 others)
[1243/1271  0s] CopyFiles Library/ScriptAssemblies/EmberCrpg.Data.dll
[1244/1271  0s] ILPostProcess Library/Bee/artifacts/1900b0aE.dag/post-processed/EmberCrpg.Data.SliceJson.dll (+pdb)
Processing assembly Library/Bee/artifacts/1900b0aE.dag/EmberCrpg.Data.SliceJson.dll, with 140 defines and 172 references

processors: Unity.Jobs.CodeGen.JobsILPostProcessor, zzzUnity.Burst.CodeGen.BurstILPostProcessor

running Unity.Jobs.CodeGen.JobsILPostProcessor

running zzzUnity.Burst.CodeGen.BurstILPostProcessor
[1245/1271  0s] CopyFiles Library/ScriptAssemblies/EmberCrpg.Data.SliceJson.pdb
[1246/1271  0s] CopyFiles Library/ScriptAssemblies/EmberCrpg.Data.SliceJson.dll
[1247/1271  2s] Csc Library/Bee/artifacts/1900b0aE.dag/EmberCrpg.Simulation.dll (+2 others)
[1248/1271  0s] Csc Library/Bee/artifacts/1900b0aE.dag/EmberCrpg.Infrastructure.dll (+2 others)
[1249/1271  0s] ILPostProcess Library/Bee/artifacts/1900b0aE.dag/post-processed/EmberCrpg.Simulation.dll (+pdb)
Processing assembly Library/Bee/artifacts/1900b0aE.dag/EmberCrpg.Simulation.dll, with 140 defines and 173 references

processors: Unity.Jobs.CodeGen.JobsILPostProcessor, zzzUnity.Burst.CodeGen.BurstILPostProcessor

running Unity.Jobs.CodeGen.JobsILPostProcessor

running zzzUnity.Burst.CodeGen.BurstILPostProcessor
[1250/1271  0s] CopyFiles Library/ScriptAssemblies/EmberCrpg.Simulation.pdb
[1251/1271  0s] ILPostProcess Library/Bee/artifacts/1900b0aE.dag/post-processed/EmberCrpg.Infrastructure.dll (+pdb)
Processing assembly Library/Bee/artifacts/1900b0aE.dag/EmberCrpg.Infrastructure.dll, with 140 defines and 172 references

processors: Unity.Jobs.CodeGen.JobsILPostProcessor, zzzUnity.Burst.CodeGen.BurstILPostProcessor

running Unity.Jobs.CodeGen.JobsILPostProcessor

running zzzUnity.Burst.CodeGen.BurstILPostProcessor
[1252/1271  0s] CopyFiles Library/ScriptAssemblies/EmberCrpg.Infrastructure.pdb
[1253/1271  0s] CopyFiles Library/ScriptAssemblies/EmberCrpg.Simulation.dll
[1254/1271  0s] CopyFiles Library/ScriptAssemblies/EmberCrpg.Infrastructure.dll
[1255/1271  3s] Csc Library/Bee/artifacts/1900b0aE.dag/EmberCrpg.Presentation.dll (+2 others)
##### CommandLine
"E:\Program Files\Unity\Hub\Editor\6000.3.13f1\Editor\Data\NetCoreRuntime\dotnet.exe" exec "E:/Program Files/Unity/Hub/Editor/6000.3.13f1/Editor/Data/DotNetSdkRoslyn/csc.dll" /nostdlib /noconfig /shared "@Library/Bee/artifacts/1900b0aE.dag/EmberCrpg.Presentation.rsp" "@Library/Bee/artifacts/1900b0aE.dag/EmberCrpg.Presentation.rsp2"
##### Contents of Library\Bee\artifacts\1900b0aE.dag\EmberCrpg.Presentation.rsp
-target:library
-out:"Library/Bee/artifacts/1900b0aE.dag/EmberCrpg.Presentation.dll"
-refout:"Library/Bee/artifacts/1900b0aE.dag/EmberCrpg.Presentation.ref.dll"
-define:UNITY_6000_3_13
-define:UNITY_6000_3
-define:UNITY_6000
-define:UNITY_5_3_OR_NEWER
-define:UNITY_5_4_OR_NEWER
-define:UNITY_5_5_OR_NEWER
-define:UNITY_5_6_OR_NEWER
-define:UNITY_2017_1_OR_NEWER
-define:UNITY_2017_2_OR_NEWER
-define:UNITY_2017_3_OR_NEWER
-define:UNITY_2017_4_OR_NEWER
-define:UNITY_2018_1_OR_NEWER
-define:UNITY_2018_2_OR_NEWER
-define:UNITY_2018_3_OR_NEWER
-define:UNITY_2018_4_OR_NEWER
-define:UNITY_2019_1_OR_NEWER
-define:UNITY_2019_2_OR_NEWER
-define:UNITY_2019_3_OR_NEWER
-define:UNITY_2019_4_OR_NEWER
-define:UNITY_2020_1_OR_NEWER
-define:UNITY_2020_2_OR_NEWER
-define:UNITY_2020_3_OR_NEWER
-define:UNITY_2021_1_OR_NEWER
-define:UNITY_2021_2_OR_NEWER
-define:UNITY_2021_3_OR_NEWER
-define:UNITY_2022_1_OR_NEWER
-define:UNITY_2022_2_OR_NEWER
-define:UNITY_2022_3_OR_NEWER
-define:UNITY_2023_1_OR_NEWER
-define:UNITY_2023_2_OR_NEWER
-define:UNITY_2023_3_OR_NEWER
-define:UNITY_6000_0_OR_NEWER
-define:UNITY_6000_1_OR_NEWER
-define:UNITY_6000_2_OR_NEWER
-define:UNITY_6000_3_OR_NEWER
-define:PLATFORM_ARCH_64
-define:UNITY_64
-define:UNITY_INCLUDE_TESTS
-define:ENABLE_AR
-define:ENABLE_AUDIO
-define:ENABLE_AUDIO_SCRIPTABLE_PIPELINE
-define:ENABLE_CACHING
-define:ENABLE_CLOTH
-define:ENABLE_EVENT_QUEUE
-define:ENABLE_MICROPHONE
-define:ENABLE_MULTIPLE_DISPLAYS
-define:ENABLE_PHYSICS
-define:ENABLE_TEXTURE_STREAMING
-define:ENABLE_VIRTUALTEXTURING
-define:ENABLE_LZMA
-define:ENABLE_UNITYEVENTS
-define:ENABLE_VR
-define:ENABLE_WEBCAM
-define:ENABLE_UNITYWEBREQUEST
-define:ENABLE_WWW
-define:ENABLE_CLOUD_SERVICES
-define:ENABLE_CLOUD_SERVICES_ADS
-define:ENABLE_CLOUD_SERVICES_USE_WEBREQUEST
-define:ENABLE_UNITY_CONSENT
-define:ENABLE_UNITY_CLOUD_IDENTIFIERS
-define:ENABLE_CLOUD_SERVICES_CRASH_REPORTING
-define:ENABLE_CLOUD_SERVICES_NATIVE_CRASH_REPORTING
-define:ENABLE_CLOUD_SERVICES_PURCHASING
-define:ENABLE_CLOUD_SERVICES_ANALYTICS
-define:ENABLE_CLOUD_SERVICES_BUILD
-define:ENABLE_EDITOR_GAME_SERVICES
-define:ENABLE_UNITY_GAME_SERVICES_ANALYTICS_SUPPORT
-define:ENABLE_CLOUD_LICENSE
-define:ENABLE_EDITOR_HUB_LICENSE
-define:ENABLE_WEBSOCKET_CLIENT
-define:ENABLE_GENERATE_NATIVE_PLUGINS_FOR_ASSEMBLIES_API
-define:ENABLE_DIRECTOR_AUDIO
-define:ENABLE_DIRECTOR_TEXTURE
-define:ENABLE_MANAGED_JOBS
-define:ENABLE_MANAGED_TRANSFORM_JOBS
-define:ENABLE_MANAGED_ANIMATION_JOBS
-define:ENABLE_MANAGED_AUDIO_JOBS
-define:ENABLE_MANAGED_UNITYTLS
-define:INCLUDE_DYNAMIC_GI
-define:ENABLE_SCRIPTING_GC_WBARRIERS
-define:PLATFORM_SUPPORTS_MONO
-define:RENDER_SOFTWARE_CURSOR
-define:ENABLE_MARSHALLING_TESTS
-define:ENABLE_VIDEO
-define:ENABLE_NAVIGATION_OFFMESHLINK_TO_NAVMESHLINK
-define:ENABLE_ACCELERATOR_CLIENT_DEBUGGING
-define:ENABLE_ACCESSIBILITY_SCREEN_READER
-define:TEXTCORE_1_0_OR_NEWER
-define:EDITOR_ONLY_NAVMESH_BUILDER_DEPRECATED
-define:PLATFORM_STANDALONE_WIN
-define:PLATFORM_STANDALONE
-define:UNITY_STANDALONE_WIN
-define:UNITY_STANDALONE
-define:ENABLE_RUNTIME_GI
-define:ENABLE_MOVIES
-define:ENABLE_NETWORK
-define:ENABLE_NVIDIA
-define:ENABLE_AMD
-define:ENABLE_CRUNCH_TEXTURE_COMPRESSION
-define:ENABLE_CLOUD_SERVICES_ENGINE_DIAGNOSTICS
-define:ENABLE_OUT_OF_PROCESS_CRASH_HANDLER
-define:ENABLE_CLUSTER_SYNC
-define:ENABLE_CLUSTERINPUT
-define:PLATFORM_UPDATES_TIME_OUTSIDE_OF_PLAYER_LOOP
-define:GFXDEVICE_WAITFOREVENT_MESSAGEPUMP
-define:PLATFORM_USES_EXPLICIT_MEMORY_MANAGER_INITIALIZER
-define:PLATFORM_SUPPORTS_WAIT_FOR_PRESENTATION
-define:PLATFORM_SUPPORTS_SPLIT_GRAPHICS_JOBS
-define:ENABLE_MONO
-define:NET_STANDARD_2_0
-define:NET_STANDARD
-define:NET_STANDARD_2_1
-define:NETSTANDARD
-define:NETSTANDARD2_1
-define:ENABLE_PROFILER
-define:DEBUG
-define:TRACE
-define:UNITY_ASSERTIONS
-define:UNITY_EDITOR
-define:UNITY_EDITOR_64
-define:UNITY_EDITOR_WIN
-define:ENABLE_UNITY_COLLECTIONS_CHECKS
-define:ENABLE_BURST_AOT
-define:UNITY_TEAM_LICENSE
-define:ENABLE_CUSTOM_RENDER_TEXTURE
-define:ENABLE_DIRECTOR
-define:ENABLE_LOCALIZATION
-define:ENABLE_SPRITES
-define:ENABLE_TERRAIN
-define:ENABLE_TILEMAP
-define:ENABLE_TIMELINE
-define:ENABLE_INPUT_SYSTEM
-define:TEXTCORE_FONT_ENGINE_1_5_OR_NEWER
-define:TEXTCORE_TEXT_ENGINE_1_5_OR_NEWER
-define:TEXTCORE_FONT_ENGINE_1_6_OR_NEWER
-define:SENTIS_ANALYTICS_ENABLED
-define:APP_UI_EDITOR_ONLY
-define:USE_ONNX_RUNTIME
-define:CSHARP_7_OR_LATER
-define:CSHARP_7_3_OR_NEWER
-r:"Assets/Plugins/NuGet/CommunityToolkit.HighPerformance.dll"
-r:"Assets/Plugins/NuGet/McpPlugin.Common.dll"
-r:"Assets/Plugins/NuGet/McpPlugin.dll"
-r:"Assets/Plugins/NuGet/Microsoft.AspNetCore.Connections.Abstractions.dll"
-r:"Assets/Plugins/NuGet/Microsoft.AspNetCore.Http.Connections.Client.dll"
-r:"Assets/Plugins/NuGet/Microsoft.AspNetCore.Http.Connections.Common.dll"
-r:"Assets/Plugins/NuGet/Microsoft.AspNetCore.SignalR.Client.Core.dll"
-r:"Assets/Plugins/NuGet/Microsoft.AspNetCore.SignalR.Client.dll"
-r:"Assets/Plugins/NuGet/Microsoft.AspNetCore.SignalR.Common.dll"
-r:"Assets/Plugins/NuGet/Microsoft.AspNetCore.SignalR.Protocols.Json.dll"
-r:"Assets/Plugins/NuGet/Microsoft.Bcl.Memory.dll"
-r:"Assets/Plugins/NuGet/Microsoft.Bcl.TimeProvider.dll"
-r:"Assets/Plugins/NuGet/Microsoft.CodeAnalysis.CSharp.dll"
-r:"Assets/Plugins/NuGet/Microsoft.CodeAnalysis.dll"
-r:"Assets/Plugins/NuGet/Microsoft.Extensions.Caching.Abstractions.dll"
-r:"Assets/Plugins/NuGet/Microsoft.Extensions.Configuration.Abstractions.dll"
-r:"Assets/Plugins/NuGet/Microsoft.Extensions.DependencyInjection.Abstractions.dll"
-r:"Assets/Plugins/NuGet/Microsoft.Extensions.DependencyInjection.dll"
-r:"Assets/Plugins/NuGet/Microsoft.Extensions.Diagnostics.Abstractions.dll"
-r:"Assets/Plugins/NuGet/Microsoft.Extensions.Features.dll"
-r:"Assets/Plugins/NuGet/Microsoft.Extensions.FileProviders.Abstractions.dll"
-r:"Assets/Plugins/NuGet/Microsoft.Extensions.Hosting.Abstractions.dll"
-r:"Assets/Plugins/NuGet/Microsoft.Extensions.Logging.Abstractions.dll"
-r:"Assets/Plugins/NuGet/Microsoft.Extensions.Logging.dll"
-r:"Assets/Plugins/NuGet/Microsoft.Extensions.Options.dll"
-r:"Assets/Plugins/NuGet/Microsoft.Extensions.Primitives.dll"
-r:"Assets/Plugins/NuGet/R3.dll"
-r:"Assets/Plugins/NuGet/ReflectorNet.dll"
-r:"Assets/Plugins/NuGet/System.ComponentModel.Annotations.dll"
-r:"Assets/Plugins/NuGet/System.Diagnostics.DiagnosticSource.dll"
-r:"Assets/Plugins/NuGet/System.IO.Pipelines.dll"
-r:"Assets/Plugins/NuGet/System.Numerics.Tensors.dll"
-r:"Assets/Plugins/NuGet/System.Text.Encoding.CodePages.dll"
-r:"Assets/Plugins/NuGet/System.Threading.Channels.dll"
-r:"Assets/Plugins/x86_64/LLamaSharp.dll"
-r:"Assets/Plugins/x86_64/Microsoft.Bcl.AsyncInterfaces.dll"
-r:"Assets/Plugins/x86_64/Microsoft.Extensions.AI.Abstractions.dll"
-r:"Assets/Plugins/x86_64/Microsoft.ML.OnnxRuntime.dll"
-r:"Assets/Plugins/x86_64/System.Interactive.Async.dll"
-r:"Assets/Plugins/x86_64/System.Linq.Async.dll"
-r:"Assets/Plugins/x86_64/System.Linq.AsyncEnumerable.dll"
-r:"Assets/Plugins/x86_64/System.Text.Json.dll"
-r:"E:/Program Files/Unity/Hub/Editor/6000.3.13f1/Editor/Data/Managed/UnityEditor.Graphs.dll"
-r:"E:/Program Files/Unity/Hub/Editor/6000.3.13f1/Editor/Data/Managed/UnityEngine/UnityEditor.AccessibilityModule.dll"
-r:"E:/Program Files/Unity/Hub/Editor/6000.3.13f1/Editor/Data/Managed/UnityEngine/UnityEditor.AdaptivePerformanceModule.dll"
-r:"E:/Program Files/Unity/Hub/Editor/6000.3.13f1/Editor/Data/Managed/UnityEngine/UnityEditor.AssetComplianceModule.dll"
-r:"E:/Program Files/Unity/Hub/Editor/6000.3.13f1/Editor/Data/Managed/UnityEngine/UnityEditor.BuildProfileModule.dll"
-r:"E:/Program Files/Unity/Hub/Editor/6000.3.13f1/Editor/Data/Managed/UnityEngine/UnityEditor.ClothModule.dll"
-r:"E:/Program Files/Unity/Hub/Editor/6000.3.13f1/Editor/Data/Managed/UnityEngine/UnityEditor.CoreBusinessMetricsModule.dll"
-r:"E:/Program Files/Unity/Hub/Editor/6000.3.13f1/Editor/Data/Managed/UnityEngine/UnityEditor.CoreModule.dll"
-r:"E:/Program Files/Unity/Hub/Editor/6000.3.13f1/Editor/Data/Managed/UnityEngine/UnityEditor.DeviceSimulatorModule.dll"
-r:"E:/Program Files/Unity/Hub/Editor/6000.3.13f1/Editor/Data/Managed/UnityEngine/UnityEditor.DiagnosticsModule.dll"
-r:"E:/Program Files/Unity/Hub/Editor/6000.3.13f1/Editor/Data/Managed/UnityEngine/UnityEditor.EditorToolbarModule.dll"
-r:"E:/Program Files/Unity/Hub/Editor/6000.3.13f1/Editor/Data/Managed/UnityEngine/UnityEditor.EmbreeModule.dll"
-r:"E:/Program Files/Unity/Hub/Editor/6000.3.13f1/Editor/Data/Managed/UnityEngine/UnityEditor.GIModule.dll"
-r:"E:/Program Files/Unity/Hub/Editor/6000.3.13f1/Editor/Data/Managed/UnityEngine/UnityEditor.GraphViewModule.dll"
-r:"E:/Program Files/Unity/Hub/Editor/6000.3.13f1/Editor/Data/Managed/UnityEngine/UnityEditor.GraphicsStateCollectionSerializerModule.dll"
-r:"E:/Program Files/Unity/Hub/Editor/6000.3.13f1/Editor/Data/Managed/UnityEngine/UnityEditor.GridAndSnapModule.dll"
-r:"E:/Program Files/Unity/Hub/Editor/6000.3.13f1/Editor/Data/Managed/UnityEngine/UnityEditor.GridModule.dll"
-r:"E:/Program Files/Unity/Hub/Editor/6000.3.13f1/Editor/Data/Managed/UnityEngine/UnityEditor.HierarchyModule.dll"
-r:"E:/Program Files/Unity/Hub/Editor/6000.3.13f1/Editor/Data/Managed/UnityEngine/UnityEditor.MediaModule.dll"
-r:"E:/Program Files/Unity/Hub/Editor/6000.3.13f1/Editor/Data/Managed/UnityEngine/UnityEditor.MultiplayerModule.dll"
-r:"E:/Program Files/Unity/Hub/Editor/6000.3.13f1/Editor/Data/Managed/UnityEngine/UnityEditor.Physics2DModule.dll"
-r:"E:/Program Files/Unity/Hub/Editor/6000.3.13f1/Editor/Data/Managed/UnityEngine/UnityEditor.PhysicsModule.dll"
-r:"E:/Program Files/Unity/Hub/Editor/6000.3.13f1/Editor/Data/Managed/UnityEngine/UnityEditor.PlayModeModule.dll"
-r:"E:/Program Files/Unity/Hub/Editor/6000.3.13f1/Editor/Data/Managed/UnityEngine/UnityEditor.PresetsUIModule.dll"
-r:"E:/Program Files/Unity/Hub/Editor/6000.3.13f1/Editor/Data/Managed/UnityEngine/UnityEditor.PropertiesModule.dll"
-r:"E:/Program Files/Unity/Hub/Editor/6000.3.13f1/Editor/Data/Managed/UnityEngine/UnityEditor.QuickInstallModule.dll"
-r:"E:/Program Files/Unity/Hub/Editor/6000.3.13f1/Editor/Data/Managed/UnityEngine/UnityEditor.QuickSearchModule.dll"
-r:"E:/Program Files/Unity/Hub/Editor/6000.3.13f1/Editor/Data/Managed/UnityEngine/UnityEditor.SafeModeModule.dll"
-r:"E:/Program Files/Unity/Hub/Editor/6000.3.13f1/Editor/Data/Managed/UnityEngine/UnityEditor.SceneTemplateModule.dll"
-r:"E:/Program Files/Unity/Hub/Editor/6000.3.13f1/Editor/Data/Managed/UnityEngine/UnityEditor.SceneViewModule.dll"
-r:"E:/Program Files/Unity/Hub/Editor/6000.3.13f1/Editor/Data/Managed/UnityEngine/UnityEditor.ShaderBuildSettingsModule.dll"
-r:"E:/Program Files/Unity/Hub/Editor/6000.3.13f1/Editor/Data/Managed/UnityEngine/UnityEditor.ShaderCompilationModule.dll"
-r:"E:/Program Files/Unity/Hub/Editor/6000.3.13f1/Editor/Data/Managed/UnityEngine/UnityEditor.ShaderFoundryModule.dll"
-r:"E:/Program Files/Unity/Hub/Editor/6000.3.13f1/Editor/Data/Managed/UnityEngine/UnityEditor.SketchUpModule.dll"
-r:"E:/Program Files/Unity/Hub/Editor/6000.3.13f1/Editor/Data/Managed/UnityEngine/UnityEditor.SpriteMaskModule.dll"
-r:"E:/Program Files/Unity/Hub/Editor/6000.3.13f1/Editor/Data/Managed/UnityEngine/UnityEditor.SpriteShapeModule.dll"
-r:"E:/Program Files/Unity/Hub/Editor/6000.3.13f1/Editor/Data/Managed/UnityEngine/UnityEditor.SubstanceModule.dll"
-r:"E:/Program Files/Unity/Hub/Editor/6000.3.13f1/Editor/Data/Managed/UnityEngine/UnityEditor.TerrainModule.dll"
-r:"E:/Program Files/Unity/Hub/Editor/6000.3.13f1/Editor/Data/Managed/UnityEngine/UnityEditor.TextCoreFontEngineModule.dll"
-r:"E:/Program Files/Unity/Hub/Editor/6000.3.13f1/Editor/Data/Managed/UnityEngine/UnityEditor.TextCoreTextEngineModule.dll"
-r:"E:/Program Files/Unity/Hub/Editor/6000.3.13f1/Editor/Data/Managed/UnityEngine/UnityEditor.TextRenderingModule.dll"
-r:"E:/Program Files/Unity/Hub/Editor/6000.3.13f1/Editor/Data/Managed/UnityEngine/UnityEditor.TilemapModule.dll"
-r:"E:/Program Files/Unity/Hub/Editor/6000.3.13f1/Editor/Data/Managed/UnityEngine/UnityEditor.TreeModule.dll"
-r:"E:/Program Files/Unity/Hub/Editor/6000.3.13f1/Editor/Data/Managed/UnityEngine/UnityEditor.UIAutomationModule.dll"
-r:"E:/Program Files/Unity/Hub/Editor/6000.3.13f1/Editor/Data/Managed/UnityEngine/UnityEditor.UIBuilderModule.dll"
-r:"E:/Program Files/Unity/Hub/Editor/6000.3.13f1/Editor/Data/Managed/UnityEngine/UnityEditor.UIElementsModule.dll"
-r:"E:/Program Files/Unity/Hub/Editor/6000.3.13f1/Editor/Data/Managed/UnityEngine/UnityEditor.UIElementsSamplesModule.dll"
-r:"E:/Program Files/Unity/Hub/Editor/6000.3.13f1/Editor/Data/Managed/UnityEngine/UnityEditor.UIToolkitAuthoringModule.dll"
-r:"E:/Program Files/Unity/Hub/Editor/6000.3.13f1/Editor/Data/Managed/UnityEngine/UnityEditor.UmbraModule.dll"
-r:"E:/Program Files/Unity/Hub/Editor/6000.3.13f1/Editor/Data/Managed/UnityEngine/UnityEditor.UnityConnectModule.dll"
-r:"E:/Program Files/Unity/Hub/Editor/6000.3.13f1/Editor/Data/Managed/UnityEngine/UnityEditor.VFXModule.dll"
-r:"E:/Program Files/Unity/Hub/Editor/6000.3.13f1/Editor/Data/Managed/UnityEngine/UnityEditor.VectorGraphicsModule.dll"
-r:"E:/Program Files/Unity/Hub/Editor/6000.3.13f1/Editor/Data/Managed/UnityEngine/UnityEditor.VideoModule.dll"
-r:"E:/Program Files/Unity/Hub/Editor/6000.3.13f1/Editor/Data/Managed/UnityEngine/UnityEditor.XRModule.dll"
-r:"E:/Program Files/Unity/Hub/Editor/6000.3.13f1/Editor/Data/Managed/UnityEngine/UnityEditor.dll"
-r:"E:/Program Files/Unity/Hub/Editor/6000.3.13f1/Editor/Data/Managed/UnityEngine/UnityEngine.AIModule.dll"
-r:"E:/Program Files/Unity/Hub/Editor/6000.3.13f1/Editor/Data/Managed/UnityEngine/UnityEngine.ARModule.dll"
-r:"E:/Program Files/Unity/Hub/Editor/6000.3.13f1/Editor/Data/Managed/UnityEngine/UnityEngine.AccessibilityModule.dll"
-r:"E:/Program Files/Unity/Hub/Editor/6000.3.13f1/Editor/Data/Managed/UnityEngine/UnityEngine.AdaptivePerformanceModule.dll"
-r:"E:/Program Files/Unity/Hub/Editor/6000.3.13f1/Editor/Data/Managed/UnityEngine/UnityEngine.AndroidJNIModule.dll"
-r:"E:/Program Files/Unity/Hub/Editor/6000.3.13f1/Editor/Data/Managed/UnityEngine/UnityEngine.AnimationModule.dll"
-r:"E:/Program Files/Unity/Hub/Editor/6000.3.13f1/Editor/Data/Managed/UnityEngine/UnityEngine.AssetBundleModule.dll"
-r:"E:/Program Files/Unity/Hub/Editor/6000.3.13f1/Editor/Data/Managed/UnityEngine/UnityEngine.AudioModule.dll"
-r:"E:/Program Files/Unity/Hub/Editor/6000.3.13f1/Editor/Data/Managed/UnityEngine/UnityEngine.ClothModule.dll"
-r:"E:/Program Files/Unity/Hub/Editor/6000.3.13f1/Editor/Data/Managed/UnityEngine/UnityEngine.ClusterInputModule.dll"
-r:"E:/Program Files/Unity/Hub/Editor/6000.3.13f1/Editor/Data/Managed/UnityEngine/UnityEngine.ClusterRendererModule.dll"
-r:"E:/Program Files/Unity/Hub/Editor/6000.3.13f1/Editor/Data/Managed/UnityEngine/UnityEngine.ContentLoadModule.dll"
-r:"E:/Program Files/Unity/Hub/Editor/6000.3.13f1/Editor/Data/Managed/UnityEngine/UnityEngine.CoreModule.dll"
-r:"E:/Program Files/Unity/Hub/Editor/6000.3.13f1/Editor/Data/Managed/UnityEngine/UnityEngine.CrashReportingModule.dll"
-r:"E:/Program Files/Unity/Hub/Editor/6000.3.13f1/Editor/Data/Managed/UnityEngine/UnityEngine.DSPGraphModule.dll"
-r:"E:/Program Files/Unity/Hub/Editor/6000.3.13f1/Editor/Data/Managed/UnityEngine/UnityEngine.DirectorModule.dll"
-r:"E:/Program Files/Unity/Hub/Editor/6000.3.13f1/Editor/Data/Managed/UnityEngine/UnityEngine.GIModule.dll"
-r:"E:/Program Files/Unity/Hub/Editor/6000.3.13f1/Editor/Data/Managed/UnityEngine/UnityEngine.GameCenterModule.dll"
-r:"E:/Program Files/Unity/Hub/Editor/6000.3.13f1/Editor/Data/Managed/UnityEngine/UnityEngine.GraphicsStateCollectionSerializerModule.dll"
-r:"E:/Program Files/Unity/Hub/Editor/6000.3.13f1/Editor/Data/Managed/UnityEngine/UnityEngine.GridModule.dll"
-r:"E:/Program Files/Unity/Hub/Editor/6000.3.13f1/Editor/Data/Managed/UnityEngine/UnityEngine.HierarchyCoreModule.dll"
-r:"E:/Program Files/Unity/Hub/Editor/6000.3.13f1/Editor/Data/Managed/UnityEngine/UnityEngine.HotReloadModule.dll"
-r:"E:/Program Files/Unity/Hub/Editor/6000.3.13f1/Editor/Data/Managed/UnityEngine/UnityEngine.IMGUIModule.dll"
-r:"E:/Program Files/Unity/Hub/Editor/6000.3.13f1/Editor/Data/Managed/UnityEngine/UnityEngine.IdentifiersModule.dll"
-r:"E:/Program Files/Unity/Hub/Editor/6000.3.13f1/Editor/Data/Managed/UnityEngine/UnityEngine.ImageConversionModule.dll"
-r:"E:/Program Files/Unity/Hub/Editor/6000.3.13f1/Editor/Data/Managed/UnityEngine/UnityEngine.InputForUIModule.dll"
-r:"E:/Program Files/Unity/Hub/Editor/6000.3.13f1/Editor/Data/Managed/UnityEngine/UnityEngine.InputLegacyModule.dll"
-r:"E:/Program Files/Unity/Hub/Editor/6000.3.13f1/Editor/Data/Managed/UnityEngine/UnityEngine.InputModule.dll"
-r:"E:/Program Files/Unity/Hub/Editor/6000.3.13f1/Editor/Data/Managed/UnityEngine/UnityEngine.InsightsModule.dll"
-r:"E:/Program Files/Unity/Hub/Editor/6000.3.13f1/Editor/Data/Managed/UnityEngine/UnityEngine.JSONSerializeModule.dll"
-r:"E:/Program Files/Unity/Hub/Editor/6000.3.13f1/Editor/Data/Managed/UnityEngine/UnityEngine.LocalizationModule.dll"
-r:"E:/Program Files/Unity/Hub/Editor/6000.3.13f1/Editor/Data/Managed/UnityEngine/UnityEngine.MarshallingModule.dll"
-r:"E:/Program Files/Unity/Hub/Editor/6000.3.13f1/Editor/Data/Managed/UnityEngine/UnityEngine.MultiplayerModule.dll"
-r:"E:/Program Files/Unity/Hub/Editor/6000.3.13f1/Editor/Data/Managed/UnityEngine/UnityEngine.ParticleSystemModule.dll"
-r:"E:/Program Files/Unity/Hub/Editor/6000.3.13f1/Editor/Data/Managed/UnityEngine/UnityEngine.PerformanceReportingModule.dll"
-r:"E:/Program Files/Unity/Hub/Editor/6000.3.13f1/Editor/Data/Managed/UnityEngine/UnityEngine.Physics2DModule.dll"
-r:"E:/Program Files/Unity/Hub/Editor/6000.3.13f1/Editor/Data/Managed/UnityEngine/UnityEngine.PhysicsBackendPhysXModule.dll"
-r:"E:/Program Files/Unity/Hub/Editor/6000.3.13f1/Editor/Data/Managed/UnityEngine/UnityEngine.PhysicsModule.dll"
-r:"E:/Program Files/Unity/Hub/Editor/6000.3.13f1/Editor/Data/Managed/UnityEngine/UnityEngine.PropertiesModule.dll"
-r:"E:/Program Files/Unity/Hub/Editor/6000.3.13f1/Editor/Data/Managed/UnityEngine/UnityEngine.RenderAs2DModule.dll"
-r:"E:/Program Files/Unity/Hub/Editor/6000.3.13f1/Editor/Data/Managed/UnityEngine/UnityEngine.RuntimeInitializeOnLoadManagerInitializerModule.dll"
-r:"E:/Program Files/Unity/Hub/Editor/6000.3.13f1/Editor/Data/Managed/UnityEngine/UnityEngine.ScreenCaptureModule.dll"
-r:"E:/Program Files/Unity/Hub/Editor/6000.3.13f1/Editor/Data/Managed/UnityEngine/UnityEngine.ShaderRuntimeModule.dll"
-r:"E:/Program Files/Unity/Hub/Editor/6000.3.13f1/Editor/Data/Managed/UnityEngine/UnityEngine.ShaderVariantAnalyticsModule.dll"
-r:"E:/Program Files/Unity/Hub/Editor/6000.3.13f1/Editor/Data/Managed/UnityEngine/UnityEngine.SharedInternalsModule.dll"
-r:"E:/Program Files/Unity/Hub/Editor/6000.3.13f1/Editor/Data/Managed/UnityEngine/UnityEngine.SpriteMaskModule.dll"
-r:"E:/Program Files/Unity/Hub/Editor/6000.3.13f1/Editor/Data/Managed/UnityEngine/UnityEngine.SpriteShapeModule.dll"
-r:"E:/Program Files/Unity/Hub/Editor/6000.3.13f1/Editor/Data/Managed/UnityEngine/UnityEngine.StreamingModule.dll"
-r:"E:/Program Files/Unity/Hub/Editor/6000.3.13f1/Editor/Data/Managed/UnityEngine/UnityEngine.SubstanceModule.dll"
-r:"E:/Program Files/Unity/Hub/Editor/6000.3.13f1/Editor/Data/Managed/UnityEngine/UnityEngine.SubsystemsModule.dll"
-r:"E:/Program Files/Unity/Hub/Editor/6000.3.13f1/Editor/Data/Managed/UnityEngine/UnityEngine.TLSModule.dll"
-r:"E:/Program Files/Unity/Hub/Editor/6000.3.13f1/Editor/Data/Managed/UnityEngine/UnityEngine.TerrainModule.dll"
-r:"E:/Program Files/Unity/Hub/Editor/6000.3.13f1/Editor/Data/Managed/UnityEngine/UnityEngine.TerrainPhysicsModule.dll"
-r:"E:/Program Files/Unity/Hub/Editor/6000.3.13f1/Editor/Data/Managed/UnityEngine/UnityEngine.TextCoreFontEngineModule.dll"
-r:"E:/Program Files/Unity/Hub/Editor/6000.3.13f1/Editor/Data/Managed/UnityEngine/UnityEngine.TextCoreTextEngineModule.dll"
-r:"E:/Program Files/Unity/Hub/Editor/6000.3.13f1/Editor/Data/Managed/UnityEngine/UnityEngine.TextRenderingModule.dll"
-r:"E:/Program Files/Unity/Hub/Editor/6000.3.13f1/Editor/Data/Managed/UnityEngine/UnityEngine.TilemapModule.dll"
-r:"E:/Program Files/Unity/Hub/Editor/6000.3.13f1/Editor/Data/Managed/UnityEngine/UnityEngine.UIElementsModule.dll"
-r:"E:/Program Files/Unity/Hub/Editor/6000.3.13f1/Editor/Data/Managed/UnityEngine/UnityEngine.UIModule.dll"
-r:"E:/Program Files/Unity/Hub/Editor/6000.3.13f1/Editor/Data/Managed/UnityEngine/UnityEngine.UmbraModule.dll"
-r:"E:/Program Files/Unity/Hub/Editor/6000.3.13f1/Editor/Data/Managed/UnityEngine/UnityEngine.UnityAnalyticsCommonModule.dll"
-r:"E:/Program Files/Unity/Hub/Editor/6000.3.13f1/Editor/Data/Managed/UnityEngine/UnityEngine.UnityAnalyticsModule.dll"
-r:"E:/Program Files/Unity/Hub/Editor/6000.3.13f1/Editor/Data/Managed/UnityEngine/UnityEngine.UnityConnectModule.dll"
-r:"E:/Program Files/Unity/Hub/Editor/6000.3.13f1/Editor/Data/Managed/UnityEngine/UnityEngine.UnityConsentModule.dll"
-r:"E:/Program Files/Unity/Hub/Editor/6000.3.13f1/Editor/Data/Managed/UnityEngine/UnityEngine.UnityCurlModule.dll"
-r:"E:/Program Files/Unity/Hub/Editor/6000.3.13f1/Editor/Data/Managed/UnityEngine/UnityEngine.UnityWebRequestAssetBundleModule.dll"
-r:"E:/Program Files/Unity/Hub/Editor/6000.3.13f1/Editor/Data/Managed/UnityEngine/UnityEngine.UnityWebRequestAudioModule.dll"
-r:"E:/Program Files/Unity/Hub/Editor/6000.3.13f1/Editor/Data/Managed/UnityEngine/UnityEngine.UnityWebRequestModule.dll"
-r:"E:/Program Files/Unity/Hub/Editor/6000.3.13f1/Editor/Data/Managed/UnityEngine/UnityEngine.UnityWebRequestTextureModule.dll"
-r:"E:/Program Files/Unity/Hub/Editor/6000.3.13f1/Editor/Data/Managed/UnityEngine/UnityEngine.UnityWebRequestWWWModule.dll"
-r:"E:/Program Files/Unity/Hub/Editor/6000.3.13f1/Editor/Data/Managed/UnityEngine/UnityEngine.VFXModule.dll"
-r:"E:/Program Files/Unity/Hub/Editor/6000.3.13f1/Editor/Data/Managed/UnityEngine/UnityEngine.VRModule.dll"
-r:"E:/Program Files/Unity/Hub/Editor/6000.3.13f1/Editor/Data/Managed/UnityEngine/UnityEngine.VectorGraphicsModule.dll"
-r:"E:/Program Files/Unity/Hub/Editor/6000.3.13f1/Editor/Data/Managed/UnityEngine/UnityEngine.VehiclesModule.dll"
-r:"E:/Program Files/Unity/Hub/Editor/6000.3.13f1/Editor/Data/Managed/UnityEngine/UnityEngine.VideoModule.dll"
-r:"E:/Program Files/Unity/Hub/Editor/6000.3.13f1/Editor/Data/Managed/UnityEngine/UnityEngine.VirtualTexturingModule.dll"
-r:"E:/Program Files/Unity/Hub/Editor/6000.3.13f1/Editor/Data/Managed/UnityEngine/UnityEngine.WindModule.dll"
-r:"E:/Program Files/Unity/Hub/Editor/6000.3.13f1/Editor/Data/Managed/UnityEngine/UnityEngine.XRModule.dll"
-r:"E:/Program Files/Unity/Hub/Editor/6000.3.13f1/Editor/Data/Managed/UnityEngine/UnityEngine.dll"
-r:"E:/Program Files/Unity/Hub/Editor/6000.3.13f1/Editor/Data/NetStandard/Extensions/2.0.0/System.Runtime.InteropServices.WindowsRuntime.dll"
-r:"E:/Program Files/Unity/Hub/Editor/6000.3.13f1/Editor/Data/NetStandard/compat/2.1.0/shims/netfx/System.ComponentModel.Composition.dll"
-r:"E:/Program Files/Unity/Hub/Editor/6000.3.13f1/Editor/Data/NetStandard/compat/2.1.0/shims/netfx/System.Core.dll"
-r:"E:/Program Files/Unity/Hub/Editor/6000.3.13f1/Editor/Data/NetStandard/compat/2.1.0/shims/netfx/System.Data.dll"
-r:"E:/Program Files/Unity/Hub/Editor/6000.3.13f1/Editor/Data/NetStandard/compat/2.1.0/shims/netfx/System.Drawing.dll"
-r:"E:/Program Files/Unity/Hub/Editor/6000.3.13f1/Editor/Data/NetStandard/compat/2.1.0/shims/netfx/System.IO.Compression.FileSystem.dll"
-r:"E:/Program Files/Unity/Hub/Editor/6000.3.13f1/Editor/Data/NetStandard/compat/2.1.0/shims/netfx/System.Net.dll"
-r:"E:/Program Files/Unity/Hub/Editor/6000.3.13f1/Editor/Data/NetStandard/compat/2.1.0/shims/netfx/System.Numerics.dll"
-r:"E:/Program Files/Unity/Hub/Editor/6000.3.13f1/Editor/Data/NetStandard/compat/2.1.0/shims/netfx/System.Runtime.Serialization.dll"
-r:"E:/Program Files/Unity/Hub/Editor/6000.3.13f1/Editor/Data/NetStandard/compat/2.1.0/shims/netfx/System.ServiceModel.Web.dll"
-r:"E:/Program Files/Unity/Hub/Editor/6000.3.13f1/Editor/Data/NetStandard/compat/2.1.0/shims/netfx/System.Transactions.dll"
-r:"E:/Program Files/Unity/Hub/Editor/6000.3.13f1/Editor/Data/NetStandard/compat/2.1.0/shims/netfx/System.Web.dll"
-r:"E:/Program Files/Unity/Hub/Editor/6000.3.13f1/Editor/Data/NetStandard/compat/2.1.0/shims/netfx/System.Windows.dll"
-r:"E:/Program Files/Unity/Hub/Editor/6000.3.13f1/Editor/Data/NetStandard/compat/2.1.0/shims/netfx/System.Xml.Linq.dll"
-r:"E:/Program Files/Unity/Hub/Editor/6000.3.13f1/Editor/Data/NetStandard/compat/2.1.0/shims/netfx/System.Xml.Serialization.dll"
-r:"E:/Program Files/Unity/Hub/Editor/6000.3.13f1/Editor/Data/NetStandard/compat/2.1.0/shims/netfx/System.Xml.dll"
-r:"E:/Program Files/Unity/Hub/Editor/6000.3.13f1/Editor/Data/NetStandard/compat/2.1.0/shims/netfx/System.dll"
-r:"E:/Program Files/Unity/Hub/Editor/6000.3.13f1/Editor/Data/NetStandard/compat/2.1.0/shims/netfx/mscorlib.dll"
-r:"E:/Program Files/Unity/Hub/Editor/6000.3.13f1/Editor/Data/NetStandard/compat/2.1.0/shims/netstandard/Microsoft.Win32.Primitives.dll"
-r:"E:/Program Files/Unity/Hub/Editor/6000.3.13f1/Editor/Data/NetStandard/compat/2.1.0/shims/netstandard/System.AppContext.dll"
-r:"E:/Program Files/Unity/Hub/Editor/6000.3.13f1/Editor/Data/NetStandard/compat/2.1.0/shims/netstandard/System.Buffers.dll"
-r:"E:/Program Files/Unity/Hub/Editor/6000.3.13f1/Editor/Data/NetStandard/compat/2.1.0/shims/netstandard/System.Collections.Concurrent.dll"
-r:"E:/Program Files/Unity/Hub/Editor/6000.3.13f1/Editor/Data/NetStandard/compat/2.1.0/shims/netstandard/System.Collections.NonGeneric.dll"
-r:"E:/Program Files/Unity/Hub/Editor/6000.3.13f1/Editor/Data/NetStandard/compat/2.1.0/shims/netstandard/System.Collections.Specialized.dll"
-r:"E:/Program Files/Unity/Hub/Editor/6000.3.13f1/Editor/Data/NetStandard/compat/2.1.0/shims/netstandard/System.Collections.dll"
-r:"E:/Program Files/Unity/Hub/Editor/6000.3.13f1/Editor/Data/NetStandard/compat/2.1.0/shims/netstandard/System.ComponentModel.EventBasedAsync.dll"
-r:"E:/Program Files/Unity/Hub/Editor/6000.3.13f1/Editor/Data/NetStandard/compat/2.1.0/shims/netstandard/System.ComponentModel.Primitives.dll"
-r:"E:/Program Files/Unity/Hub/Editor/6000.3.13f1/Editor/Data/NetStandard/compat/2.1.0/shims/netstandard/System.ComponentModel.TypeConverter.dll"
-r:"E:/Program Files/Unity/Hub/Editor/6000.3.13f1/Editor/Data/NetStandard/compat/2.1.0/shims/netstandard/System.ComponentModel.dll"
-r:"E:/Program Files/Unity/Hub/Editor/6000.3.13f1/Editor/Data/NetStandard/compat/2.1.0/shims/netstandard/System.Console.dll"
-r:"E:/Program Files/Unity/Hub/Editor/6000.3.13f1/Editor/Data/NetStandard/compat/2.1.0/shims/netstandard/System.Data.Common.dll"
-r:"E:/Program Files/Unity/Hub/Editor/6000.3.13f1/Editor/Data/NetStandard/compat/2.1.0/shims/netstandard/System.Diagnostics.Contracts.dll"
-r:"E:/Program Files/Unity/Hub/Editor/6000.3.13f1/Editor/Data/NetStandard/compat/2.1.0/shims/netstandard/System.Diagnostics.Debug.dll"
-r:"E:/Program Files/Unity/Hub/Editor/6000.3.13f1/Editor/Data/NetStandard/compat/2.1.0/shims/netstandard/System.Diagnostics.FileVersionInfo.dll"
-r:"E:/Program Files/Unity/Hub/Editor/6000.3.13f1/Editor/Data/NetStandard/compat/2.1.0/shims/netstandard/System.Diagnostics.Process.dll"
-r:"E:/Program Files/Unity/Hub/Editor/6000.3.13f1/Editor/Data/NetStandard/compat/2.1.0/shims/netstandard/System.Diagnostics.StackTrace.dll"
-r:"E:/Program Files/Unity/Hub/Editor/6000.3.13f1/Editor/Data/NetStandard/compat/2.1.0/shims/netstandard/System.Diagnostics.TextWriterTraceListener.dll"
-r:"E:/Program Files/Unity/Hub/Editor/6000.3.13f1/Editor/Data/NetStandard/compat/2.1.0/shims/netstandard/System.Diagnostics.Tools.dll"
-r:"E:/Program Files/Unity/Hub/Editor/6000.3.13f1/Editor/Data/NetStandard/compat/2.1.0/shims/netstandard/System.Diagnostics.TraceSource.dll"
-r:"E:/Program Files/Unity/Hub/Editor/6000.3.13f1/Editor/Data/NetStandard/compat/2.1.0/shims/netstandard/System.Diagnostics.Tracing.dll"
-r:"E:/Program Files/Unity/Hub/Editor/6000.3.13f1/Editor/Data/NetStandard/compat/2.1.0/shims/netstandard/System.Drawing.Primitives.dll"
-r:"E:/Program Files/Unity/Hub/Editor/6000.3.13f1/Editor/Data/NetStandard/compat/2.1.0/shims/netstandard/System.Dynamic.Runtime.dll"
-r:"E:/Program Files/Unity/Hub/Editor/6000.3.13f1/Editor/Data/NetStandard/compat/2.1.0/shims/netstandard/System.Globalization.Calendars.dll"
-r:"E:/Program Files/Unity/Hub/Editor/6000.3.13f1/Editor/Data/NetStandard/compat/2.1.0/shims/netstandard/System.Globalization.Extensions.dll"
-r:"E:/Program Files/Unity/Hub/Editor/6000.3.13f1/Editor/Data/NetStandard/compat/2.1.0/shims/netstandard/System.Globalization.dll"
-r:"E:/Program Files/Unity/Hub/Editor/6000.3.13f1/Editor/Data/NetStandard/compat/2.1.0/shims/netstandard/System.IO.Compression.ZipFile.dll"
-r:"E:/Program Files/Unity/Hub/Editor/6000.3.13f1/Editor/Data/NetStandard/compat/2.1.0/shims/netstandard/System.IO.Compression.dll"
-r:"E:/Program Files/Unity/Hub/Editor/6000.3.13f1/Editor/Data/NetStandard/compat/2.1.0/shims/netstandard/System.IO.FileSystem.DriveInfo.dll"
-r:"E:/Program Files/Unity/Hub/Editor/6000.3.13f1/Editor/Data/NetStandard/compat/2.1.0/shims/netstandard/System.IO.FileSystem.Primitives.dll"
-r:"E:/Program Files/Unity/Hub/Editor/6000.3.13f1/Editor/Data/NetStandard/compat/2.1.0/shims/netstandard/System.IO.FileSystem.Watcher.dll"
-r:"E:/Program Files/Unity/Hub/Editor/6000.3.13f1/Editor/Data/NetStandard/compat/2.1.0/shims/netstandard/System.IO.FileSystem.dll"
-r:"E:/Program Files/Unity/Hub/Editor/6000.3.13f1/Editor/Data/NetStandard/compat/2.1.0/shims/netstandard/System.IO.IsolatedStorage.dll"
-r:"E:/Program Files/Unity/Hub/Editor/6000.3.13f1/Editor/Data/NetStandard/compat/2.1.0/shims/netstandard/System.IO.MemoryMappedFiles.dll"
-r:"E:/Program Files/Unity/Hub/Editor/6000.3.13f1/Editor/Data/NetStandard/compat/2.1.0/shims/netstandard/System.IO.Pipes.dll"
-r:"E:/Program Files/Unity/Hub/Editor/6000.3.13f1/Editor/Data/NetStandard/compat/2.1.0/shims/netstandard/System.IO.UnmanagedMemoryStream.dll"
-r:"E:/Program Files/Unity/Hub/Editor/6000.3.13f1/Editor/Data/NetStandard/compat/2.1.0/shims/netstandard/System.IO.dll"
-r:"E:/Program Files/Unity/Hub/Editor/6000.3.13f1/Editor/Data/NetStandard/compat/2.1.0/shims/netstandard/System.Linq.Expressions.dll"
-r:"E:/Program Files/Unity/Hub/Editor/6000.3.13f1/Editor/Data/NetStandard/compat/2.1.0/shims/netstandard/System.Linq.Parallel.dll"
-r:"E:/Program Files/Unity/Hub/Editor/6000.3.13f1/Editor/Data/NetStandard/compat/2.1.0/shims/netstandard/System.Linq.Queryable.dll"
-r:"E:/Program Files/Unity/Hub/Editor/6000.3.13f1/Editor/Data/NetStandard/compat/2.1.0/shims/netstandard/System.Linq.dll"
-r:"E:/Program Files/Unity/Hub/Editor/6000.3.13f1/Editor/Data/NetStandard/compat/2.1.0/shims/netstandard/System.Memory.dll"
-r:"E:/Program Files/Unity/Hub/Editor/6000.3.13f1/Editor/Data/NetStandard/compat/2.1.0/shims/netstandard/System.Net.Http.dll"
-r:"E:/Program Files/Unity/Hub/Editor/6000.3.13f1/Editor/Data/NetStandard/compat/2.1.0/shims/netstandard/System.Net.NameResolution.dll"
-r:"E:/Program Files/Unity/Hub/Editor/6000.3.13f1/Editor/Data/NetStandard/compat/2.1.0/shims/netstandard/System.Net.NetworkInformation.dll"
-r:"E:/Program Files/Unity/Hub/Editor/6000.3.13f1/Editor/Data/NetStandard/compat/2.1.0/shims/netstandard/System.Net.Ping.dll"
-r:"E:/Program Files/Unity/Hub/Editor/6000.3.13f1/Editor/Data/NetStandard/compat/2.1.0/shims/netstandard/System.Net.Primitives.dll"
-r:"E:/Program Files/Unity/Hub/Editor/6000.3.13f1/Editor/Data/NetStandard/compat/2.1.0/shims/netstandard/System.Net.Requests.dll"
-r:"E:/Program Files/Unity/Hub/Editor/6000.3.13f1/Editor/Data/NetStandard/compat/2.1.0/shims/netstandard/System.Net.Security.dll"
-r:"E:/Program Files/Unity/Hub/Editor/6000.3.13f1/Editor/Data/NetStandard/compat/2.1.0/shims/netstandard/System.Net.Sockets.dll"
-r:"E:/Program Files/Unity/Hub/Editor/6000.3.13f1/Editor/Data/NetStandard/compat/2.1.0/shims/netstandard/System.Net.WebHeaderCollection.dll"
-r:"E:/Program Files/Unity/Hub/Editor/6000.3.13f1/Editor/Data/NetStandard/compat/2.1.0/shims/netstandard/System.Net.WebSockets.Client.dll"
-r:"E:/Program Files/Unity/Hub/Editor/6000.3.13f1/Editor/Data/NetStandard/compat/2.1.0/shims/netstandard/System.Net.WebSockets.dll"
-r:"E:/Program Files/Unity/Hub/Editor/6000.3.13f1/Editor/Data/NetStandard/compat/2.1.0/shims/netstandard/System.Numerics.Vectors.dll"
-r:"E:/Program Files/Unity/Hub/Editor/6000.3.13f1/Editor/Data/NetStandard/compat/2.1.0/shims/netstandard/System.ObjectModel.dll"
-r:"E:/Program Files/Unity/Hub/Editor/6000.3.13f1/Editor/Data/NetStandard/compat/2.1.0/shims/netstandard/System.Reflection.DispatchProxy.dll"
-r:"E:/Program Files/Unity/Hub/Editor/6000.3.13f1/Editor/Data/NetStandard/compat/2.1.0/shims/netstandard/System.Reflection.Emit.ILGeneration.dll"
-r:"E:/Program Files/Unity/Hub/Editor/6000.3.13f1/Editor/Data/NetStandard/compat/2.1.0/shims/netstandard/System.Reflection.Emit.Lightweight.dll"
-r:"E:/Program Files/Unity/Hub/Editor/6000.3.13f1/Editor/Data/NetStandard/compat/2.1.0/shims/netstandard/System.Reflection.Emit.dll"
-r:"E:/Program Files/Unity/Hub/Editor/6000.3.13f1/Editor/Data/NetStandard/compat/2.1.0/shims/netstandard/System.Reflection.Extensions.dll"
-r:"E:/Program Files/Unity/Hub/Editor/6000.3.13f1/Editor/Data/NetStandard/compat/2.1.0/shims/netstandard/System.Reflection.Primitives.dll"
-r:"E:/Program Files/Unity/Hub/Editor/6000.3.13f1/Editor/Data/NetStandard/compat/2.1.0/shims/netstandard/System.Reflection.dll"
-r:"E:/Program Files/Unity/Hub/Editor/6000.3.13f1/Editor/Data/NetStandard/compat/2.1.0/shims/netstandard/System.Resources.Reader.dll"
-r:"E:/Program Files/Unity/Hub/Editor/6000.3.13f1/Editor/Data/NetStandard/compat/2.1.0/shims/netstandard/System.Resources.ResourceManager.dll"
-r:"E:/Program Files/Unity/Hub/Editor/6000.3.13f1/Editor/Data/NetStandard/compat/2.1.0/shims/netstandard/System.Resources.Writer.dll"
-r:"E:/Program Files/Unity/Hub/Editor/6000.3.13f1/Editor/Data/NetStandard/compat/2.1.0/shims/netstandard/System.Runtime.CompilerServices.VisualC.dll"
-r:"E:/Program Files/Unity/Hub/Editor/6000.3.13f1/Editor/Data/NetStandard/compat/2.1.0/shims/netstandard/System.Runtime.Extensions.dll"
-r:"E:/Program Files/Unity/Hub/Editor/6000.3.13f1/Editor/Data/NetStandard/compat/2.1.0/shims/netstandard/System.Runtime.Handles.dll"
-r:"E:/Program Files/Unity/Hub/Editor/6000.3.13f1/Editor/Data/NetStandard/compat/2.1.0/shims/netstandard/System.Runtime.InteropServices.RuntimeInformation.dll"
-r:"E:/Program Files/Unity/Hub/Editor/6000.3.13f1/Editor/Data/NetStandard/compat/2.1.0/shims/netstandard/System.Runtime.InteropServices.dll"
-r:"E:/Program Files/Unity/Hub/Editor/6000.3.13f1/Editor/Data/NetStandard/compat/2.1.0/shims/netstandard/System.Runtime.Numerics.dll"
-r:"E:/Program Files/Unity/Hub/Editor/6000.3.13f1/Editor/Data/NetStandard/compat/2.1.0/shims/netstandard/System.Runtime.Serialization.Formatters.dll"
-r:"E:/Program Files/Unity/Hub/Editor/6000.3.13f1/Editor/Data/NetStandard/compat/2.1.0/shims/netstandard/System.Runtime.Serialization.Json.dll"
-r:"E:/Program Files/Unity/Hub/Editor/6000.3.13f1/Editor/Data/NetStandard/compat/2.1.0/shims/netstandard/System.Runtime.Serialization.Primitives.dll"
-r:"E:/Program Files/Unity/Hub/Editor/6000.3.13f1/Editor/Data/NetStandard/compat/2.1.0/shims/netstandard/System.Runtime.Serialization.Xml.dll"
-r:"E:/Program Files/Unity/Hub/Editor/6000.3.13f1/Editor/Data/NetStandard/compat/2.1.0/shims/netstandard/System.Runtime.dll"
-r:"E:/Program Files/Unity/Hub/Editor/6000.3.13f1/Editor/Data/NetStandard/compat/2.1.0/shims/netstandard/System.Security.Claims.dll"
-r:"E:/Program Files/Unity/Hub/Editor/6000.3.13f1/Editor/Data/NetStandard/compat/2.1.0/shims/netstandard/System.Security.Cryptography.Algorithms.dll"
-r:"E:/Program Files/Unity/Hub/Editor/6000.3.13f1/Editor/Data/NetStandard/compat/2.1.0/shims/netstandard/System.Security.Cryptography.Csp.dll"
-r:"E:/Program Files/Unity/Hub/Editor/6000.3.13f1/Editor/Data/NetStandard/compat/2.1.0/shims/netstandard/System.Security.Cryptography.Encoding.dll"
-r:"E:/Program Files/Unity/Hub/Editor/6000.3.13f1/Editor/Data/NetStandard/compat/2.1.0/shims/netstandard/System.Security.Cryptography.Primitives.dll"
-r:"E:/Program Files/Unity/Hub/Editor/6000.3.13f1/Editor/Data/NetStandard/compat/2.1.0/shims/netstandard/System.Security.Cryptography.X509Certificates.dll"
-r:"E:/Program Files/Unity/Hub/Editor/6000.3.13f1/Editor/Data/NetStandard/compat/2.1.0/shims/netstandard/System.Security.Principal.dll"
-r:"E:/Program Files/Unity/Hub/Editor/6000.3.13f1/Editor/Data/NetStandard/compat/2.1.0/shims/netstandard/System.Security.SecureString.dll"
-r:"E:/Program Files/Unity/Hub/Editor/6000.3.13f1/Editor/Data/NetStandard/compat/2.1.0/shims/netstandard/System.Text.Encoding.Extensions.dll"
-r:"E:/Program Files/Unity/Hub/Editor/6000.3.13f1/Editor/Data/NetStandard/compat/2.1.0/shims/netstandard/System.Text.Encoding.dll"
-r:"E:/Program Files/Unity/Hub/Editor/6000.3.13f1/Editor/Data/NetStandard/compat/2.1.0/shims/netstandard/System.Text.RegularExpressions.dll"
-r:"E:/Program Files/Unity/Hub/Editor/6000.3.13f1/Editor/Data/NetStandard/compat/2.1.0/shims/netstandard/System.Threading.Overlapped.dll"
-r:"E:/Program Files/Unity/Hub/Editor/6000.3.13f1/Editor/Data/NetStandard/compat/2.1.0/shims/netstandard/System.Threading.Tasks.Extensions.dll"
-r:"E:/Program Files/Unity/Hub/Editor/6000.3.13f1/Editor/Data/NetStandard/compat/2.1.0/shims/netstandard/System.Threading.Tasks.Parallel.dll"
-r:"E:/Program Files/Unity/Hub/Editor/6000.3.13f1/Editor/Data/NetStandard/compat/2.1.0/shims/netstandard/System.Threading.Tasks.dll"
-r:"E:/Program Files/Unity/Hub/Editor/6000.3.13f1/Editor/Data/NetStandard/compat/2.1.0/shims/netstandard/System.Threading.Thread.dll"
-r:"E:/Program Files/Unity/Hub/Editor/6000.3.13f1/Editor/Data/NetStandard/compat/2.1.0/shims/netstandard/System.Threading.ThreadPool.dll"
-r:"E:/Program Files/Unity/Hub/Editor/6000.3.13f1/Editor/Data/NetStandard/compat/2.1.0/shims/netstandard/System.Threading.Timer.dll"
-r:"E:/Program Files/Unity/Hub/Editor/6000.3.13f1/Editor/Data/NetStandard/compat/2.1.0/shims/netstandard/System.Threading.dll"
-r:"E:/Program Files/Unity/Hub/Editor/6000.3.13f1/Editor/Data/NetStandard/compat/2.1.0/shims/netstandard/System.ValueTuple.dll"
-r:"E:/Program Files/Unity/Hub/Editor/6000.3.13f1/Editor/Data/NetStandard/compat/2.1.0/shims/netstandard/System.Xml.ReaderWriter.dll"
-r:"E:/Program Files/Unity/Hub/Editor/6000.3.13f1/Editor/Data/NetStandard/compat/2.1.0/shims/netstandard/System.Xml.XDocument.dll"
-r:"E:/Program Files/Unity/Hub/Editor/6000.3.13f1/Editor/Data/NetStandard/compat/2.1.0/shims/netstandard/System.Xml.XPath.XDocument.dll"
-r:"E:/Program Files/Unity/Hub/Editor/6000.3.13f1/Editor/Data/NetStandard/compat/2.1.0/shims/netstandard/System.Xml.XPath.dll"
-r:"E:/Program Files/Unity/Hub/Editor/6000.3.13f1/Editor/Data/NetStandard/compat/2.1.0/shims/netstandard/System.Xml.XmlDocument.dll"
-r:"E:/Program Files/Unity/Hub/Editor/6000.3.13f1/Editor/Data/NetStandard/compat/2.1.0/shims/netstandard/System.Xml.XmlSerializer.dll"
-r:"E:/Program Files/Unity/Hub/Editor/6000.3.13f1/Editor/Data/NetStandard/ref/2.1.0/netstandard.dll"
-r:"E:/Program Files/Unity/Hub/Editor/6000.3.13f1/Editor/Data/PlaybackEngines/MetroSupport/UnityEditor.UWP.Extensions.dll"
-r:"E:/Program Files/Unity/Hub/Editor/6000.3.13f1/Editor/Data/PlaybackEngines/WindowsStandaloneSupport/UnityEditor.WindowsStandalone.Extensions.dll"
-r:"Library/PackageCache/com.unity.collections@12999e356c23/Unity.Collections.LowLevel.ILSupport/Unity.Collections.LowLevel.ILSupport.dll"
-r:"Library/PackageCache/com.unity.collections@12999e356c23/Unity.Collections.Tests/System.IO.Hashing/System.IO.Hashing.dll"
-r:"Library/PackageCache/com.unity.ext.nunit@d8c07649098d/net40/unity-custom/nunit.framework.dll"
-r:"Library/PackageCache/com.unity.nuget.mono-cecil@ecb9724e46ff/Mono.Cecil.dll"
-r:"Library/PackageCache/com.unity.nuget.newtonsoft-json@74deb55db2a0/Runtime/Newtonsoft.Json.dll"
-r:"Packages/com.unity.ai.assistant/Modules/Unity.AI.Toolkit.Sdk/Editor/AiEditorToolsSdk.dll"
-r:"Library/Bee/artifacts/1900b0aE.dag/EmberCrpg.Data.ref.dll"
-r:"Library/Bee/artifacts/1900b0aE.dag/EmberCrpg.Data.SliceJson.ref.dll"
-r:"Library/Bee/artifacts/1900b0aE.dag/EmberCrpg.Domain.ref.dll"
-r:"Library/Bee/artifacts/1900b0aE.dag/EmberCrpg.Infrastructure.ref.dll"
-r:"Library/Bee/artifacts/1900b0aE.dag/EmberCrpg.Simulation.ref.dll"
-r:"Library/Bee/artifacts/1900b0aE.dag/EmberCrpg.Ui.Backends.UiToolkit.ref.dll"
-r:"Library/Bee/artifacts/1900b0aE.dag/EmberCrpg.Ui.Foundation.ref.dll"
-r:"Library/Bee/artifacts/1900b0aE.dag/Unity.Cinemachine.ref.dll"
-r:"Library/Bee/artifacts/1900b0aE.dag/Unity.InputSystem.ref.dll"
-r:"Library/Bee/artifacts/1900b0aE.dag/Unity.RenderPipelines.Core.Runtime.ref.dll"
-r:"Library/Bee/artifacts/1900b0aE.dag/Unity.RenderPipelines.Universal.Runtime.ref.dll"
-r:"Library/Bee/artifacts/1900b0aE.dag/Unity.TextMeshPro.ref.dll"
-r:"Library/Bee/artifacts/1900b0aE.dag/UnityEditor.UI.ref.dll"
-r:"Library/Bee/artifacts/1900b0aE.dag/UnityEngine.UI.ref.dll"
-analyzer:"E:/Program Files/Unity/Hub/Editor/6000.3.13f1/Editor/Data/Tools/BuildPipeline/Unity.SourceGenerators/Unity.Properties.SourceGenerator.dll"
-analyzer:"E:/Program Files/Unity/Hub/Editor/6000.3.13f1/Editor/Data/Tools/BuildPipeline/Unity.SourceGenerators/Unity.SourceGenerators.dll"
-analyzer:"E:/Program Files/Unity/Hub/Editor/6000.3.13f1/Editor/Data/Tools/BuildPipeline/Unity.SourceGenerators/Unity.UIToolkit.SourceGenerator.dll"
"Assets/Scripts/Presentation/Combat/CombatAnimatorDriver.cs"
"Assets/Scripts/Presentation/Combat/CombatGreyboxGroundMarker.cs"
"Assets/Scripts/Presentation/Combat/CombatInputAdapter.cs"
"Assets/Scripts/Presentation/Combat/CombatPlaygroundBootstrap.cs"
"Assets/Scripts/Presentation/Combat/CombatPlaygroundCameraRig.cs"
"Assets/Scripts/Presentation/Combat/CombatPlaygroundController.cs"
"Assets/Scripts/Presentation/Combat/CombatPlaygroundMarker.cs"
"Assets/Scripts/Presentation/Combat/CombatUnityConversions.cs"
"Assets/Scripts/Presentation/Ember/Adapters/ActionVerbTable.cs"
"Assets/Scripts/Presentation/Ember/Adapters/CharacterCreationViewModel.cs"
"Assets/Scripts/Presentation/Ember/Adapters/DomainSimulationAdapter.Clock.cs"
"Assets/Scripts/Presentation/Ember/Adapters/DomainSimulationAdapter.Combat.Helpers.cs"
"Assets/Scripts/Presentation/Ember/Adapters/DomainSimulationAdapter.Combat.Interaction.cs"
"Assets/Scripts/Presentation/Ember/Adapters/DomainSimulationAdapter.Combat.Melee.cs"
"Assets/Scripts/Presentation/Ember/Adapters/DomainSimulationAdapter.Combat.Spells.cs"
"Assets/Scripts/Presentation/Ember/Adapters/DomainSimulationAdapter.Combat.cs"
"Assets/Scripts/Presentation/Ember/Adapters/DomainSimulationAdapter.CombatScreen.cs"
"Assets/Scripts/Presentation/Ember/Adapters/DomainSimulationAdapter.Crafting.cs"
"Assets/Scripts/Presentation/Ember/Adapters/DomainSimulationAdapter.Dialog.Binding.cs"
"Assets/Scripts/Presentation/Ember/Adapters/DomainSimulationAdapter.Dialog.Greetings.cs"
"Assets/Scripts/Presentation/Ember/Adapters/DomainSimulationAdapter.Dialog.Source.cs"
"Assets/Scripts/Presentation/Ember/Adapters/DomainSimulationAdapter.Dialog.Text.cs"
"Assets/Scripts/Presentation/Ember/Adapters/DomainSimulationAdapter.Dialog.Topics.cs"
"Assets/Scripts/Presentation/Ember/Adapters/DomainSimulationAdapter.Dialog.cs"
"Assets/Scripts/Presentation/Ember/Adapters/DomainSimulationAdapter.Fate.cs"
"Assets/Scripts/Presentation/Ember/Adapters/DomainSimulationAdapter.Haunters.cs"
"Assets/Scripts/Presentation/Ember/Adapters/DomainSimulationAdapter.Hud.cs"
"Assets/Scripts/Presentation/Ember/Adapters/DomainSimulationAdapter.Journal.cs"
"Assets/Scripts/Presentation/Ember/Adapters/DomainSimulationAdapter.LevelUp.cs"
"Assets/Scripts/Presentation/Ember/Adapters/DomainSimulationAdapter.MainQuest.cs"
"Assets/Scripts/Presentation/Ember/Adapters/DomainSimulationAdapter.Overland.cs"
"Assets/Scripts/Presentation/Ember/Adapters/DomainSimulationAdapter.QuestGuidance.cs"
"Assets/Scripts/Presentation/Ember/Adapters/DomainSimulationAdapter.QuestInteraction.cs"
"Assets/Scripts/Presentation/Ember/Adapters/DomainSimulationAdapter.QuestProgress.cs"
"Assets/Scripts/Presentation/Ember/Adapters/DomainSimulationAdapter.Save.cs"
"Assets/Scripts/Presentation/Ember/Adapters/DomainSimulationAdapter.Trade.cs"
"Assets/Scripts/Presentation/Ember/Adapters/DomainSimulationAdapter.Travel.cs"
"Assets/Scripts/Presentation/Ember/Adapters/DomainSimulationAdapter.WorldEncounter.cs"
"Assets/Scripts/Presentation/Ember/Adapters/DomainSimulationAdapter.WorldProjection.cs"
"Assets/Scripts/Presentation/Ember/Adapters/DomainSimulationAdapter.WorldQuests.cs"
"Assets/Scripts/Presentation/Ember/Adapters/DomainSimulationAdapter.WorldRows.cs"
"Assets/Scripts/Presentation/Ember/Adapters/DomainSimulationAdapter.Worldgen.Hydration.cs"
"Assets/Scripts/Presentation/Ember/Adapters/DomainSimulationAdapter.Worldgen.NpcStats.cs"
"Assets/Scripts/Presentation/Ember/Adapters/DomainSimulationAdapter.Worldgen.Npcs.cs"
"Assets/Scripts/Presentation/Ember/Adapters/DomainSimulationAdapter.Worldgen.Player.cs"
"Assets/Scripts/Presentation/Ember/Adapters/DomainSimulationAdapter.Worldgen.Production.cs"
"Assets/Scripts/Presentation/Ember/Adapters/DomainSimulationAdapter.Worldgen.Selection.cs"
"Assets/Scripts/Presentation/Ember/Adapters/DomainSimulationAdapter.Worldgen.State.cs"
"Assets/Scripts/Presentation/Ember/Adapters/DomainSimulationAdapter.Worldgen.cs"
"Assets/Scripts/Presentation/Ember/Adapters/DomainSimulationAdapter.cs"
"Assets/Scripts/Presentation/Ember/Adapters/IDialogSource.cs"
"Assets/Scripts/Presentation/Ember/Adapters/IDomainSimulationAdapter.cs"
"Assets/Scripts/Presentation/Ember/Adapters/UnavailableSimulationAdapter.cs"
"Assets/Scripts/Presentation/Ember/Audio/AmbientVoiceDirector.cs"
"Assets/Scripts/Presentation/Ember/Audio/EmberAmbientAudio.cs"
"Assets/Scripts/Presentation/Ember/Audio/PiperSpeechSynth.cs"
"Assets/Scripts/Presentation/Ember/Audio/SpeechDirector.cs"
"Assets/Scripts/Presentation/Ember/Audio/WindowsSpeechService.cs"
"Assets/Scripts/Presentation/Ember/Boot/BootBootstrap.cs"
"Assets/Scripts/Presentation/Ember/Bootstrap/EmberWorldContinuity.cs"
"Assets/Scripts/Presentation/Ember/Bootstrap/EmberWorldHost.AdapterBootstrap.cs"
"Assets/Scripts/Presentation/Ember/Bootstrap/EmberWorldHost.Bindings.cs"
"Assets/Scripts/Presentation/Ember/Bootstrap/EmberWorldHost.DialogProxy.cs"
"Assets/Scripts/Presentation/Ember/Bootstrap/EmberWorldHost.Input.cs"
"Assets/Scripts/Presentation/Ember/Bootstrap/EmberWorldHost.Sprites.cs"
"Assets/Scripts/Presentation/Ember/Bootstrap/EmberWorldHost.Ui.Core.cs"
"Assets/Scripts/Presentation/Ember/Bootstrap/EmberWorldHost.Ui.HudInventory.cs"
"Assets/Scripts/Presentation/Ember/Bootstrap/EmberWorldHost.Ui.Overlay.cs"
"Assets/Scripts/Presentation/Ember/Bootstrap/EmberWorldHost.Ui.SidePanels.cs"
"Assets/Scripts/Presentation/Ember/Bootstrap/EmberWorldHost.Ui.cs"
"Assets/Scripts/Presentation/Ember/Bootstrap/EmberWorldHost.cs"
"Assets/Scripts/Presentation/Ember/Bootstrap/EmberWorldHostAdapterBinding.cs"
"Assets/Scripts/Presentation/Ember/Camera/EmberFirstPersonController.cs"
"Assets/Scripts/Presentation/Ember/CharacterCreation/CharCreationToolkitView.cs"
"Assets/Scripts/Presentation/Ember/CharacterCreation/CharacterCreationController.Portrait.cs"
"Assets/Scripts/Presentation/Ember/CharacterCreation/CharacterCreationController.Redesign.cs"
"Assets/Scripts/Presentation/Ember/CharacterCreation/CharacterCreationController.Rendering.cs"
"Assets/Scripts/Presentation/Ember/CharacterCreation/CharacterCreationController.Selections.cs"
"Assets/Scripts/Presentation/Ember/CharacterCreation/CharacterCreationController.Transitions.cs"
"Assets/Scripts/Presentation/Ember/CharacterCreation/CharacterCreationController.cs"
"Assets/Scripts/Presentation/Ember/CharacterCreation/CharacterCreationPortraitSwatch.cs"
"Assets/Scripts/Presentation/Ember/CharacterCreation/DefaultNpcPortraitJsonProvider.cs"
"Assets/Scripts/Presentation/Ember/CharacterCreation/PortraitPromptBuilder.cs"
"Assets/Scripts/Presentation/Ember/Combat/EmberPlayerMeleeSwing.cs"
"Assets/Scripts/Presentation/Ember/Combat/EmberPlayerSpellCaster.cs"
"Assets/Scripts/Presentation/Ember/Diagnostics/EmberProofScreenshotDriver.cs"
"Assets/Scripts/Presentation/Ember/EmberLocators.cs"
"Assets/Scripts/Presentation/Ember/EmberScenes.cs"
"Assets/Scripts/Presentation/Ember/Forge/ComfyUiAssetForge.cs"
"Assets/Scripts/Presentation/Ember/Forge/EmberForgeFactory.cs"
"Assets/Scripts/Presentation/Ember/Forge/ForgeBootstrap.cs"
"Assets/Scripts/Presentation/Ember/Forge/ForgeLocator.cs"
"Assets/Scripts/Presentation/Ember/Forge/ModelBootstrap.cs"
"Assets/Scripts/Presentation/Ember/Forge/RuntimeSingleFigureForgeFactory.cs"
"Assets/Scripts/Presentation/Ember/Forge/SerializedAssetForge.cs"
"Assets/Scripts/Presentation/Ember/Forge/SingleFigureRefiningAssetForge.cs"
"Assets/Scripts/Presentation/Ember/Forge/SingleFigureSpritePolicies.cs"
"Assets/Scripts/Presentation/Ember/Forge/UnityResourceProbe.cs"
"Assets/Scripts/Presentation/Ember/Inputs/EmberInput.cs"
"Assets/Scripts/Presentation/Ember/Inputs/EmberInputActions.cs"
"Assets/Scripts/Presentation/Ember/Inputs/EmberInputHardware.cs"
"Assets/Scripts/Presentation/Ember/Interaction/EmberInteractable.cs"
"Assets/Scripts/Presentation/Ember/Interaction/EmberPlayerInteractRaycaster.cs"
"Assets/Scripts/Presentation/Ember/Interaction/EmberScenePortal.cs"
"Assets/Scripts/Presentation/Ember/Loading/LoadingScreen.cs"
"Assets/Scripts/Presentation/Ember/Loading/LoadingScreenController.cs"
"Assets/Scripts/Presentation/Ember/Runtime/EmberEventSystemPolicy.cs"
"Assets/Scripts/Presentation/Ember/Runtime/EmberSceneCatalog.cs"
"Assets/Scripts/Presentation/Ember/Runtime/ForgeRuntimeHelpers.cs"
"Assets/Scripts/Presentation/Ember/Save/EmberSaveService.Load.cs"
"Assets/Scripts/Presentation/Ember/Save/EmberSaveService.Resolve.cs"
"Assets/Scripts/Presentation/Ember/Save/EmberSaveService.Ui.cs"
"Assets/Scripts/Presentation/Ember/Save/EmberSaveService.cs"
"Assets/Scripts/Presentation/Ember/Save/JsonSliceSaveService.cs"
"Assets/Scripts/Presentation/Ember/Save/SaveData.cs"
"Assets/Scripts/Presentation/Ember/Save/SaveEnvelopeCodec.cs"
"Assets/Scripts/Presentation/Ember/Save/SaveSlotBrowserState.cs"
"Assets/Scripts/Presentation/Ember/Save/SaveSlotLabelFormatter.cs"
"Assets/Scripts/Presentation/Ember/Sprites/GeneratedCoreAssetStore.cs"
"Assets/Scripts/Presentation/Ember/Sprites/GeneratedCoreSpriteLoader.cs"
"Assets/Scripts/Presentation/Ember/Sprites/GeneratedCoreTextureLoader.cs"
"Assets/Scripts/Presentation/Ember/Tick/EmberTickDriver.cs"
"Assets/Scripts/Presentation/Ember/UI/CharacterCreationUI.cs"
"Assets/Scripts/Presentation/Ember/UI/ColonyNeedsPanel.cs"
"Assets/Scripts/Presentation/Ember/UI/CombatHud.cs"
"Assets/Scripts/Presentation/Ember/UI/CombatScreenSource.cs"
"Assets/Scripts/Presentation/Ember/UI/CraftingSource.cs"
"Assets/Scripts/Presentation/Ember/UI/DialogBoxPanel.Build.cs"
"Assets/Scripts/Presentation/Ember/UI/DialogBoxPanel.Render.cs"
"Assets/Scripts/Presentation/Ember/UI/DialogBoxPanel.cs"
"Assets/Scripts/Presentation/Ember/UI/DialogCursorPolicy.cs"
"Assets/Scripts/Presentation/Ember/UI/DialogPortraitKey.cs"
"Assets/Scripts/Presentation/Ember/UI/EmberAtmosphereCueSet.cs"
"Assets/Scripts/Presentation/Ember/UI/EmberAtmosphereSelector.cs"
"Assets/Scripts/Presentation/Ember/UI/EmberHud.ActionBar.cs"
"Assets/Scripts/Presentation/Ember/UI/EmberHud.Vitals.cs"
"Assets/Scripts/Presentation/Ember/UI/EmberHud.cs"
"Assets/Scripts/Presentation/Ember/UI/EmberHudFormatter.cs"
"Assets/Scripts/Presentation/Ember/UI/EmberMainMenuUI.Flow.cs"
"Assets/Scripts/Presentation/Ember/UI/EmberMainMenuUI.cs"
"Assets/Scripts/Presentation/Ember/UI/EmberPalette.cs"
"Assets/Scripts/Presentation/Ember/UI/EmberPlayerInventoryToggle.cs"
"Assets/Scripts/Presentation/Ember/UI/EmberWorldGenIntent.cs"
"Assets/Scripts/Presentation/Ember/UI/EmberWorldGenUI.cs"
"Assets/Scripts/Presentation/Ember/UI/EventLogHudPanel.cs"
"Assets/Scripts/Presentation/Ember/UI/FactionPanel.cs"
"Assets/Scripts/Presentation/Ember/UI/InGame/IgModal.cs"
"Assets/Scripts/Presentation/Ember/UI/InGame/InGameDesign.cs"
"Assets/Scripts/Presentation/Ember/UI/InGame/InGameUiController.cs"
"Assets/Scripts/Presentation/Ember/UI/InGame/IsExternalInit.cs"
"Assets/Scripts/Presentation/Ember/UI/InGame/Screens/CharacterView.cs"
"Assets/Scripts/Presentation/Ember/UI/InGame/Screens/ColonyView.cs"
"Assets/Scripts/Presentation/Ember/UI/InGame/Screens/CombatView.cs"
"Assets/Scripts/Presentation/Ember/UI/InGame/Screens/ConsulFateView.cs"
"Assets/Scripts/Presentation/Ember/UI/InGame/Screens/CraftingView.cs"
"Assets/Scripts/Presentation/Ember/UI/InGame/Screens/DeathView.cs"
"Assets/Scripts/Presentation/Ember/UI/InGame/Screens/DialogView.cs"
"Assets/Scripts/Presentation/Ember/UI/InGame/Screens/IgCraftingData.cs"
"Assets/Scripts/Presentation/Ember/UI/InGame/Screens/IgJournalData.cs"
"Assets/Scripts/Presentation/Ember/UI/InGame/Screens/IgMockData.cs"
"Assets/Scripts/Presentation/Ember/UI/InGame/Screens/IgSaveLoadData.cs"
"Assets/Scripts/Presentation/Ember/UI/InGame/Screens/IgTradeData.cs"
"Assets/Scripts/Presentation/Ember/UI/InGame/Screens/InventoryView.cs"
"Assets/Scripts/Presentation/Ember/UI/InGame/Screens/JournalView.cs"
"Assets/Scripts/Presentation/Ember/UI/InGame/Screens/LevelUpView.cs"
"Assets/Scripts/Presentation/Ember/UI/InGame/Screens/LootView.cs"
"Assets/Scripts/Presentation/Ember/UI/InGame/Screens/PauseView.cs"
"Assets/Scripts/Presentation/Ember/UI/InGame/Screens/SaveLoadView.cs"
"Assets/Scripts/Presentation/Ember/UI/InGame/Screens/SpellbookView.cs"
"Assets/Scripts/Presentation/Ember/UI/InGame/Screens/TradeView.cs"
"Assets/Scripts/Presentation/Ember/UI/InGame/Screens/WorldMapView.cs"
"Assets/Scripts/Presentation/Ember/UI/InGame/WorldHudView.cs"
"Assets/Scripts/Presentation/Ember/UI/InventoryEquipmentFormatter.cs"
"Assets/Scripts/Presentation/Ember/UI/InventoryGrid.cs"
"Assets/Scripts/Presentation/Ember/UI/JobQueuePanel.cs"
"Assets/Scripts/Presentation/Ember/UI/JournalSource.cs"
"Assets/Scripts/Presentation/Ember/UI/LevelUpSource.cs"
"Assets/Scripts/Presentation/Ember/UI/Options/AudioDisplaySection.cs"
"Assets/Scripts/Presentation/Ember/UI/Options/GeneratedAssetsSection.Helpers.cs"
"Assets/Scripts/Presentation/Ember/UI/Options/GeneratedAssetsSection.Ui.cs"
"Assets/Scripts/Presentation/Ember/UI/Options/GeneratedAssetsSection.cs"
"Assets/Scripts/Presentation/Ember/UI/Options/IOptionsSection.cs"
"Assets/Scripts/Presentation/Ember/UI/Options/KeybindsSection.cs"
"Assets/Scripts/Presentation/Ember/UI/Options/OptionsScreen.Chrome.cs"
"Assets/Scripts/Presentation/Ember/UI/Options/OptionsScreen.cs"
"Assets/Scripts/Presentation/Ember/UI/Options/OptionsSectionRegistry.cs"
"Assets/Scripts/Presentation/Ember/UI/Options/RuntimePlayerSettings.cs"
"Assets/Scripts/Presentation/Ember/UI/Options/SettingsSection.Fields.cs"
"Assets/Scripts/Presentation/Ember/UI/Options/SettingsSection.cs"
"Assets/Scripts/Presentation/Ember/UI/OverlandMapPanel.cs"
"Assets/Scripts/Presentation/Ember/UI/PauseMenu.cs"
"Assets/Scripts/Presentation/Ember/UI/PlayerPortraitHandoff.cs"
"Assets/Scripts/Presentation/Ember/UI/QuestGuidancePlayerTracker.cs"
"Assets/Scripts/Presentation/Ember/UI/QuestGuidanceSource.cs"
"Assets/Scripts/Presentation/Ember/UI/SaveLoadSource.cs"
"Assets/Scripts/Presentation/Ember/UI/SpellBar.cs"
"Assets/Scripts/Presentation/Ember/UI/TradeSource.cs"
"Assets/Scripts/Presentation/Ember/UI/UiAnimationHelper.cs"
"Assets/Scripts/Presentation/Ember/UI/VisibleUiSurface.cs"
"Assets/Scripts/Presentation/Ember/Views/ActorCombatFeedbackView.cs"
"Assets/Scripts/Presentation/Ember/Views/ActorView.cs"
"Assets/Scripts/Presentation/Ember/Views/BestiaryBillboardSpriteFactory.cs"
"Assets/Scripts/Presentation/Ember/Views/BillboardGearMarkView.cs"
"Assets/Scripts/Presentation/Ember/Views/BillboardGroundingView.cs"
"Assets/Scripts/Presentation/Ember/Views/BillboardWalkAnimView.cs"
"Assets/Scripts/Presentation/Ember/Views/CameraFacingBillboard.cs"
"Assets/Scripts/Presentation/Ember/Views/EmberGeneratedActorSpawner.cs"
"Assets/Scripts/Presentation/Ember/Views/GeneratedNpcAccessibilityGuard.cs"
"Assets/Scripts/Presentation/Ember/Views/NpcActivityLabelView.cs"
"Assets/Scripts/Presentation/Ember/Views/NpcEventEchoView.cs"
"Assets/Scripts/Presentation/Ember/Views/NpcPoseIconView.cs"
"Assets/Scripts/Presentation/Ember/Views/WorksiteView.cs"
"Assets/Scripts/Presentation/Ember/Views/WorldViewProjector.cs"
"Assets/Scripts/Presentation/Ember/Visual/EmberLightFlicker.cs"
"Assets/Scripts/Presentation/Ember/Visual/SceneDressingCoordinator.cs"
"Assets/Scripts/Presentation/Ember/Visual/SceneEnvironmentDresser.cs"
"Assets/Scripts/Presentation/Ember/Visual/UrpMaterialRescue.cs"
"Assets/Scripts/Presentation/Ember/WorldDirector/BuildingAccessibilityVolume.cs"
"Assets/Scripts/Presentation/Ember/WorldDirector/NightCurfewView.cs"
"Assets/Scripts/Presentation/Ember/WorldDirector/NpcEventEchoFeed.cs"
"Assets/Scripts/Presentation/Ember/WorldDirector/RuntimeAudioDirector.cs"
"Assets/Scripts/Presentation/Ember/WorldDirector/RuntimeAudioSynth.cs"
"Assets/Scripts/Presentation/Ember/WorldDirector/RuntimeAutosaveView.cs"
"Assets/Scripts/Presentation/Ember/WorldDirector/RuntimeBuildingBuilder.cs"
"Assets/Scripts/Presentation/Ember/WorldDirector/RuntimeCaravanView.cs"
"Assets/Scripts/Presentation/Ember/WorldDirector/RuntimeChestView.cs"
"Assets/Scripts/Presentation/Ember/WorldDirector/RuntimeDoorView.cs"
"Assets/Scripts/Presentation/Ember/WorldDirector/RuntimeDungeonArchetype.cs"
"Assets/Scripts/Presentation/Ember/WorldDirector/RuntimeDungeonBuilder.cs"
"Assets/Scripts/Presentation/Ember/WorldDirector/RuntimeDungeonLayoutInfo.cs"
"Assets/Scripts/Presentation/Ember/WorldDirector/RuntimeFieldBuilder.cs"
"Assets/Scripts/Presentation/Ember/WorldDirector/RuntimeFunctionalInteriors.cs"
"Assets/Scripts/Presentation/Ember/WorldDirector/RuntimeGroundBuilder.cs"
"Assets/Scripts/Presentation/Ember/WorldDirector/RuntimeHitSparks.cs"
"Assets/Scripts/Presentation/Ember/WorldDirector/RuntimeKeyView.cs"
"Assets/Scripts/Presentation/Ember/WorldDirector/RuntimeLightingRig.cs"
"Assets/Scripts/Presentation/Ember/WorldDirector/RuntimeLockedDoorView.cs"
"Assets/Scripts/Presentation/Ember/WorldDirector/RuntimeMainQuestFinale.cs"
"Assets/Scripts/Presentation/Ember/WorldDirector/RuntimeMaterialPalette.cs"
"Assets/Scripts/Presentation/Ember/WorldDirector/RuntimeMineBuilder.cs"
"Assets/Scripts/Presentation/Ember/WorldDirector/RuntimeMusicDirector.cs"
"Assets/Scripts/Presentation/Ember/WorldDirector/RuntimeNpcDensity.cs"
"Assets/Scripts/Presentation/Ember/WorldDirector/RuntimePlayerRig.cs"
"Assets/Scripts/Presentation/Ember/WorldDirector/RuntimePlayerSpawn.cs"
"Assets/Scripts/Presentation/Ember/WorldDirector/RuntimePostFxView.cs"
"Assets/Scripts/Presentation/Ember/WorldDirector/RuntimeSpellFx.cs"
"Assets/Scripts/Presentation/Ember/WorldDirector/RuntimeTerrainBuilder.cs"
"Assets/Scripts/Presentation/Ember/WorldDirector/RuntimeTrapView.cs"
"Assets/Scripts/Presentation/Ember/WorldDirector/RuntimeVegetation.cs"
"Assets/Scripts/Presentation/Ember/WorldDirector/RuntimeWaterIndex.cs"
"Assets/Scripts/Presentation/Ember/WorldDirector/RuntimeWeatherController.cs"
"Assets/Scripts/Presentation/Ember/WorldDirector/SkyController.cs"
"Assets/Scripts/Presentation/Ember/WorldDirector/TerrainStreamer.cs"
"Assets/Scripts/Presentation/Ember/WorldDirector/WorldCombatFeedbackFeed.cs"
"Assets/Scripts/Presentation/Ember/WorldDirector/WorldSceneDirector.cs"
"Assets/Scripts/Presentation/Ember/Worldgen/PlanetWorldContext.cs"
"Assets/Scripts/Presentation/Ember/Worldgen/PlanetWorldService.cs"
"Assets/Scripts/Presentation/Ember/Worldgen/StreamingPlanetObserver.cs"
"Assets/Scripts/Presentation/Ember/Worldgen/WorldGenesisMapper.cs"
"Assets/Scripts/Presentation/Ember/Worldgen/WorldgenEventProjector.cs"
"Assets/Scripts/Presentation/Ember/Worldgen/WorldgenViewController.cs"
"Assets/Scripts/Presentation/Ember/Worldgen/WorldgenVisibleEvent.cs"
"Assets/Scripts/Presentation/Visual/ColonyNeedsSnapshot.cs"
"Assets/Scripts/Presentation/Visual/CombatEventTailSnapshot.cs"
"Assets/Scripts/Presentation/Visual/FactionRelationSnapshot.cs"
"Assets/Scripts/Presentation/Visual/InventoryStockpileSnapshot.cs"
"Assets/Scripts/Presentation/Visual/JobDebugSnapshot.cs"
"Assets/Scripts/Presentation/Visual/MemoryFactSnapshot.cs"
"Assets/Scripts/Presentation/Visual/SeasonClockSnapshot.cs"
"Assets/Scripts/Presentation/Visual/ToolCallTraceSnapshot.cs"
"Assets/Scripts/Presentation/Visual/WorldEventInterest.cs"
"Assets/Scripts/Presentation/Visual/WorldEventNarrator.cs"
"Assets/Scripts/Presentation/Visual/WorldEventTailSnapshot.cs"
-langversion:9.0
/deterministic
/optimize+
/debug:portable
/nologo
/RuntimeMetadataVersion:v4.0.30319
/nowarn:0169
/nowarn:0649
/nowarn:0282
/nowarn:1701
/nowarn:1702
/utf8output
/preferreduilang:en-US
/additionalfile:"Library/Bee/artifacts/1900b0aE.dag/EmberCrpg.Presentation.UnityAdditionalFile.txt"
##### Custom Environment Variables
DOTNET_MULTILEVEL_LOOKUP=0
##### ExitCode
1
##### Output
Assets\Scripts\Presentation\Ember\Adapters\DomainSimulationAdapter.Clock.cs(133,87): error CS0122: 'FarmOperations' is inaccessible due to its protection level

Assets\Scripts\Presentation\Ember\Adapters\DomainSimulationAdapter.Clock.cs(134,72): error CS0122: 'FarmOperations' is inaccessible due to its protection level

Assets\Scripts\Presentation\Ember\UI\EmberHud.ActionBar.cs(200,17): warning CS0618: 'TMP_Text.enableWordWrapping' is obsolete: 'The enabledWordWrapping property is now obsolete. Please use the textWrappingMode property instead.'

Assets\Scripts\Presentation\Ember\UI\EventLogHudPanel.cs(111,13): warning CS0618: 'TMP_Text.enableWordWrapping' is obsolete: 'The enabledWordWrapping property is now obsolete. Please use the textWrappingMode property instead.'

Assets\Scripts\Presentation\Ember\Diagnostics\EmberProofScreenshotDriver.cs(786,26): warning CS0219: The variable 'buried' is assigned but its value is never used
*** Tundra build failed (14.00 seconds), 27 items updated, 1271 evaluated
## Script Compilation Error for: Csc Library/Bee/artifacts/1900b0aE.dag/EmberCrpg.Presentation.dll (+2 others)
## CmdLine: "E:\Program Files\Unity\Hub\Editor\6000.3.13f1\Editor\Data\NetCoreRuntime\dotnet.exe" exec "E:/Program Files/Unity/Hub/Editor/6000.3.13f1/Editor/Data/DotNetSdkRoslyn/csc.dll" /nostdlib /noconfig /shared "@Library/Bee/artifacts/1900b0aE.dag/EmberCrpg.Presentation.rsp" "@Library/Bee/artifacts/1900b0aE.dag/EmberCrpg.Presentation.rsp2"
## Output:
Assets\Scripts\Presentation\Ember\Adapters\DomainSimulationAdapter.Clock.cs(133,87): error CS0122: 'FarmOperations' is inaccessible due to its protection level
Assets\Scripts\Presentation\Ember\Adapters\DomainSimulationAdapter.Clock.cs(134,72): error CS0122: 'FarmOperations' is inaccessible due to its protection level
Assets\Scripts\Presentation\Ember\UI\EmberHud.ActionBar.cs(200,17): warning CS0618: 'TMP_Text.enableWordWrapping' is obsolete: 'The enabledWordWrapping property is now obsolete. Please use the textWrappingMode property instead.'
Assets\Scripts\Presentation\Ember\UI\EventLogHudPanel.cs(111,13): warning CS0618: 'TMP_Text.enableWordWrapping' is obsolete: 'The enabledWordWrapping property is now obsolete. Please use the textWrappingMode property instead.'
Assets\Scripts\Presentation\Ember\Diagnostics\EmberProofScreenshotDriver.cs(786,26): warning CS0219: The variable 'buried' is assigned but its value is never used

Assets\Scripts\Data\GeneratedAssetLibrary\GeneratedAssetRuntimeDatabase.cs(4,7): warning CS0105: The using directive for 'UnityEngine' appeared previously in this namespace
Assets\Scripts\Presentation\Ember\Adapters\DomainSimulationAdapter.Clock.cs(133,87): error CS0122: 'FarmOperations' is inaccessible due to its protection level
Assets\Scripts\Presentation\Ember\Adapters\DomainSimulationAdapter.Clock.cs(134,72): error CS0122: 'FarmOperations' is inaccessible due to its protection level
Assets\Scripts\Presentation\Ember\UI\EmberHud.ActionBar.cs(200,17): warning CS0618: 'TMP_Text.enableWordWrapping' is obsolete: 'The enabledWordWrapping property is now obsolete. Please use the textWrappingMode property instead.'
Assets\Scripts\Presentation\Ember\UI\EventLogHudPanel.cs(111,13): warning CS0618: 'TMP_Text.enableWordWrapping' is obsolete: 'The enabledWordWrapping property is now obsolete. Please use the textWrappingMode property instead.'
Assets\Scripts\Presentation\Ember\Diagnostics\EmberProofScreenshotDriver.cs(786,26): warning CS0219: The variable 'buried' is assigned but its value is never used
AssetDatabase: script compilation time: 27.272793s
Scripts have compiler errors.
Exiting without the bug reporter. Application will terminate with return code 1Shut down.
