[Licensing::Module] Trying to connect to existing licensing client channel...
[Licensing::IpcConnector] Channel LicenseClient-msbel doesn't exist
Built from '6000.3/staging' branch; Version is '6000.3.13f1 (8c4f11e4fb20) revision 9195281'; Using compiler version '194234433'; Build Type 'Release'
OS: 'Windows 11  (10.0.26200) Professional' Language: 'tr' Physical Memory: 32679 MB
BatchMode: 1, IsHumanControllingUs: 0, StartBugReporterOnCrash: 0, Is64bit: 1
System  architecture: x64
Process architecture: x64
Date: 2026-07-26T00:36:20Z
[Licensing::Module] Successfully launched the LicensingClient (PId: 2240)

COMMAND LINE ARGUMENTS:
E:\Program Files\Unity\Hub\Editor\6000.3.13f1\Editor\Unity.exe
-batchmode
-quit
-projectPath
D:/projects/alcyone-ember-rpg
-executeMethod
EmberCrpg.Editor.Ember.Menu.EmberBuildSettingsMenu.BuildWindows64
-logFile
D:/projects/alcyone-ember-rpg/build-w38b.log
Successfully changed project path to: D:/projects/alcyone-ember-rpg
D:/projects/alcyone-ember-rpg
[UnityMemory] Configuration Parameters - Can be set up in boot.config
    "memorysetup-temp-allocator-size-nav-mesh-worker=65536"
    "memorysetup-temp-allocator-size-audio-worker=65536"
    "memorysetup-temp-allocator-size-gfx=262144"
    "memorysetup-allocator-temp-initial-block-size-main=262144"
    "memorysetup-allocator-temp-initial-block-size-worker=262144"
    "memorysetup-temp-allocator-size-background-worker=32768"
    "memorysetup-temp-allocator-size-job-worker=262144"
    "memorysetup-temp-allocator-size-preload-manager=33554432"
    "memorysetup-temp-allocator-size-gi-baking-worker=262144"
    "memorysetup-temp-allocator-size-gi-baking-worker=262144"
    "memorysetup-temp-allocator-size-gi-baking-worker=262144"
    "memorysetup-temp-allocator-size-gi-baking-worker=262144"
    "memorysetup-temp-allocator-size-gi-baking-worker=262144"
    "memorysetup-bucket-allocator-granularity=16"
    "memorysetup-bucket-allocator-bucket-count=8"
    "memorysetup-bucket-allocator-block-size=33554432"
    "memorysetup-bucket-allocator-block-count=8"
    "memorysetup-main-allocator-block-size=16777216"
    "memorysetup-thread-allocator-block-size=16777216"
    "memorysetup-gfx-main-allocator-block-size=16777216"
    "memorysetup-gfx-thread-allocator-block-size=16777216"
    "memorysetup-cache-allocator-block-size=4194304"
    "memorysetup-typetree-allocator-block-size=2097152"
    "memorysetup-profiler-bucket-allocator-granularity=16"
    "memorysetup-profiler-bucket-allocator-bucket-count=8"
    "memorysetup-profiler-bucket-allocator-block-size=33554432"
    "memorysetup-profiler-bucket-allocator-block-count=8"
    "memorysetup-profiler-allocator-block-size=16777216"
    "memorysetup-profiler-editor-allocator-block-size=1048576"
    "memorysetup-temp-allocator-size-main=16777216"
    "memorysetup-job-temp-allocator-block-size=2097152"
    "memorysetup-job-temp-allocator-block-size-background=1048576"
    "memorysetup-job-temp-allocator-reduction-small-platforms=262144"
    "memorysetup-temp-allocator-size-cloud-worker=32768"
Player connection [38888]  Target information:

Player connection [38888]  * "[IP] 192.168.1.34 [Port] 55504 [Flags] 2 [Guid] 1204317271 [EditorId] 1204317271 [Version] 1048832 [Id] WindowsEditor(7,DESKTOP-MSBEL) [Debug] 1 [PackageName] WindowsEditor [ProjectName] Editor" 

Player connection [38888]  * "[IP] 172.21.64.1 [Port] 55504 [Flags] 2 [Guid] 1204317271 [EditorId] 1204317271 [Version] 1048832 [Id] WindowsEditor(7,DESKTOP-MSBEL) [Debug] 1 [PackageName] WindowsEditor [ProjectName] Editor" 

Player connection [38888] Host joined multi-casting on [225.0.0.222:54997]...
Player connection [38888] Host joined alternative multi-casting on [225.0.0.222:34997]...
Input System module state changed to: Initialized.
[Physics::Module] Initialized fallback backend.
[Physics::Module] Id: 0xdecafbad
Starting IPC server.
Waiting for clients to connect on \\.\pipe\Unity-LicenseClient-msbel, press Ctrl-C to exit.
[Licensing::IpcConnector] Successfully connected to: "LicenseClient-msbel" at "2026-07-26T00:36:22.7256576Z"
[Package Manager] Connected to IPC stream "Upm-38216" after 1.8 seconds.
[Licensing::Module] Licensing is not yet initialized.
[Licensing::Client] Handshaking with LicensingClient:
  Version:                 1.18.1+9fbee8e
  Session Id:              83702edfe3e64053bf0b5b83109633ea
  Correlation Id:          65958270cc1509a9ce26705ed2fb40b5
  External correlation Id: 6731688922839736643
  Machine Id:              Ft5Axh/NkxImUBvqYqYygqWgdkY=
[Licensing::Module] Successfully connected to LicensingClient on channel: "LicenseClient-msbel" (connect: 1.97s, validation: 0.16s, handshake: 3.73s)
[Licensing::IpcConnector] Successfully connected to: "LicenseClient-msbel-notifications" at "2026-07-26T00:36:26.6153394Z"
[Licensing::Module] Connected to LicensingClient (PId: 2240, launch time: 0.03, total connection time: 5.86s)
[Licensing::Module] Error: Access token is unavailable; failed to update
[Licensing::Client] Successfully resolved entitlement details
[Licensing::Module] License group:
  Id: F4-7AUM-XMAF-NEHN-6TQ2-XXXX
  Product: Unity Personal
  Type: ULF
  Expiration: Unlimited
[Licensing::Module] License group:
  Id: 18967764531816-UnityPersXXXX
  Product: Unity Personal
  Type: Assigned
  Expiration: Unlimited
[Licensing::Client] Successfully updated license, isAsync: True, time: 0.02
[Licensing::Client] Successfully resolved entitlement details
[Licensing::Module] License group:
  Id: F4-7AUM-XMAF-NEHN-6TQ2-XXXX
  Product: Unity Personal
  Type: ULF
  Expiration: Unlimited
[Licensing::Module] License group:
  Id: 18967764531816-UnityPersXXXX
  Product: Unity Personal
  Type: Assigned
  Expiration: Unlimited
[Licensing::Module] Licensing Background thread has ended after 6.01s
[Licensing::Module] Licensing is initialized (took 3.10s).
[Licensing::Client] Successfully resolved entitlement details
[Licensing::Module] License group:
  Id: F4-7AUM-XMAF-NEHN-6TQ2-XXXX
  Product: Unity Personal
  Type: ULF
  Expiration: Unlimited
[Licensing::Module] License group:
  Id: 18967764531816-UnityPersXXXX
  Product: Unity Personal
  Type: Assigned
  Expiration: Unlimited
Library Redirect Path: Library/
[Physics::Module] Selected backend.
[Physics::Module] Name: PhysX
[Physics::Module] Id: 0xf2b8ea05
[Physics::Module] SDK Version: 4.1.2
[Physics::Module] Integration Version: 1.0.0
[Physics::Module] Threading Mode: Multi-Threaded
Artifact Garbage Collection - Removed 5 unused hashed content files
Refreshing native plugins compatible for Editor in 1285.14 ms, found 19 plugins.
Preloading 0 native plugins for Editor in 0.00 ms.
Initialize engine version: 6000.3.13f1 (8c4f11e4fb20)
[Subsystems] Discovering subsystems at path E:/Program Files/Unity/Hub/Editor/6000.3.13f1/Editor/Data/Resources/UnitySubsystems
[Subsystems] Discovering subsystems at path D:/projects/alcyone-ember-rpg/Assets
GfxDevice: creating device client; kGfxThreadingModeNonThreaded
Direct3D:
    Version:  Direct3D 11.0 [level 11.1]
    Renderer: NVIDIA GeForce RTX 3070 (ID=0x2484)
    Vendor:   NVIDIA
    VRAM:     8017 MB
    Driver:   32.0.15.9597
Initialize mono
Mono path[0] = 'E:/Program Files/Unity/Hub/Editor/6000.3.13f1/Editor/Data/Managed'
Mono path[1] = 'E:/Program Files/Unity/Hub/Editor/6000.3.13f1/Editor/Data/MonoBleedingEdge/lib/mono/unityjit-win32'
Mono config path = 'E:/Program Files/Unity/Hub/Editor/6000.3.13f1/Editor/Data/MonoBleedingEdge/etc'
Using monoOptions --debugger-agent=transport=dt_socket,embedding=1,server=y,suspend=n,address=127.0.0.1:56216
Using cacheserver namespaces - metadata:defaultmetadata, artifacts:defaultartifacts
Using cacheserver namespaces - metadata:defaultmetadata, artifacts:defaultartifacts
ImportWorker Server TCP listen port: 0
AcceleratorClientConnectionCallback - disconnected - :0
Begin MonoManager ReloadAssembly
Registering precompiled unity dll's ...
Register platform support module: E:/Program Files/Unity/Hub/Editor/6000.3.13f1/Editor/Data/PlaybackEngines/WindowsStandaloneSupport/UnityEditor.WindowsStandalone.Extensions.dll
[Licensing::Client] Successfully resolved entitlement details
[Licensing::Module] License group:
  Id: F4-7AUM-XMAF-NEHN-6TQ2-XXXX
  Product: Unity Personal
  Type: ULF
  Expiration: Unlimited
[Licensing::Module] License group:
  Id: 18967764531816-UnityPersXXXX
  Product: Unity Personal
  Type: Assigned
  Expiration: Unlimited
Register platform support module: E:/Program Files/Unity/Hub/Editor/6000.3.13f1/Editor/Data/PlaybackEngines/MetroSupport/UnityEditor.UWP.Extensions.dll
Registered in 0.031665 seconds.
- Loaded All Assemblies, in  1.984 seconds
Native extension for UWP target not found
Native extension for WindowsStandalone target not found
Package Manager log level set to [2]
ScheduleIndexationOnStartup MainProcess:False IndexOnStartup:True
Mono: successfully reloaded assembly
- Finished resetting the current domain, in  1.613 seconds
Domain Reload Profiling: 3596ms
	BeginReloadAssembly (678ms)
		ExecutionOrderSort (0ms)
		DisableScriptedObjects (0ms)
		BackupInstance (0ms)
		ReleaseScriptingObjects (0ms)
		CreateAndSetChildDomain (15ms)
	RebuildCommonClasses (152ms)
	RebuildNativeTypeToScriptingClass (43ms)
	initialDomainReloadingComplete (179ms)
	LoadAllAssembliesAndSetupDomain (928ms)
		LoadAssemblies (663ms)
		RebuildTransferFunctionScriptingTraits (0ms)
		AnalyzeDomain (916ms)
			TypeCache.Refresh (911ms)
				TypeCache.ScanAssembly (859ms)
			BuildScriptInfoCaches (1ms)
			ResolveRequiredComponents (3ms)
	FinalizeReload (1614ms)
		ReleaseScriptCaches (0ms)
		RebuildScriptCaches (0ms)
		SetupLoadedEditorAssemblies (1478ms)
			LogAssemblyErrors (0ms)
			InitializePlatformSupportModulesInManaged (270ms)
			SetLoadedEditorAssemblies (14ms)
			BeforeProcessingInitializeOnLoad (274ms)
			ProcessInitializeOnLoadAttributes (628ms)
			ProcessInitializeOnLoadMethodAttributes (292ms)
			AfterProcessingInitializeOnLoad (0ms)
			EditorAssembliesLoaded (0ms)
		ExecutionOrderSort2 (0ms)
		AwakeInstancesAfterBackupRestoration (0ms)
[Licensing::Client] Successfully resolved entitlement details
[Licensing::Module] License group:
  Id: F4-7AUM-XMAF-NEHN-6TQ2-XXXX
  Product: Unity Personal
  Type: ULF
  Expiration: Unlimited
[Licensing::Module] License group:
  Id: 18967764531816-UnityPersXXXX
  Product: Unity Personal
  Type: Assigned
  Expiration: Unlimited
Application.AssetDatabase Initial Refresh Start
[Package Manager] Restoring resolved packages state from cache
[Licensing::Client] Successfully resolved entitlement details
[Package Manager] Registered 58 packages:
  Packages from [https://packages.unity.com]:
    com.unity.cinemachine@3.1.6 (location: D:\projects\alcyone-ember-rpg\Library\PackageCache\com.unity.cinemachine@285f38545487)
    com.unity.ide.visualstudio@2.0.27 (location: D:\projects\alcyone-ember-rpg\Library\PackageCache\com.unity.ide.visualstudio@dc1ddd4f09b6)
    com.unity.inputsystem@1.14.2 (location: D:\projects\alcyone-ember-rpg\Library\PackageCache\com.unity.inputsystem@be6c4fd0abf5)
    com.unity.nuget.newtonsoft-json@3.2.1 (location: D:\projects\alcyone-ember-rpg\Library\PackageCache\com.unity.nuget.newtonsoft-json@74deb55db2a0)
    com.unity.cloud.gltfast@6.14.1 (location: D:\projects\alcyone-ember-rpg\Library\PackageCache\com.unity.cloud.gltfast@0847aee0f6da)
    com.unity.mathematics@1.3.3 (location: D:\projects\alcyone-ember-rpg\Library\PackageCache\com.unity.mathematics@19a9377c4ffa)
    com.unity.splines@2.8.4 (location: D:\projects\alcyone-ember-rpg\Library\PackageCache\com.unity.splines@9b00833aca09)
    com.unity.burst@1.8.29 (location: D:\projects\alcyone-ember-rpg\Library\PackageCache\com.unity.burst@6bb9aca3ef38)
    com.unity.collections@2.6.5 (location: D:\projects\alcyone-ember-rpg\Library\PackageCache\com.unity.collections@12999e356c23)
    com.unity.searcher@4.9.4 (location: D:\projects\alcyone-ember-rpg\Library\PackageCache\com.unity.searcher@d45a78918735)
    com.unity.settings-manager@2.1.1 (location: D:\projects\alcyone-ember-rpg\Library\PackageCache\com.unity.settings-manager@0b8638c5ce86)
    com.unity.nuget.mono-cecil@1.11.6 (location: D:\projects\alcyone-ember-rpg\Library\PackageCache\com.unity.nuget.mono-cecil@ecb9724e46ff)
    com.unity.test-framework.performance@3.4.0 (location: D:\projects\alcyone-ember-rpg\Library\PackageCache\com.unity.test-framework.performance@aa81a99c4a75)
  Built-in packages:
    com.unity.render-pipelines.universal@17.3.0 (location: D:\projects\alcyone-ember-rpg\Library\PackageCache\com.unity.render-pipelines.universal@d00cd191b3cc)
    com.unity.test-framework@1.6.0 (location: D:\projects\alcyone-ember-rpg\Library\PackageCache\com.unity.test-framework@aebcb98460c6)
    com.unity.ugui@2.0.0 (location: D:\projects\alcyone-ember-rpg\Library\PackageCache\com.unity.ugui@8ccc29d23a79)
    com.unity.modules.accessibility@1.0.0 (location: D:\projects\alcyone-ember-rpg\Library\PackageCache\com.unity.modules.accessibility)
    com.unity.modules.adaptiveperformance@1.0.0 (location: D:\projects\alcyone-ember-rpg\Library\PackageCache\com.unity.modules.adaptiveperformance)
    com.unity.modules.ai@1.0.0 (location: D:\projects\alcyone-ember-rpg\Library\PackageCache\com.unity.modules.ai)
    com.unity.modules.androidjni@1.0.0 (location: D:\projects\alcyone-ember-rpg\Library\PackageCache\com.unity.modules.androidjni)
    com.unity.modules.animation@1.0.0 (location: D:\projects\alcyone-ember-rpg\Library\PackageCache\com.unity.modules.animation)
    com.unity.modules.assetbundle@1.0.0 (location: D:\projects\alcyone-ember-rpg\Library\PackageCache\com.unity.modules.assetbundle)
    com.unity.modules.audio@1.0.0 (location: D:\projects\alcyone-ember-rpg\Library\PackageCache\com.unity.modules.audio)
    com.unity.modules.cloth@1.0.0 (location: D:\projects\alcyone-ember-rpg\Library\PackageCache\com.unity.modules.cloth)
    com.unity.modules.director@1.0.0 (location: D:\projects\alcyone-ember-rpg\Library\PackageCache\com.unity.modules.director)
    com.unity.modules.imageconversion@1.0.0 (location: D:\projects\alcyone-ember-rpg\Library\PackageCache\com.unity.modules.imageconversion)
    com.unity.modules.imgui@1.0.0 (location: D:\projects\alcyone-ember-rpg\Library\PackageCache\com.unity.modules.imgui)
    com.unity.modules.jsonserialize@1.0.0 (location: D:\projects\alcyone-ember-rpg\Library\PackageCache\com.unity.modules.jsonserialize)
    com.unity.modules.particlesystem@1.0.0 (location: D:\projects\alcyone-ember-rpg\Library\PackageCache\com.unity.modules.particlesystem)
    com.unity.modules.physics@1.0.0 (location: D:\projects\alcyone-ember-rpg\Library\PackageCache\com.unity.modules.physics)
    com.unity.modules.physics2d@1.0.0 (location: D:\projects\alcyone-ember-rpg\Library\PackageCache\com.unity.modules.physics2d)
    com.unity.modules.screencapture@1.0.0 (location: D:\projects\alcyone-ember-rpg\Library\PackageCache\com.unity.modules.screencapture)
    com.unity.modules.terrain@1.0.0 (location: D:\projects\alcyone-ember-rpg\Library\PackageCache\com.unity.modules.terrain)
    com.unity.modules.terrainphysics@1.0.0 (location: D:\projects\alcyone-ember-rpg\Library\PackageCache\com.unity.modules.terrainphysics)
    com.unity.modules.tilemap@1.0.0 (location: D:\projects\alcyone-ember-rpg\Library\PackageCache\com.unity.modules.tilemap)
    com.unity.modules.ui@1.0.0 (location: D:\projects\alcyone-ember-rpg\Library\PackageCache\com.unity.modules.ui)
    com.unity.modules.uielements@1.0.0 (location: D:\projects\alcyone-ember-rpg\Library\PackageCache\com.unity.modules.uielements)
    com.unity.modules.umbra@1.0.0 (location: D:\projects\alcyone-ember-rpg\Library\PackageCache\com.unity.modules.umbra)
    com.unity.modules.unityanalytics@1.0.0 (location: D:\projects\alcyone-ember-rpg\Library\PackageCache\com.unity.modules.unityanalytics)
    com.unity.modules.unitywebrequest@1.0.0 (location: D:\projects\alcyone-ember-rpg\Library\PackageCache\com.unity.modules.unitywebrequest)
    com.unity.modules.unitywebrequestassetbundle@1.0.0 (location: D:\projects\alcyone-ember-rpg\Library\PackageCache\com.unity.modules.unitywebrequestassetbundle)
    com.unity.modules.unitywebrequestaudio@1.0.0 (location: D:\projects\alcyone-ember-rpg\Library\PackageCache\com.unity.modules.unitywebrequestaudio)
    com.unity.modules.unitywebrequesttexture@1.0.0 (location: D:\projects\alcyone-ember-rpg\Library\PackageCache\com.unity.modules.unitywebrequesttexture)
    com.unity.modules.unitywebrequestwww@1.0.0 (location: D:\projects\alcyone-ember-rpg\Library\PackageCache\com.unity.modules.unitywebrequestwww)
    com.unity.modules.vectorgraphics@1.0.0 (location: D:\projects\alcyone-ember-rpg\Library\PackageCache\com.unity.modules.vectorgraphics)
    com.unity.modules.vehicles@1.0.0 (location: D:\projects\alcyone-ember-rpg\Library\PackageCache\com.unity.modules.vehicles)
    com.unity.modules.video@1.0.0 (location: D:\projects\alcyone-ember-rpg\Library\PackageCache\com.unity.modules.video)
    com.unity.modules.vr@1.0.0 (location: D:\projects\alcyone-ember-rpg\Library\PackageCache\com.unity.modules.vr)
    com.unity.modules.wind@1.0.0 (location: D:\projects\alcyone-ember-rpg\Library\PackageCache\com.unity.modules.wind)
    com.unity.modules.xr@1.0.0 (location: D:\projects\alcyone-ember-rpg\Library\PackageCache\com.unity.modules.xr)
    com.unity.2d.sprite@1.0.0 (location: D:\projects\alcyone-ember-rpg\Library\PackageCache\com.unity.2d.sprite@d14b9d497a24)
    com.unity.modules.subsystems@1.0.0 (location: D:\projects\alcyone-ember-rpg\Library\PackageCache\com.unity.modules.subsystems)
    com.unity.modules.hierarchycore@1.0.0 (location: D:\projects\alcyone-ember-rpg\Library\PackageCache\com.unity.modules.hierarchycore)
    com.unity.ext.nunit@2.0.5 (location: D:\projects\alcyone-ember-rpg\Library\PackageCache\com.unity.ext.nunit@d8c07649098d)
    com.unity.render-pipelines.core@17.3.0 (location: D:\projects\alcyone-ember-rpg\Library\PackageCache\com.unity.render-pipelines.core@beca2a4be9a2)
    com.unity.shadergraph@17.3.0 (location: D:\projects\alcyone-ember-rpg\Library\PackageCache\com.unity.shadergraph@8453f937f03b)
    com.unity.render-pipelines.universal-config@17.0.3 (location: D:\projects\alcyone-ember-rpg\Library\PackageCache\com.unity.render-pipelines.universal-config@8dc1aab4af1d)
  Embedded packages:
    com.unity.ai.assistant@file:D:\projects\alcyone-ember-rpg\Packages\com.unity.ai.assistant (location: D:\projects\alcyone-ember-rpg\Packages\com.unity.ai.assistant)
[Subsystems] No new subsystems found in resolved package list.
[Package Manager] Done registering packages in 0.17 seconds
The GUID inside 'Assets/Tests/EditMode/Presentation/SpeechRetryCooldownTests.cs.meta' cannot be extracted by the YAML Parser. Attempting to extract it via string matching instead. Please verify the file does not contain unexpected data.
The .meta file Assets/Tests/EditMode/Presentation/SpeechRetryCooldownTests.cs.meta does not have a valid GUID and its corresponding Asset file will be ignored. If this file is not malformed, please add a GUID, or delete the .meta file and it will be recreated correctly
Assembly reference Packages/com.unity.cinemachine/Editor/Samples/ExposeHDRPInternals/HDRP-Editor-ref.asmref has no target assembly definition
Assembly reference Packages/com.unity.cinemachine/Editor/Samples/ExposeHDRPInternals/HDRP-Editor-ref.asmref has no target assembly definition
[ScriptCompilation] Requested script compilation because: Assetdatabase observed changes in script compilation related files
Duplicate assembly 'Microsoft.Bcl.AsyncInterfaces.dll' with different versions detected, using 'Assets/Plugins/x86_64/Microsoft.Bcl.AsyncInterfaces.dll, AssemblyName=Microsoft.Bcl.AsyncInterfaces, Version=10.0.0.5, Culture=neutral, PublicKeyToken=cc7b13ffcd2ddd51' and ignoring 'Packages/com.unity.ai.assistant/Plugins/Shared/Microsoft.Bcl.AsyncInterfaces.dll, AssemblyName=Microsoft.Bcl.AsyncInterfaces, Version=10.0.0.1, Culture=neutral, PublicKeyToken=cc7b13ffcd2ddd51'.Duplicate assembly 'System.Reflection.Metadata.dll' with different versions detected, using 'Packages/com.unity.ai.assistant/Plugins/Shared/System.Reflection.Metadata.dll, AssemblyName=System.Reflection.Metadata, Version=10.0.0.1, Culture=neutral, PublicKeyToken=b03f5f7f11d50a3a' and ignoring 'Assets/Plugins/NuGet/System.Reflection.Metadata.dll, AssemblyName=System.Reflection.Metadata, Version=7.0.0.0, Culture=neutral, PublicKeyToken=b03f5f7f11d50a3a'.Duplicate assembly 'System.Text.Json.dll' with different versions detected, using 'Assets/Plugins/x86_64/System.Text.Json.dll, AssemblyName=System.Text.Json, Version=10.0.0.0, Culture=neutral, PublicKeyToken=cc7b13ffcd2ddd51' and ignoring 'Packages/com.unity.ai.assistant/Plugins/Shared/System.Text.Json.dll, AssemblyName=System.Text.Json, Version=8.0.0.0, Culture=neutral, PublicKeyToken=cc7b13ffcd2ddd51'.Duplicate assembly 'System.Text.Json.dll' with different versions detected, using 'Assets/Plugins/x86_64/System.Text.Json.dll, AssemblyName=System.Text.Json, Version=10.0.0.0, Culture=neutral, PublicKeyToken=cc7b13ffcd2ddd51' and ignoring 'Assets/Plugins/NuGet/System.Text.Json.dll, AssemblyName=System.Text.Json, Version=8.0.0.0, Culture=neutral, PublicKeyToken=cc7b13ffcd2ddd51'.Duplicate assembly 'System.Text.Encodings.Web.dll' with different versions detected, using 'Packages/com.unity.ai.assistant/Plugins/Shared/System.Text.Encodings.Web.dll, AssemblyName=System.Text.Encodings.Web, Version=10.0.0.1, Culture=neutral, PublicKeyToken=cc7b13ffcd2ddd51' and ignoring 'Assets/Plugins/NuGet/System.Text.Encodings.Web.dll, AssemblyName=System.Text.Encodings.Web, Version=8.0.0.0, Culture=neutral, PublicKeyToken=cc7b13ffcd2ddd51'.Duplicate assembly 'Microsoft.CodeAnalysis.CSharp.dll' with different versions detected, using 'Assets/Plugins/NuGet/Microsoft.CodeAnalysis.CSharp.dll, AssemblyName=Microsoft.CodeAnalysis.CSharp, Version=4.8.0.0, Culture=neutral, PublicKeyToken=31bf3856ad364e35' and ignoring 'Packages/com.unity.ai.assistant/Plugins/CodeAnalysis/Microsoft.CodeAnalysis.CSharp.dll, AssemblyName=Microsoft.CodeAnalysis.CSharp, Version=3.11.0.0, Culture=neutral, PublicKeyToken=31bf3856ad364e35'.Duplicate assembly 'System.Collections.Immutable.dll' with different versions detected, using 'Packages/com.unity.ai.assistant/Plugins/Shared/System.Collections.Immutable.dll, AssemblyName=System.Collections.Immutable, Version=10.0.0.1, Culture=neutral, PublicKeyToken=b03f5f7f11d50a3a' and ignoring 'Assets/Plugins/NuGet/System.Collections.Immutable.dll, AssemblyName=System.Collections.Immutable, Version=7.0.0.0, Culture=neutral, PublicKeyToken=b03f5f7f11d50a3a'.Duplicate assembly 'Microsoft.CodeAnalysis.dll' with different versions detected, using 'Assets/Plugins/NuGet/Microsoft.CodeAnalysis.dll, AssemblyName=Microsoft.CodeAnalysis, Version=4.8.0.0, Culture=neutral, PublicKeyToken=31bf3856ad364e35' and ignoring 'Packages/com.unity.ai.assistant/Plugins/CodeAnalysis/Microsoft.CodeAnalysis.dll, AssemblyName=Microsoft.CodeAnalysis, Version=3.11.0.0, Culture=neutral, PublicKeyToken=31bf3856ad364e35'.Duplicate assembly 'Microsoft.Bcl.Memory.dll' with different versions detected, using 'Assets/Plugins/NuGet/Microsoft.Bcl.Memory.dll, AssemblyName=Microsoft.Bcl.Memory, Version=10.0.0.3, Culture=neutral, PublicKeyToken=cc7b13ffcd2ddd51' and ignoring 'Packages/com.unity.ai.assistant/Plugins/Shared/Microsoft.Bcl.Memory.dll, AssemblyName=Microsoft.Bcl.Memory, Version=10.0.0.1, Culture=neutral, PublicKeyToken=cc7b13ffcd2ddd51'.Duplicate assembly 'System.Runtime.CompilerServices.Unsafe.dll' with different versions detected, using 'Packages/com.unity.ai.assistant/Plugins/Shared/System.Runtime.CompilerServices.Unsafe.dll, AssemblyName=System.Runtime.CompilerServices.Unsafe, Version=6.0.3.0, Culture=neutral, PublicKeyToken=b03f5f7f11d50a3a' and ignoring 'Packages/com.unity.collections/Unity.Collections.Tests/System.Runtime.CompilerServices.Unsafe/System.Runtime.CompilerServices.Unsafe.dll, AssemblyName=System.Runtime.CompilerServices.Unsafe, Version=6.0.0.0, Culture=neutral, PublicKeyToken=b03f5f7f11d50a3a'.info: Microsoft.Hosting.Lifetime[14]
      Now listening on: http://localhost:80
info: Microsoft.Hosting.Lifetime[0]
      Application started. Press Ctrl+C to shut down.
info: Microsoft.Hosting.Lifetime[0]
      Hosting environment: Production
info: Microsoft.Hosting.Lifetime[0]
      Content root path: D:\projects\alcyone-ember-rpg\
info: Microsoft.AspNetCore.Hosting.Diagnostics[1]
      Request starting HTTP/2 POST http://ilpp/UnityILPP.PostProcessing/Ping application/grpc -
info: Microsoft.AspNetCore.Routing.EndpointMiddleware[0]
      Executing endpoint 'gRPC - /UnityILPP.PostProcessing/Ping'
info: Microsoft.AspNetCore.Routing.EndpointMiddleware[1]
      Executed endpoint 'gRPC - /UnityILPP.PostProcessing/Ping'
info: Microsoft.AspNetCore.Hosting.Diagnostics[2]
      Request finished HTTP/2 POST http://ilpp/UnityILPP.PostProcessing/Ping application/grpc - - 200 - application/grpc 153.2841ms
Refreshing native plugins compatible for Editor in 14.15 ms, found 19 plugins.
Starting: E:\Program Files\Unity\Hub\Editor\6000.3.13f1\Editor\Data\Tools\BuildPipeline\bee_backend.exe --ipc --defer-dag-verification --dagfile="Library/Bee/1900b0aE.dag" --continue-on-failure --profile="Library/Bee/backend1.traceevents" ScriptAssemblies
WorkingDir: D:/projects/alcyone-ember-rpg
info: Microsoft.AspNetCore.Hosting.Diagnostics[1]
      Request starting HTTP/2 POST http://ilpp/UnityILPP.PostProcessing/ConfigurePostProcessors application/grpc -
info: Microsoft.AspNetCore.Routing.EndpointMiddleware[0]
      Executing endpoint 'gRPC - /UnityILPP.PostProcessing/ConfigurePostProcessors'
DisplayProgressbar: Compiling Scripts
warn: Unity.ILPP.Runner.PostProcessingAssemblyLoadContext[0]
      Assembly system.runtime.interopservices.windowsruntime has duplicate hint path. Ignoring "E:\Program Files\Unity\Hub\Editor\6000.3.13f1\Editor\Data\UnityReferenceAssemblies\unity-4.8-api\Facades\System.Runtime.InteropServices.WindowsRuntime.dll" in favor of "E:\Program Files\Unity\Hub\Editor\6000.3.13f1\Editor\Data\NetStandard\Extensions\2.0.0\System.Runtime.InteropServices.WindowsRuntime.dll"
warn: Unity.ILPP.Runner.PostProcessingAssemblyLoadContext[0]
      Assembly system.componentmodel.composition has duplicate hint path. Ignoring "E:\Program Files\Unity\Hub\Editor\6000.3.13f1\Editor\Data\UnityReferenceAssemblies\unity-4.8-api\System.ComponentModel.Composition.dll" in favor of "E:\Program Files\Unity\Hub\Editor\6000.3.13f1\Editor\Data\NetStandard\compat\2.1.0\shims\netfx\System.ComponentModel.Composition.dll"
info: Unity.ILPP.Runner.PostProcessingAssemblyLoadContext[0]
      Resolved Unity.Burst.Cecil, Version=0.11.6.0, Culture=neutral, PublicKeyToken=50cebf1cceb9d05e with Library\PackageCache\com.unity.burst@6bb9aca3ef38\Unity.Burst.CodeGen\Unity.Burst.Cecil.dll
info: Unity.ILPP.Runner.PostProcessingAssemblyLoadContext[0]
      Resolved Mono.Cecil, Version=0.11.5.0, Culture=neutral, PublicKeyToken=50cebf1cceb9d05e with Library\PackageCache\com.unity.nuget.mono-cecil@ecb9724e46ff\Mono.Cecil.dll
info: Microsoft.AspNetCore.Routing.EndpointMiddleware[1]
      Executed endpoint 'gRPC - /UnityILPP.PostProcessing/ConfigurePostProcessors'
info: Microsoft.AspNetCore.Hosting.Diagnostics[2]
      Request finished HTTP/2 POST http://ilpp/UnityILPP.PostProcessing/ConfigurePostProcessors application/grpc - - 200 - application/grpc 356.3720ms
info: Microsoft.AspNetCore.Hosting.Diagnostics[1]
      Request starting HTTP/2 POST http://ilpp/UnityILPP.PostProcessing/PostProcessAssembly application/grpc -
info: Microsoft.AspNetCore.Routing.EndpointMiddleware[0]
      Executing endpoint 'gRPC - /UnityILPP.PostProcessing/PostProcessAssembly'
info: Unity.ILPP.Runner.PostProcessingPipeline[0]
      Processing assembly Library/Bee/artifacts/1900b0aE.dag/EmberCrpg.Simulation.dll, with 140 defines and 173 references
info: Unity.ILPP.Runner.PostProcessingPipeline[0]
      processors: Unity.Jobs.CodeGen.JobsILPostProcessor, zzzUnity.Burst.CodeGen.BurstILPostProcessor
info: Unity.ILPP.Runner.PostProcessingPipeline[0]
      running Unity.Jobs.CodeGen.JobsILPostProcessor
info: Unity.ILPP.Runner.PostProcessingPipeline[0]
      running zzzUnity.Burst.CodeGen.BurstILPostProcessor
info: Microsoft.AspNetCore.Routing.EndpointMiddleware[1]
      Executed endpoint 'gRPC - /UnityILPP.PostProcessing/PostProcessAssembly'
info: Microsoft.AspNetCore.Hosting.Diagnostics[2]
      Request finished HTTP/2 POST http://ilpp/UnityILPP.PostProcessing/PostProcessAssembly application/grpc - - 200 - application/grpc 320.3814ms
info: Microsoft.AspNetCore.Hosting.Diagnostics[1]
      Request starting HTTP/2 POST http://ilpp/UnityILPP.PostProcessing/PostProcessAssembly application/grpc -
info: Microsoft.AspNetCore.Routing.EndpointMiddleware[0]
      Executing endpoint 'gRPC - /UnityILPP.PostProcessing/PostProcessAssembly'
info: Unity.ILPP.Runner.PostProcessingPipeline[0]
      Processing assembly Library/Bee/artifacts/1900b0aE.dag/EmberCrpg.Infrastructure.dll, with 140 defines and 172 references
info: Unity.ILPP.Runner.PostProcessingPipeline[0]
      processors: Unity.Jobs.CodeGen.JobsILPostProcessor, zzzUnity.Burst.CodeGen.BurstILPostProcessor
info: Unity.ILPP.Runner.PostProcessingPipeline[0]
      running Unity.Jobs.CodeGen.JobsILPostProcessor
info: Unity.ILPP.Runner.PostProcessingPipeline[0]
      running zzzUnity.Burst.CodeGen.BurstILPostProcessor
info: Microsoft.AspNetCore.Routing.EndpointMiddleware[1]
      Executed endpoint 'gRPC - /UnityILPP.PostProcessing/PostProcessAssembly'
info: Microsoft.AspNetCore.Hosting.Diagnostics[2]
      Request finished HTTP/2 POST http://ilpp/UnityILPP.PostProcessing/PostProcessAssembly application/grpc - - 200 - application/grpc 27.7465ms
info: Microsoft.AspNetCore.Hosting.Diagnostics[1]
      Request starting HTTP/2 POST http://ilpp/UnityILPP.PostProcessing/PostProcessAssembly application/grpc -
info: Microsoft.AspNetCore.Routing.EndpointMiddleware[0]
      Executing endpoint 'gRPC - /UnityILPP.PostProcessing/PostProcessAssembly'
info: Unity.ILPP.Runner.PostProcessingPipeline[0]
      Processing assembly Library/Bee/artifacts/1900b0aE.dag/EmberCrpg.Tests.PlayMode.dll, with 140 defines and 265 references
info: Unity.ILPP.Runner.PostProcessingPipeline[0]
      processors: Unity.Jobs.CodeGen.JobsILPostProcessor, zzzUnity.Burst.CodeGen.BurstILPostProcessor
info: Unity.ILPP.Runner.PostProcessingPipeline[0]
      running Unity.Jobs.CodeGen.JobsILPostProcessor
info: Unity.ILPP.Runner.PostProcessingPipeline[0]
      running zzzUnity.Burst.CodeGen.BurstILPostProcessor
info: Microsoft.AspNetCore.Hosting.Diagnostics[1]
      Request starting HTTP/2 POST http://ilpp/UnityILPP.PostProcessing/PostProcessAssembly application/grpc -
info: Microsoft.AspNetCore.Routing.EndpointMiddleware[0]
      Executing endpoint 'gRPC - /UnityILPP.PostProcessing/PostProcessAssembly'
info: Microsoft.AspNetCore.Routing.EndpointMiddleware[1]
      Executed endpoint 'gRPC - /UnityILPP.PostProcessing/PostProcessAssembly'
info: Microsoft.AspNetCore.Hosting.Diagnostics[2]
      Request finished HTTP/2 POST http://ilpp/UnityILPP.PostProcessing/PostProcessAssembly application/grpc - - 200 - application/grpc 64.7247ms
info: Unity.ILPP.Runner.PostProcessingPipeline[0]
      Processing assembly Library/Bee/artifacts/1900b0aE.dag/EmberCrpg.Presentation.dll, with 140 defines and 320 references
info: Unity.ILPP.Runner.PostProcessingPipeline[0]
      processors: Unity.Jobs.CodeGen.JobsILPostProcessor, zzzUnity.Burst.CodeGen.BurstILPostProcessor
info: Unity.ILPP.Runner.PostProcessingPipeline[0]
      running Unity.Jobs.CodeGen.JobsILPostProcessor
info: Unity.ILPP.Runner.PostProcessingPipeline[0]
      running zzzUnity.Burst.CodeGen.BurstILPostProcessor
info: Microsoft.AspNetCore.Routing.EndpointMiddleware[1]
      Executed endpoint 'gRPC - /UnityILPP.PostProcessing/PostProcessAssembly'
info: Microsoft.AspNetCore.Hosting.Diagnostics[2]
      Request finished HTTP/2 POST http://ilpp/UnityILPP.PostProcessing/PostProcessAssembly application/grpc - - 200 - application/grpc 1612.3172ms
info: Microsoft.AspNetCore.Hosting.Diagnostics[1]
      Request starting HTTP/2 POST http://ilpp/UnityILPP.PostProcessing/PostProcessAssembly application/grpc -
info: Microsoft.AspNetCore.Routing.EndpointMiddleware[0]
      Executing endpoint 'gRPC - /UnityILPP.PostProcessing/PostProcessAssembly'
info: Unity.ILPP.Runner.PostProcessingPipeline[0]
      Processing assembly Library/Bee/artifacts/1900b0aE.dag/EmberCrpg.Tests.EditMode.dll, with 138 defines and 276 references
info: Unity.ILPP.Runner.PostProcessingPipeline[0]
      processors: Unity.Jobs.CodeGen.JobsILPostProcessor, zzzUnity.Burst.CodeGen.BurstILPostProcessor
info: Unity.ILPP.Runner.PostProcessingPipeline[0]
      running Unity.Jobs.CodeGen.JobsILPostProcessor
info: Unity.ILPP.Runner.PostProcessingPipeline[0]
      running zzzUnity.Burst.CodeGen.BurstILPostProcessor
info: Microsoft.AspNetCore.Routing.EndpointMiddleware[1]
      Executed endpoint 'gRPC - /UnityILPP.PostProcessing/PostProcessAssembly'
info: Microsoft.AspNetCore.Hosting.Diagnostics[2]
      Request finished HTTP/2 POST http://ilpp/UnityILPP.PostProcessing/PostProcessAssembly application/grpc - - 200 - application/grpc 53.9987ms
info: Microsoft.AspNetCore.Hosting.Diagnostics[1]
      Request starting HTTP/2 POST http://ilpp/UnityILPP.PostProcessing/PostProcessAssembly application/grpc -
info: Microsoft.AspNetCore.Routing.EndpointMiddleware[0]
      Executing endpoint 'gRPC - /UnityILPP.PostProcessing/PostProcessAssembly'
info: Unity.ILPP.Runner.PostProcessingPipeline[0]
      Processing assembly Library/Bee/artifacts/1900b0aE.dag/Assembly-CSharp-Editor.dll, with 138 defines and 377 references
info: Unity.ILPP.Runner.PostProcessingPipeline[0]
      processors: Unity.Jobs.CodeGen.JobsILPostProcessor, zzzUnity.Burst.CodeGen.BurstILPostProcessor
info: Unity.ILPP.Runner.PostProcessingPipeline[0]
      running Unity.Jobs.CodeGen.JobsILPostProcessor
info: Unity.ILPP.Runner.PostProcessingAssemblyLoadContext[0]
      Resolved Unity.Collections, Version=0.0.0.0, Culture=neutral, PublicKeyToken=null with Library\Bee\artifacts\1900b0aE.dag\Unity.Collections.dll
info: Unity.ILPP.Runner.PostProcessingAssemblyLoadContext[0]
      Resolved UnityEditor.CoreModule, Version=0.0.0.0, Culture=neutral, PublicKeyToken=null with E:\Program Files\Unity\Hub\Editor\6000.3.13f1\Editor\Data\Managed\UnityEngine\UnityEditor.CoreModule.dll
info: Unity.ILPP.Runner.PostProcessingAssemblyLoadContext[0]
      Resolved UnityEngine.CoreModule, Version=0.0.0.0, Culture=neutral, PublicKeyToken=null with E:\Program Files\Unity\Hub\Editor\6000.3.13f1\Editor\Data\Managed\UnityEngine\UnityEngine.CoreModule.dll
info: Unity.ILPP.Runner.PostProcessingPipeline[0]
      running zzzUnity.Burst.CodeGen.BurstILPostProcessor
info: Unity.ILPP.Runner.PostProcessingAssemblyLoadContext[0]
      Resolved Unity.Burst.Cecil.Rocks, Version=0.11.6.0, Culture=neutral, PublicKeyToken=50cebf1cceb9d05e with Library\PackageCache\com.unity.burst@6bb9aca3ef38\Unity.Burst.CodeGen\Unity.Burst.Cecil.Rocks.dll
info: Microsoft.AspNetCore.Routing.EndpointMiddleware[1]
      Executed endpoint 'gRPC - /UnityILPP.PostProcessing/PostProcessAssembly'
info: Microsoft.AspNetCore.Hosting.Diagnostics[2]
      Request finished HTTP/2 POST http://ilpp/UnityILPP.PostProcessing/PostProcessAssembly application/grpc - - 200 - application/grpc 9226.6929ms
ExitCode: 0 Duration: 25s
[ 964/1271  0s] ILPP-Configuration Library/ilpp-configuration.nevergeneratedoutput
[1247/1271  2s] Csc Library/Bee/artifacts/1900b0aE.dag/EmberCrpg.Simulation.dll (+2 others)
[1248/1271  0s] Csc Library/Bee/artifacts/1900b0aE.dag/EmberCrpg.Infrastructure.dll (+2 others)
[1249/1271  0s] ILPostProcess Library/Bee/artifacts/1900b0aE.dag/post-processed/EmberCrpg.Simulation.dll (+pdb)
Processing assembly Library/Bee/artifacts/1900b0aE.dag/EmberCrpg.Simulation.dll, with 140 defines and 173 references

processors: Unity.Jobs.CodeGen.JobsILPostProcessor, zzzUnity.Burst.CodeGen.BurstILPostProcessor

running Unity.Jobs.CodeGen.JobsILPostProcessor

running zzzUnity.Burst.CodeGen.BurstILPostProcessor
[1250/1271  0s] CopyFiles Library/ScriptAssemblies/EmberCrpg.Simulation.pdb
[1251/1271  0s] ILPostProcess Library/Bee/artifacts/1900b0aE.dag/post-processed/EmberCrpg.Infrastructure.dll (+pdb)
Processing assembly Library/Bee/artifacts/1900b0aE.dag/EmberCrpg.Infrastructure.dll, with 140 defines and 172 references

processors: Unity.Jobs.CodeGen.JobsILPostProcessor, zzzUnity.Burst.CodeGen.BurstILPostProcessor

running Unity.Jobs.CodeGen.JobsILPostProcessor

running zzzUnity.Burst.CodeGen.BurstILPostProcessor
[1252/1271  0s] CopyFiles Library/ScriptAssemblies/EmberCrpg.Infrastructure.pdb
[1253/1271  0s] CopyFiles Library/ScriptAssemblies/EmberCrpg.Infrastructure.dll
[1254/1271  0s] CopyFiles Library/ScriptAssemblies/EmberCrpg.Simulation.dll
[1255/1271  2s] Csc Library/Bee/artifacts/1900b0aE.dag/EmberCrpg.Presentation.dll (+2 others)
Assets\Scripts\Presentation\Ember\Diagnostics\EmberProofScreenshotDriver.cs(786,26): warning CS0219: The variable 'buried' is assigned but its value is never used

Assets\Scripts\Presentation\Ember\UI\EmberHud.ActionBar.cs(200,17): warning CS0618: 'TMP_Text.enableWordWrapping' is obsolete: 'The enabledWordWrapping property is now obsolete. Please use the textWrappingMode property instead.'

Assets\Scripts\Presentation\Ember\UI\EventLogHudPanel.cs(111,13): warning CS0618: 'TMP_Text.enableWordWrapping' is obsolete: 'The enabledWordWrapping property is now obsolete. Please use the textWrappingMode property instead.'
[1256/1271  1s] Csc Library/Bee/artifacts/1900b0aE.dag/EmberCrpg.Tests.PlayMode.dll (+2 others)
[1257/1271  0s] ILPostProcess Library/Bee/artifacts/1900b0aE.dag/post-processed/EmberCrpg.Tests.PlayMode.dll (+pdb)
Processing assembly Library/Bee/artifacts/1900b0aE.dag/EmberCrpg.Tests.PlayMode.dll, with 140 defines and 265 references

processors: Unity.Jobs.CodeGen.JobsILPostProcessor, zzzUnity.Burst.CodeGen.BurstILPostProcessor

running Unity.Jobs.CodeGen.JobsILPostProcessor

running zzzUnity.Burst.CodeGen.BurstILPostProcessor
[1258/1271  0s] CopyFiles Library/ScriptAssemblies/EmberCrpg.Tests.PlayMode.pdb
[1259/1271  0s] CopyFiles Library/ScriptAssemblies/EmberCrpg.Tests.PlayMode.dll
[1260/1271  2s] ILPostProcess Library/Bee/artifacts/1900b0aE.dag/post-processed/EmberCrpg.Presentation.dll (+pdb)
Processing assembly Library/Bee/artifacts/1900b0aE.dag/EmberCrpg.Presentation.dll, with 140 defines and 320 references

processors: Unity.Jobs.CodeGen.JobsILPostProcessor, zzzUnity.Burst.CodeGen.BurstILPostProcessor

running Unity.Jobs.CodeGen.JobsILPostProcessor

running zzzUnity.Burst.CodeGen.BurstILPostProcessor
[1261/1271  0s] CopyFiles Library/ScriptAssemblies/EmberCrpg.Presentation.pdb
[1262/1271  4s] Csc Library/Bee/artifacts/1900b0aE.dag/EmberCrpg.Tests.EditMode.dll (+2 others)
Assets\Tests\EditMode\WorldDirector\WorldGeoSamplerTests.cs(16,45): warning CS0618: 'OverlandWorldgen.Generate(uint, OverlandParameters)' is obsolete: 'B28: test-only. Production uses Generate(GeneratedWorld, parameters); this flat-seed overload builds a DIFFERENT map for the same seed (planet pipeline vs default). Live callers migrated 2026-07-25.'

Assets\Tests\EditMode\Overland\OverlandWorldgenTests.cs(23,24): warning CS0618: 'OverlandWorldgen.Generate(uint, OverlandParameters)' is obsolete: 'B28: test-only. Production uses Generate(GeneratedWorld, parameters); this flat-seed overload builds a DIFFERENT map for the same seed (planet pipeline vs default). Live callers migrated 2026-07-25.'

Assets\Tests\EditMode\Overland\OverlandWorldgenTests.cs(24,24): warning CS0618: 'OverlandWorldgen.Generate(uint, OverlandParameters)' is obsolete: 'B28: test-only. Production uses Generate(GeneratedWorld, parameters); this flat-seed overload builds a DIFFERENT map for the same seed (planet pipeline vs default). Live callers migrated 2026-07-25.'

Assets\Tests\EditMode\Overland\OverlandWorldgenTests.cs(33,24): warning CS0618: 'OverlandWorldgen.Generate(uint, OverlandParameters)' is obsolete: 'B28: test-only. Production uses Generate(GeneratedWorld, parameters); this flat-seed overload builds a DIFFERENT map for the same seed (planet pipeline vs default). Live callers migrated 2026-07-25.'

Assets\Tests\EditMode\Overland\OverlandWorldgenTests.cs(34,24): warning CS0618: 'OverlandWorldgen.Generate(uint, OverlandParameters)' is obsolete: 'B28: test-only. Production uses Generate(GeneratedWorld, parameters); this flat-seed overload builds a DIFFERENT map for the same seed (planet pipeline vs default). Live callers migrated 2026-07-25.'

Assets\Tests\EditMode\Overland\OverlandWorldgenTests.cs(123,23): warning CS0618: 'OverlandWorldgen.Generate(uint, OverlandParameters)' is obsolete: 'B28: test-only. Production uses Generate(GeneratedWorld, parameters); this flat-seed overload builds a DIFFERENT map for the same seed (planet pipeline vs default). Live callers migrated 2026-07-25.'

Assets\Tests\EditMode\Overland\OverlandWorldgenTests.cs(189,23): warning CS0618: 'OverlandWorldgen.Generate(uint, OverlandParameters)' is obsolete: 'B28: test-only. Production uses Generate(GeneratedWorld, parameters); this flat-seed overload builds a DIFFERENT map for the same seed (planet pipeline vs default). Live callers migrated 2026-07-25.'

Assets\Tests\EditMode\Overland\OverlandMapImageSamplerTests.cs(13,24): warning CS0618: 'OverlandWorldgen.Generate(uint, OverlandParameters)' is obsolete: 'B28: test-only. Production uses Generate(GeneratedWorld, parameters); this flat-seed overload builds a DIFFERENT map for the same seed (planet pipeline vs default). Live callers migrated 2026-07-25.'

Assets\Tests\EditMode\Overland\OverlandMapImageSamplerTests.cs(14,24): warning CS0618: 'OverlandWorldgen.Generate(uint, OverlandParameters)' is obsolete: 'B28: test-only. Production uses Generate(GeneratedWorld, parameters); this flat-seed overload builds a DIFFERENT map for the same seed (planet pipeline vs default). Live callers migrated 2026-07-25.'

Assets\Tests\EditMode\Overland\OverlandMapImageSamplerTests.cs(26,24): warning CS0618: 'OverlandWorldgen.Generate(uint, OverlandParameters)' is obsolete: 'B28: test-only. Production uses Generate(GeneratedWorld, parameters); this flat-seed overload builds a DIFFERENT map for the same seed (planet pipeline vs default). Live callers migrated 2026-07-25.'

Assets\Tests\EditMode\Overland\OverlandMapImageSamplerTests.cs(27,24): warning CS0618: 'OverlandWorldgen.Generate(uint, OverlandParameters)' is obsolete: 'B28: test-only. Production uses Generate(GeneratedWorld, parameters); this flat-seed overload builds a DIFFERENT map for the same seed (planet pipeline vs default). Live callers migrated 2026-07-25.'

Assets\Tests\EditMode\Overland\OverlandMapImageSamplerTests.cs(72,23): warning CS0618: 'OverlandWorldgen.Generate(uint, OverlandParameters)' is obsolete: 'B28: test-only. Production uses Generate(GeneratedWorld, parameters); this flat-seed overload builds a DIFFERENT map for the same seed (planet pipeline vs default). Live callers migrated 2026-07-25.'
[1263/1271  0s] CopyFiles Library/ScriptAssemblies/EmberCrpg.Presentation.dll
[1264/1271  0s] ILPostProcess Library/Bee/artifacts/1900b0aE.dag/post-processed/EmberCrpg.Tests.EditMode.dll (+pdb)
Processing assembly Library/Bee/artifacts/1900b0aE.dag/EmberCrpg.Tests.EditMode.dll, with 138 defines and 276 references

processors: Unity.Jobs.CodeGen.JobsILPostProcessor, zzzUnity.Burst.CodeGen.BurstILPostProcessor

running Unity.Jobs.CodeGen.JobsILPostProcessor

running zzzUnity.Burst.CodeGen.BurstILPostProcessor
[1265/1271  0s] CopyFiles Library/ScriptAssemblies/EmberCrpg.Tests.EditMode.pdb
[1266/1271  0s] CopyFiles Library/ScriptAssemblies/EmberCrpg.Tests.EditMode.dll
[1267/1271  7s] Csc Library/Bee/artifacts/1900b0aE.dag/Assembly-CSharp-Editor.dll (+2 others)
Assets\Editor\Ember\Menu\ForgeMenu.cs(21,33): warning CS0618: 'DomainSimulationAdapter.World' is obsolete: 'B25: use IWorldViewReadModel / role interfaces. Editor-only escape hatch.'
[BUSY       6s] ILPostProcess Library/Bee/artifacts/1900b0aE.dag/post-processed/Assembly-CSharp-Editor.dll (+pdb)
[1268/1271  9s] ILPostProcess Library/Bee/artifacts/1900b0aE.dag/post-processed/Assembly-CSharp-Editor.dll (+pdb)
Processing assembly Library/Bee/artifacts/1900b0aE.dag/Assembly-CSharp-Editor.dll, with 138 defines and 377 references

processors: Unity.Jobs.CodeGen.JobsILPostProcessor, zzzUnity.Burst.CodeGen.BurstILPostProcessor

running Unity.Jobs.CodeGen.JobsILPostProcessor

running zzzUnity.Burst.CodeGen.BurstILPostProcessor
[1269/1271  0s] CopyFiles Library/ScriptAssemblies/Assembly-CSharp-Editor.pdb
[1270/1271  0s] CopyFiles Library/ScriptAssemblies/Assembly-CSharp-Editor.dll
*** Tundra build success (25.28 seconds), 25 items updated, 1271 evaluated
Assets\Scripts\Presentation\Ember\Diagnostics\EmberProofScreenshotDriver.cs(786,26): warning CS0219: The variable 'buried' is assigned but its value is never used
Assets\Scripts\Presentation\Ember\UI\EmberHud.ActionBar.cs(200,17): warning CS0618: 'TMP_Text.enableWordWrapping' is obsolete: 'The enabledWordWrapping property is now obsolete. Please use the textWrappingMode property instead.'
Assets\Scripts\Presentation\Ember\UI\EventLogHudPanel.cs(111,13): warning CS0618: 'TMP_Text.enableWordWrapping' is obsolete: 'The enabledWordWrapping property is now obsolete. Please use the textWrappingMode property instead.'
Assets\Tests\EditMode\WorldDirector\WorldGeoSamplerTests.cs(16,45): warning CS0618: 'OverlandWorldgen.Generate(uint, OverlandParameters)' is obsolete: 'B28: test-only. Production uses Generate(GeneratedWorld, parameters); this flat-seed overload builds a DIFFERENT map for the same seed (planet pipeline vs default). Live callers migrated 2026-07-25.'
Assets\Tests\EditMode\Overland\OverlandWorldgenTests.cs(23,24): warning CS0618: 'OverlandWorldgen.Generate(uint, OverlandParameters)' is obsolete: 'B28: test-only. Production uses Generate(GeneratedWorld, parameters); this flat-seed overload builds a DIFFERENT map for the same seed (planet pipeline vs default). Live callers migrated 2026-07-25.'
Assets\Tests\EditMode\Overland\OverlandWorldgenTests.cs(24,24): warning CS0618: 'OverlandWorldgen.Generate(uint, OverlandParameters)' is obsolete: 'B28: test-only. Production uses Generate(GeneratedWorld, parameters); this flat-seed overload builds a DIFFERENT map for the same seed (planet pipeline vs default). Live callers migrated 2026-07-25.'
Assets\Tests\EditMode\Overland\OverlandWorldgenTests.cs(33,24): warning CS0618: 'OverlandWorldgen.Generate(uint, OverlandParameters)' is obsolete: 'B28: test-only. Production uses Generate(GeneratedWorld, parameters); this flat-seed overload builds a DIFFERENT map for the same seed (planet pipeline vs default). Live callers migrated 2026-07-25.'
Assets\Tests\EditMode\Overland\OverlandWorldgenTests.cs(34,24): warning CS0618: 'OverlandWorldgen.Generate(uint, OverlandParameters)' is obsolete: 'B28: test-only. Production uses Generate(GeneratedWorld, parameters); this flat-seed overload builds a DIFFERENT map for the same seed (planet pipeline vs default). Live callers migrated 2026-07-25.'
Assets\Tests\EditMode\Overland\OverlandWorldgenTests.cs(123,23): warning CS0618: 'OverlandWorldgen.Generate(uint, OverlandParameters)' is obsolete: 'B28: test-only. Production uses Generate(GeneratedWorld, parameters); this flat-seed overload builds a DIFFERENT map for the same seed (planet pipeline vs default). Live callers migrated 2026-07-25.'
Assets\Tests\EditMode\Overland\OverlandWorldgenTests.cs(189,23): warning CS0618: 'OverlandWorldgen.Generate(uint, OverlandParameters)' is obsolete: 'B28: test-only. Production uses Generate(GeneratedWorld, parameters); this flat-seed overload builds a DIFFERENT map for the same seed (planet pipeline vs default). Live callers migrated 2026-07-25.'
Assets\Tests\EditMode\Overland\OverlandMapImageSamplerTests.cs(13,24): warning CS0618: 'OverlandWorldgen.Generate(uint, OverlandParameters)' is obsolete: 'B28: test-only. Production uses Generate(GeneratedWorld, parameters); this flat-seed overload builds a DIFFERENT map for the same seed (planet pipeline vs default). Live callers migrated 2026-07-25.'
Assets\Tests\EditMode\Overland\OverlandMapImageSamplerTests.cs(14,24): warning CS0618: 'OverlandWorldgen.Generate(uint, OverlandParameters)' is obsolete: 'B28: test-only. Production uses Generate(GeneratedWorld, parameters); this flat-seed overload builds a DIFFERENT map for the same seed (planet pipeline vs default). Live callers migrated 2026-07-25.'
Assets\Tests\EditMode\Overland\OverlandMapImageSamplerTests.cs(26,24): warning CS0618: 'OverlandWorldgen.Generate(uint, OverlandParameters)' is obsolete: 'B28: test-only. Production uses Generate(GeneratedWorld, parameters); this flat-seed overload builds a DIFFERENT map for the same seed (planet pipeline vs default). Live callers migrated 2026-07-25.'
Assets\Tests\EditMode\Overland\OverlandMapImageSamplerTests.cs(27,24): warning CS0618: 'OverlandWorldgen.Generate(uint, OverlandParameters)' is obsolete: 'B28: test-only. Production uses Generate(GeneratedWorld, parameters); this flat-seed overload builds a DIFFERENT map for the same seed (planet pipeline vs default). Live callers migrated 2026-07-25.'
Assets\Tests\EditMode\Overland\OverlandMapImageSamplerTests.cs(72,23): warning CS0618: 'OverlandWorldgen.Generate(uint, OverlandParameters)' is obsolete: 'B28: test-only. Production uses Generate(GeneratedWorld, parameters); this flat-seed overload builds a DIFFERENT map for the same seed (planet pipeline vs default). Live callers migrated 2026-07-25.'
Assets\Editor\Ember\Menu\ForgeMenu.cs(21,33): warning CS0618: 'DomainSimulationAdapter.World' is obsolete: 'B25: use IWorldViewReadModel / role interfaces. Editor-only escape hatch.'
AssetDatabase: script compilation time: 28.508188s
Begin MonoManager ReloadAssembly
Duplicate assembly 'Microsoft.Bcl.AsyncInterfaces.dll' with different versions detected, using 'Assets/Plugins/x86_64/Microsoft.Bcl.AsyncInterfaces.dll, AssemblyName=Microsoft.Bcl.AsyncInterfaces, Version=10.0.0.5, Culture=neutral, PublicKeyToken=cc7b13ffcd2ddd51' and ignoring 'Packages/com.unity.ai.assistant/Plugins/Shared/Microsoft.Bcl.AsyncInterfaces.dll, AssemblyName=Microsoft.Bcl.AsyncInterfaces, Version=10.0.0.1, Culture=neutral, PublicKeyToken=cc7b13ffcd2ddd51'.Duplicate assembly 'System.Reflection.Metadata.dll' with different versions detected, using 'Packages/com.unity.ai.assistant/Plugins/Shared/System.Reflection.Metadata.dll, AssemblyName=System.Reflection.Metadata, Version=10.0.0.1, Culture=neutral, PublicKeyToken=b03f5f7f11d50a3a' and ignoring 'Assets/Plugins/NuGet/System.Reflection.Metadata.dll, AssemblyName=System.Reflection.Metadata, Version=7.0.0.0, Culture=neutral, PublicKeyToken=b03f5f7f11d50a3a'.Duplicate assembly 'System.Text.Json.dll' with different versions detected, using 'Assets/Plugins/x86_64/System.Text.Json.dll, AssemblyName=System.Text.Json, Version=10.0.0.0, Culture=neutral, PublicKeyToken=cc7b13ffcd2ddd51' and ignoring 'Packages/com.unity.ai.assistant/Plugins/Shared/System.Text.Json.dll, AssemblyName=System.Text.Json, Version=8.0.0.0, Culture=neutral, PublicKeyToken=cc7b13ffcd2ddd51'.Duplicate assembly 'System.Text.Json.dll' with different versions detected, using 'Assets/Plugins/x86_64/System.Text.Json.dll, AssemblyName=System.Text.Json, Version=10.0.0.0, Culture=neutral, PublicKeyToken=cc7b13ffcd2ddd51' and ignoring 'Assets/Plugins/NuGet/System.Text.Json.dll, AssemblyName=System.Text.Json, Version=8.0.0.0, Culture=neutral, PublicKeyToken=cc7b13ffcd2ddd51'.Duplicate assembly 'System.Text.Encodings.Web.dll' with different versions detected, using 'Packages/com.unity.ai.assistant/Plugins/Shared/System.Text.Encodings.Web.dll, AssemblyName=System.Text.Encodings.Web, Version=10.0.0.1, Culture=neutral, PublicKeyToken=cc7b13ffcd2ddd51' and ignoring 'Assets/Plugins/NuGet/System.Text.Encodings.Web.dll, AssemblyName=System.Text.Encodings.Web, Version=8.0.0.0, Culture=neutral, PublicKeyToken=cc7b13ffcd2ddd51'.Duplicate assembly 'Microsoft.CodeAnalysis.CSharp.dll' with different versions detected, using 'Assets/Plugins/NuGet/Microsoft.CodeAnalysis.CSharp.dll, AssemblyName=Microsoft.CodeAnalysis.CSharp, Version=4.8.0.0, Culture=neutral, PublicKeyToken=31bf3856ad364e35' and ignoring 'Packages/com.unity.ai.assistant/Plugins/CodeAnalysis/Microsoft.CodeAnalysis.CSharp.dll, AssemblyName=Microsoft.CodeAnalysis.CSharp, Version=3.11.0.0, Culture=neutral, PublicKeyToken=31bf3856ad364e35'.Duplicate assembly 'System.Collections.Immutable.dll' with different versions detected, using 'Packages/com.unity.ai.assistant/Plugins/Shared/System.Collections.Immutable.dll, AssemblyName=System.Collections.Immutable, Version=10.0.0.1, Culture=neutral, PublicKeyToken=b03f5f7f11d50a3a' and ignoring 'Assets/Plugins/NuGet/System.Collections.Immutable.dll, AssemblyName=System.Collections.Immutable, Version=7.0.0.0, Culture=neutral, PublicKeyToken=b03f5f7f11d50a3a'.Duplicate assembly 'Microsoft.CodeAnalysis.dll' with different versions detected, using 'Assets/Plugins/NuGet/Microsoft.CodeAnalysis.dll, AssemblyName=Microsoft.CodeAnalysis, Version=4.8.0.0, Culture=neutral, PublicKeyToken=31bf3856ad364e35' and ignoring 'Packages/com.unity.ai.assistant/Plugins/CodeAnalysis/Microsoft.CodeAnalysis.dll, AssemblyName=Microsoft.CodeAnalysis, Version=3.11.0.0, Culture=neutral, PublicKeyToken=31bf3856ad364e35'.Duplicate assembly 'Microsoft.Bcl.Memory.dll' with different versions detected, using 'Assets/Plugins/NuGet/Microsoft.Bcl.Memory.dll, AssemblyName=Microsoft.Bcl.Memory, Version=10.0.0.3, Culture=neutral, PublicKeyToken=cc7b13ffcd2ddd51' and ignoring 'Packages/com.unity.ai.assistant/Plugins/Shared/Microsoft.Bcl.Memory.dll, AssemblyName=Microsoft.Bcl.Memory, Version=10.0.0.1, Culture=neutral, PublicKeyToken=cc7b13ffcd2ddd51'.Duplicate assembly 'System.Runtime.CompilerServices.Unsafe.dll' with different versions detected, using 'Packages/com.unity.ai.assistant/Plugins/Shared/System.Runtime.CompilerServices.Unsafe.dll, AssemblyName=System.Runtime.CompilerServices.Unsafe, Version=6.0.3.0, Culture=neutral, PublicKeyToken=b03f5f7f11d50a3a' and ignoring 'Packages/com.unity.collections/Unity.Collections.Tests/System.Runtime.CompilerServices.Unsafe/System.Runtime.CompilerServices.Unsafe.dll, AssemblyName=System.Runtime.CompilerServices.Unsafe, Version=6.0.0.0, Culture=neutral, PublicKeyToken=b03f5f7f11d50a3a'.Symbol file LoadedFromMemory is not a mono symbol file
- Loaded All Assemblies, in 40.130 seconds
'Packages/com.unity.cinemachine/Editor/Editors/CinemachineVirtualCameraBaseEditor.cs' contains partial class of Unity.Object, exactly 1 of the partial classes needs to be in a file with the same filename. This is to know the one that can be referenced from ie. GameObjects
'Packages/com.unity.cinemachine/Editor/Obsolete/CinemachineVirtualCameraBaseEditor.cs' contains partial class of Unity.Object, exactly 1 of the partial classes needs to be in a file with the same filename. This is to know the one that can be referenced from ie. GameObjects
Refreshing native plugins compatible for Editor in 8.05 ms, found 19 plugins.
Native extension for UWP target not found
Native extension for WindowsStandalone target not found
Assembly reference Packages/com.unity.cinemachine/Editor/Samples/ExposeHDRPInternals/HDRP-Editor-ref.asmref has no target assembly definition
[Licensing::Client] Successfully resolved entitlement details
[Licensing::Module] License group:
  Id: F4-7AUM-XMAF-NEHN-6TQ2-XXXX
  Product: Unity Personal
  Type: ULF
  Expiration: Unlimited
[Licensing::Module] License group:
  Id: 18967764531816-UnityPersXXXX
  Product: Unity Personal
  Type: Assigned
  Expiration: Unlimited
Duplicate assembly 'Microsoft.Bcl.AsyncInterfaces.dll' with different versions detected, using 'Assets/Plugins/x86_64/Microsoft.Bcl.AsyncInterfaces.dll, AssemblyName=Microsoft.Bcl.AsyncInterfaces, Version=10.0.0.5, Culture=neutral, PublicKeyToken=cc7b13ffcd2ddd51' and ignoring 'Packages/com.unity.ai.assistant/Plugins/Shared/Microsoft.Bcl.AsyncInterfaces.dll, AssemblyName=Microsoft.Bcl.AsyncInterfaces, Version=10.0.0.1, Culture=neutral, PublicKeyToken=cc7b13ffcd2ddd51'.Duplicate assembly 'System.Reflection.Metadata.dll' with different versions detected, using 'Packages/com.unity.ai.assistant/Plugins/Shared/System.Reflection.Metadata.dll, AssemblyName=System.Reflection.Metadata, Version=10.0.0.1, Culture=neutral, PublicKeyToken=b03f5f7f11d50a3a' and ignoring 'Assets/Plugins/NuGet/System.Reflection.Metadata.dll, AssemblyName=System.Reflection.Metadata, Version=7.0.0.0, Culture=neutral, PublicKeyToken=b03f5f7f11d50a3a'.Duplicate assembly 'System.Text.Json.dll' with different versions detected, using 'Assets/Plugins/x86_64/System.Text.Json.dll, AssemblyName=System.Text.Json, Version=10.0.0.0, Culture=neutral, PublicKeyToken=cc7b13ffcd2ddd51' and ignoring 'Packages/com.unity.ai.assistant/Plugins/Shared/System.Text.Json.dll, AssemblyName=System.Text.Json, Version=8.0.0.0, Culture=neutral, PublicKeyToken=cc7b13ffcd2ddd51'.Duplicate assembly 'System.Text.Json.dll' with different versions detected, using 'Assets/Plugins/x86_64/System.Text.Json.dll, AssemblyName=System.Text.Json, Version=10.0.0.0, Culture=neutral, PublicKeyToken=cc7b13ffcd2ddd51' and ignoring 'Assets/Plugins/NuGet/System.Text.Json.dll, AssemblyName=System.Text.Json, Version=8.0.0.0, Culture=neutral, PublicKeyToken=cc7b13ffcd2ddd51'.Duplicate assembly 'System.Text.Encodings.Web.dll' with different versions detected, using 'Packages/com.unity.ai.assistant/Plugins/Shared/System.Text.Encodings.Web.dll, AssemblyName=System.Text.Encodings.Web, Version=10.0.0.1, Culture=neutral, PublicKeyToken=cc7b13ffcd2ddd51' and ignoring 'Assets/Plugins/NuGet/System.Text.Encodings.Web.dll, AssemblyName=System.Text.Encodings.Web, Version=8.0.0.0, Culture=neutral, PublicKeyToken=cc7b13ffcd2ddd51'.Duplicate assembly 'Microsoft.CodeAnalysis.CSharp.dll' with different versions detected, using 'Assets/Plugins/NuGet/Microsoft.CodeAnalysis.CSharp.dll, AssemblyName=Microsoft.CodeAnalysis.CSharp, Version=4.8.0.0, Culture=neutral, PublicKeyToken=31bf3856ad364e35' and ignoring 'Packages/com.unity.ai.assistant/Plugins/CodeAnalysis/Microsoft.CodeAnalysis.CSharp.dll, AssemblyName=Microsoft.CodeAnalysis.CSharp, Version=3.11.0.0, Culture=neutral, PublicKeyToken=31bf3856ad364e35'.Duplicate assembly 'System.Collections.Immutable.dll' with different versions detected, using 'Packages/com.unity.ai.assistant/Plugins/Shared/System.Collections.Immutable.dll, AssemblyName=System.Collections.Immutable, Version=10.0.0.1, Culture=neutral, PublicKeyToken=b03f5f7f11d50a3a' and ignoring 'Assets/Plugins/NuGet/System.Collections.Immutable.dll, AssemblyName=System.Collections.Immutable, Version=7.0.0.0, Culture=neutral, PublicKeyToken=b03f5f7f11d50a3a'.Duplicate assembly 'Microsoft.CodeAnalysis.dll' with different versions detected, using 'Assets/Plugins/NuGet/Microsoft.CodeAnalysis.dll, AssemblyName=Microsoft.CodeAnalysis, Version=4.8.0.0, Culture=neutral, PublicKeyToken=31bf3856ad364e35' and ignoring 'Packages/com.unity.ai.assistant/Plugins/CodeAnalysis/Microsoft.CodeAnalysis.dll, AssemblyName=Microsoft.CodeAnalysis, Version=3.11.0.0, Culture=neutral, PublicKeyToken=31bf3856ad364e35'.Duplicate assembly 'Microsoft.Bcl.Memory.dll' with different versions detected, using 'Assets/Plugins/NuGet/Microsoft.Bcl.Memory.dll, AssemblyName=Microsoft.Bcl.Memory, Version=10.0.0.3, Culture=neutral, PublicKeyToken=cc7b13ffcd2ddd51' and ignoring 'Packages/com.unity.ai.assistant/Plugins/Shared/Microsoft.Bcl.Memory.dll, AssemblyName=Microsoft.Bcl.Memory, Version=10.0.0.1, Culture=neutral, PublicKeyToken=cc7b13ffcd2ddd51'.Duplicate assembly 'System.Runtime.CompilerServices.Unsafe.dll' with different versions detected, using 'Packages/com.unity.ai.assistant/Plugins/Shared/System.Runtime.CompilerServices.Unsafe.dll, AssemblyName=System.Runtime.CompilerServices.Unsafe, Version=6.0.3.0, Culture=neutral, PublicKeyToken=b03f5f7f11d50a3a' and ignoring 'Packages/com.unity.collections/Unity.Collections.Tests/System.Runtime.CompilerServices.Unsafe/System.Runtime.CompilerServices.Unsafe.dll, AssemblyName=System.Runtime.CompilerServices.Unsafe, Version=6.0.0.0, Culture=neutral, PublicKeyToken=b03f5f7f11d50a3a'.Duplicate assembly 'Microsoft.Bcl.Numerics.dll' with different versions detected, using 'Assets/Plugins/x86_64/Microsoft.Bcl.Numerics.dll, AssemblyName=Microsoft.Bcl.Numerics, Version=10.0.0.5, Culture=neutral, PublicKeyToken=cc7b13ffcd2ddd51' and ignoring 'Assets/Plugins/NuGet/Microsoft.Bcl.Numerics.dll, AssemblyName=Microsoft.Bcl.Numerics, Version=10.0.0.0, Culture=neutral, PublicKeyToken=cc7b13ffcd2ddd51'.Duplicate assembly 'System.Text.Json.dll' with different versions detected, using 'Assets/Plugins/x86_64/System.Text.Json.dll, AssemblyName=System.Text.Json, Version=10.0.0.0, Culture=neutral, PublicKeyToken=cc7b13ffcd2ddd51' and ignoring 'Assets/Plugins/NuGet/System.Text.Json.dll, AssemblyName=System.Text.Json, Version=8.0.0.0, Culture=neutral, PublicKeyToken=cc7b13ffcd2ddd51'.[SkillsScanner] Skill scan is slow (over 2s) - folder(s): C:\Users\msbel\AppData\Roaming\Unity\AIAssistantSkills.
UnityEngine.Debug:ExtractStackTraceNoAlloc (byte*,int,string)
UnityEngine.StackTraceUtility:ExtractStackTrace ()
UnityEngine.DebugLogHandler:Internal_Log (UnityEngine.LogType,UnityEngine.LogOption,string,UnityEngine.Object)
UnityEngine.DebugLogHandler:LogFormat (UnityEngine.LogType,UnityEngine.Object,string,object[])
UnityEngine.Logger:Log (UnityEngine.LogType,object)
UnityEngine.Debug:LogWarning (object)
Unity.AI.Assistant.Editor.SkillsScanner/<>c__DisplayClass34_0:<ScheduleSlowScanWarning>b__0 (System.Threading.Tasks.Task) (at ./Packages/com.unity.ai.assistant/Editor/Assistant/Skills/SkillsScanner.cs:129)
System.Threading.Tasks.ContinuationTaskFromTask:InnerInvoke ()
System.Threading.Tasks.Task:Execute ()
System.Threading.Tasks.Task:ExecutionContextCallback (object)
System.Threading.ExecutionContext:RunInternal (System.Threading.ExecutionContext,System.Threading.ContextCallback,object,bool)
System.Threading.ExecutionContext:Run (System.Threading.ExecutionContext,System.Threading.ContextCallback,object,bool)
System.Threading.Tasks.Task:ExecuteWithThreadLocal (System.Threading.Tasks.Task&)
System.Threading.Tasks.Task:ExecuteEntry (bool)
System.Threading.Tasks.Task:System.Threading.IThreadPoolWorkItem.ExecuteWorkItem ()
System.Threading.ThreadPoolWorkQueue:Dispatch ()
System.Threading._ThreadPoolWaitCallback:PerformWaitCallback ()

(Filename: ./Packages/com.unity.ai.assistant/Editor/Assistant/Skills/SkillsScanner.cs Line: 129)

[Licensing::Client] Error: Code 404 while processing request (status: Found 0 entitlement groups and 0 free entitlements matching requested entitlement ids)
[Licensing::Client] Error: Code 404 while processing request (status: Found 0 entitlement groups and 0 free entitlements matching requested entitlement ids)
[Licensing::Client] Error: Code 404 while processing request (status: Found 0 entitlement groups and 0 free entitlements matching requested entitlement ids)
[McpToolRegistry] Discovered 20 MCP tools
UnityEngine.Debug:ExtractStackTraceNoAlloc (byte*,int,string)
UnityEngine.StackTraceUtility:ExtractStackTrace ()
UnityEngine.DebugLogHandler:Internal_Log (UnityEngine.LogType,UnityEngine.LogOption,string,UnityEngine.Object)
UnityEngine.DebugLogHandler:LogFormat (UnityEngine.LogType,UnityEngine.Object,string,object[])
UnityEngine.Logger:Log (UnityEngine.LogType,object)
UnityEngine.Debug:Log (object)
Unity.AI.Tracing.ConsoleSink:LogToConsole (string,string,System.Exception) (at ./Packages/com.unity.ai.assistant/Modules/Unity.AI.Tracing/TraceSinks.cs:313)
Unity.AI.Tracing.ConsoleSink:Write (Unity.AI.Tracing.TraceEvent) (at ./Packages/com.unity.ai.assistant/Modules/Unity.AI.Tracing/TraceSinks.cs:277)
Unity.AI.Tracing.TraceWriter:WriteEventInternal (string,string,Unity.AI.Tracing.TraceEventOptions,string,System.Nullable`1<int>) (at ./Packages/com.unity.ai.assistant/Modules/Unity.AI.Tracing/TraceWriter.cs:373)
Unity.AI.Tracing.TraceWriter:Event (string,Unity.AI.Tracing.TraceEventOptions) (at ./Packages/com.unity.ai.assistant/Modules/Unity.AI.Tracing/TraceWriter.cs:297)
Unity.AI.Tracing.TraceLogger:Emit (string,string,string,string,Unity.AI.Tracing.TraceEventOptions,object,System.Exception) (at ./Packages/com.unity.ai.assistant/Modules/Unity.AI.Tracing/TraceLogger.cs:105)
Unity.AI.Tracing.TraceLogger:Info (string,string,string,Unity.AI.Tracing.TraceEventOptions) (at ./Packages/com.unity.ai.assistant/Modules/Unity.AI.Tracing/TraceLogger.cs:35)
Unity.AI.MCP.Editor.Helpers.McpLog:Log (string,Unity.AI.Tracing.TraceEventOptions) (at ./Packages/com.unity.ai.assistant/Modules/Unity.AI.MCP.Editor/Helpers/McpLog.cs:15)
Unity.AI.MCP.Editor.ToolRegistry.McpToolRegistry:RefreshTools () (at ./Packages/com.unity.ai.assistant/Modules/Unity.AI.MCP.Editor/ToolRegistry/McpToolRegistry.cs:201)
Unity.AI.MCP.Editor.ToolRegistry.McpToolRegistry:Initialize () (at ./Packages/com.unity.ai.assistant/Modules/Unity.AI.MCP.Editor/ToolRegistry/McpToolRegistry.cs:177)
System.Reflection.RuntimeMethodInfo:Invoke (object,System.Reflection.BindingFlags,System.Reflection.Binder,object[],System.Globalization.CultureInfo)
System.Reflection.MethodBase:Invoke (object,object[])
UnityEditor.EditorAssemblies:ProcessInitializeOnLoadMethodAttributes ()

(Filename: ./Packages/com.unity.ai.assistant/Modules/Unity.AI.Tracing/TraceSinks.cs Line: 313)

[McpToolRegistry] Available tools: Unity_ApplyTextEdits, Unity_CreateScript, Unity_DeleteScript, Unity_FindInFile, Unity_GetSha, Unity_ImportExternalModel, Unity_ListResources, Unity_ManageAsset, Unity_ManageEditor, Unity_ManageGameObject, Unity_ManageMenuItem, Unity_ManageScene, Unity_ManageScript, Unity_ManageScript_capabilities, Unity_ManageShader, Unity_ReadConsole, Unity_ReadResource, Unity_RunCommand, Unity_ScriptApplyEdits, Unity_ValidateScript
UnityEngine.Debug:ExtractStackTraceNoAlloc (byte*,int,string)
UnityEngine.StackTraceUtility:ExtractStackTrace ()
UnityEngine.DebugLogHandler:Internal_Log (UnityEngine.LogType,UnityEngine.LogOption,string,UnityEngine.Object)
UnityEngine.DebugLogHandler:LogFormat (UnityEngine.LogType,UnityEngine.Object,string,object[])
UnityEngine.Logger:Log (UnityEngine.LogType,object)
UnityEngine.Debug:Log (object)
Unity.AI.Tracing.ConsoleSink:LogToConsole (string,string,System.Exception) (at ./Packages/com.unity.ai.assistant/Modules/Unity.AI.Tracing/TraceSinks.cs:313)
Unity.AI.Tracing.ConsoleSink:Write (Unity.AI.Tracing.TraceEvent) (at ./Packages/com.unity.ai.assistant/Modules/Unity.AI.Tracing/TraceSinks.cs:277)
Unity.AI.Tracing.TraceWriter:WriteEventInternal (string,string,Unity.AI.Tracing.TraceEventOptions,string,System.Nullable`1<int>) (at ./Packages/com.unity.ai.assistant/Modules/Unity.AI.Tracing/TraceWriter.cs:373)
Unity.AI.Tracing.TraceWriter:Event (string,Unity.AI.Tracing.TraceEventOptions) (at ./Packages/com.unity.ai.assistant/Modules/Unity.AI.Tracing/TraceWriter.cs:297)
Unity.AI.Tracing.TraceLogger:Emit (string,string,string,string,Unity.AI.Tracing.TraceEventOptions,object,System.Exception) (at ./Packages/com.unity.ai.assistant/Modules/Unity.AI.Tracing/TraceLogger.cs:105)
Unity.AI.Tracing.TraceLogger:Info (string,string,string,Unity.AI.Tracing.TraceEventOptions) (at ./Packages/com.unity.ai.assistant/Modules/Unity.AI.Tracing/TraceLogger.cs:35)
Unity.AI.MCP.Editor.Helpers.McpLog:Log (string,Unity.AI.Tracing.TraceEventOptions) (at ./Packages/com.unity.ai.assistant/Modules/Unity.AI.MCP.Editor/Helpers/McpLog.cs:15)
Unity.AI.MCP.Editor.ToolRegistry.McpToolRegistry:RefreshTools () (at ./Packages/com.unity.ai.assistant/Modules/Unity.AI.MCP.Editor/ToolRegistry/McpToolRegistry.cs:204)
Unity.AI.MCP.Editor.ToolRegistry.McpToolRegistry:Initialize () (at ./Packages/com.unity.ai.assistant/Modules/Unity.AI.MCP.Editor/ToolRegistry/McpToolRegistry.cs:177)
System.Reflection.RuntimeMethodInfo:Invoke (object,System.Reflection.BindingFlags,System.Reflection.Binder,object[],System.Globalization.CultureInfo)
System.Reflection.MethodBase:Invoke (object,object[])
UnityEditor.EditorAssemblies:ProcessInitializeOnLoadMethodAttributes ()

(Filename: ./Packages/com.unity.ai.assistant/Modules/Unity.AI.Tracing/TraceSinks.cs Line: 313)

ScheduleIndexationOnStartup MainProcess:True IndexOnStartup:True
Mono: successfully reloaded assembly
[Idle]
UnityEngine.Debug:ExtractStackTraceNoAlloc (byte*,int,string)
UnityEngine.StackTraceUtility:ExtractStackTrace ()
UnityEngine.DebugLogHandler:Internal_Log (UnityEngine.LogType,UnityEngine.LogOption,string,UnityEngine.Object)
UnityEngine.DebugLogHandler:LogFormat (UnityEngine.LogType,UnityEngine.Object,string,object[])
UnityEngine.Logger:Log (UnityEngine.LogType,object)
UnityEngine.Debug:Log (object)
Unity.AI.Tracing.ConsoleSink:LogToConsole (string,string,System.Exception) (at ./Packages/com.unity.ai.assistant/Modules/Unity.AI.Tracing/TraceSinks.cs:313)
Unity.AI.Tracing.ConsoleSink:Write (Unity.AI.Tracing.TraceEvent) (at ./Packages/com.unity.ai.assistant/Modules/Unity.AI.Tracing/TraceSinks.cs:277)
Unity.AI.Tracing.TraceWriter:WriteEventInternal (string,string,Unity.AI.Tracing.TraceEventOptions,string,System.Nullable`1<int>) (at ./Packages/com.unity.ai.assistant/Modules/Unity.AI.Tracing/TraceWriter.cs:373)
Unity.AI.Tracing.TraceWriter:Event (string,Unity.AI.Tracing.TraceEventOptions) (at ./Packages/com.unity.ai.assistant/Modules/Unity.AI.Tracing/TraceWriter.cs:297)
Unity.AI.Tracing.TraceLogger:Emit (string,string,string,string,Unity.AI.Tracing.TraceEventOptions,object,System.Exception) (at ./Packages/com.unity.ai.assistant/Modules/Unity.AI.Tracing/TraceLogger.cs:105)
Unity.AI.Tracing.TraceLogger:Info (string,string,string,Unity.AI.Tracing.TraceEventOptions) (at ./Packages/com.unity.ai.assistant/Modules/Unity.AI.Tracing/TraceLogger.cs:35)
Unity.AI.MCP.Editor.Helpers.McpLog:Log (string,Unity.AI.Tracing.TraceEventOptions) (at ./Packages/com.unity.ai.assistant/Modules/Unity.AI.MCP.Editor/Helpers/McpLog.cs:15)
Unity.AI.MCP.Editor.Bridge:LogBreadcrumb (string) (at ./Packages/com.unity.ai.assistant/Modules/Unity.AI.MCP.Editor/Bridge.cs:2010)
Unity.AI.MCP.Editor.Bridge:OnAfterAssemblyReload () (at ./Packages/com.unity.ai.assistant/Modules/Unity.AI.MCP.Editor/Bridge.cs:1854)
UnityEditor.AssemblyReloadEvents:OnAfterAssemblyReload ()

(Filename: ./Packages/com.unity.ai.assistant/Modules/Unity.AI.Tracing/TraceSinks.cs Line: 313)

- Finished resetting the current domain, in 22.588 seconds
Domain Reload Profiling: 62708ms
	BeginReloadAssembly (831ms)
		ExecutionOrderSort (0ms)
		DisableScriptedObjects (109ms)
		BackupInstance (0ms)
		ReleaseScriptingObjects (0ms)
		CreateAndSetChildDomain (221ms)
	RebuildCommonClasses (117ms)
	RebuildNativeTypeToScriptingClass (43ms)
	initialDomainReloadingComplete (242ms)
	LoadAllAssembliesAndSetupDomain (38885ms)
		LoadAssemblies (38006ms)
		RebuildTransferFunctionScriptingTraits (0ms)
		AnalyzeDomain (1260ms)
			TypeCache.Refresh (998ms)
				TypeCache.ScanAssembly (940ms)
			BuildScriptInfoCaches (216ms)
			ResolveRequiredComponents (31ms)
	FinalizeReload (22590ms)
		ReleaseScriptCaches (0ms)
		RebuildScriptCaches (0ms)
		SetupLoadedEditorAssemblies (21314ms)
			LogAssemblyErrors (0ms)
			InitializePlatformSupportModulesInManaged (69ms)
			SetLoadedEditorAssemblies (19ms)
			BeforeProcessingInitializeOnLoad (469ms)
			ProcessInitializeOnLoadAttributes (13734ms)
			ProcessInitializeOnLoadMethodAttributes (7015ms)
			AfterProcessingInitializeOnLoad (7ms)
			EditorAssembliesLoaded (1ms)
		ExecutionOrderSort2 (0ms)
		AwakeInstancesAfterBackupRestoration (755ms)
Refreshing native plugins compatible for Editor in 12.24 ms, found 19 plugins.
Preloading 0 native plugins for Editor in 0.00 ms.
Asset Pipeline Refresh (id=badd00ebabaf36e4e860a09af03b3f2c): Total: 97.999 seconds - Initiated by InitialRefreshV2(ForceSynchronousImport)
	Summary:
		Imports: total=0 (actual=0, local cache=0, cache server=0)
		Asset DB Process Time: managed=0 ms, native=25886 ms
		Asset DB Callback time: managed=3099 ms, native=221 ms
		Scripting: domain reloads=1, domain reload time=40131 ms, compile time=28511 ms, other=149 ms
		Project Asset Count: scripts=1792, non-scripts=6270
		Asset File Changes: new=0, changed=1, moved=0, deleted=0
		Scan Filter Count: 0
	InvokeCustomDependenciesCallbacks: 0.003ms
	InvokePackagesCallback: 191.625ms
	ApplyChangesToAssetFolders: 13.350ms
	Scan: 1581.578ms
	OnSourceAssetsModified: 5.609ms
	CategorizeAssetsWithTransientArtifact: 348.290ms
	ProcessAssetsWithTransientArtifactChanges: 253.328ms
	CategorizeAssets: 402.730ms
	ImportOutOfDateAssets: 22648.163ms (-5869.861ms without children)
		CompileScripts: 28511.208ms
		ReloadNativeAssets: 0.079ms
		UnloadImportedAssets: 1.824ms
		EnsureUptoDateAssetsAreRegisteredWithGuidPM: 3.212ms
		InitializingProgressBar: 0.001ms
		PostProcessAllAssetNotificationsAddChangedAssets: 0.001ms
		OnDemandSchedulerStart: 1.698ms
	PostProcessAllAssets: 3106.643ms
	Hotreload: 26.209ms
	GatherAllCurrentPrimaryArtifactRevisions: 0.005ms
	UnloadStreamsBegin: 10.748ms
	PersistCurrentRevisions: 5.482ms
	UnloadStreamsEnd: 0.003ms
	GenerateScriptTypeHashes: 20.615ms
	Untracked: 69405.493ms

Application.AssetDatabase Initial Refresh End
Launched and connected shader compiler UnityShaderCompiler.exe after 0.10 seconds
Scanning for USB devices : 23.505ms
Initializing Unity extensions:
[MODES] ModeService[none].Initialize
[MODES] ModeService[none].LoadModes
[MODES] Loading mode Default (0) for mode-current-id-ember-crpg-unity
[Licensing::Client] Successfully resolved entitlement details
[Licensing::Module] License group:
  Id: F4-7AUM-XMAF-NEHN-6TQ2-XXXX
  Product: Unity Personal
  Type: ULF
  Expiration: Unlimited
[Licensing::Module] License group:
  Id: 18967764531816-UnityPersXXXX
  Product: Unity Personal
  Type: Assigned
  Expiration: Unlimited
Unloading 21 Unused Serialized files (Serialized files now loaded: 0)
Unloading 7637 unused Assets / (3.7 MB). Loaded Objects now: 8463.
Memory consumption went from 248.8 MB to 245.1 MB.
Total: 67.151400 ms (FindLiveObjects: 6.507700 ms CreateObjectMapping: 4.492000 ms MarkObjects: 49.745000 ms  DeleteObjects: 6.402900 ms)

[BuildSettingsSceneRegistrar] Registered 4 scenes; Boot index=0
UnityEngine.Debug:ExtractStackTraceNoAlloc (byte*,int,string)
UnityEngine.StackTraceUtility:ExtractStackTrace ()
UnityEngine.DebugLogHandler:Internal_Log (UnityEngine.LogType,UnityEngine.LogOption,string,UnityEngine.Object)
UnityEngine.DebugLogHandler:LogFormat (UnityEngine.LogType,UnityEngine.Object,string,object[])
UnityEngine.Logger:Log (UnityEngine.LogType,object)
UnityEngine.Debug:Log (object)
EmberCrpg.Editor.Ember.Build.BuildSettingsSceneRegistrar:AddAllScenesToBuildSettings () (at Assets/Editor/Ember/BuildTools/BuildSettingsSceneRegistrar.cs:20)
EmberCrpg.Editor.Ember.Build.Windows64BuildMenu:Build () (at Assets/Editor/Ember/BuildTools/Windows64BuildMenu.cs:14)
EmberCrpg.Editor.Ember.Menu.EmberBuildSettingsMenu:BuildWindows64 () (at Assets/Editor/Ember/Menu/EmberBuildSettingsMenu.cs:20)

(Filename: Assets/Editor/Ember/BuildTools/BuildSettingsSceneRegistrar.cs Line: 20)

Refreshing native plugins compatible for Editor in 13.56 ms, found 19 plugins.
Refreshing native plugins compatible for Editor in 8.64 ms, found 19 plugins.
Preloading 0 native plugins for Editor in 0.00 ms.
Asset Pipeline Refresh (id=3a5e0797e83587547a660dea7f57fb4f): Total: 0.806 seconds - Initiated by StopAssetImportingV2(NoUpdateAssetOptions)
	Summary:
		Imports: total=0 (actual=0, local cache=0, cache server=0)
		Asset DB Process Time: managed=0 ms, native=297 ms
		Asset DB Callback time: managed=426 ms, native=82 ms
		Scripting: domain reloads=0, domain reload time=0 ms, compile time=0 ms, other=0 ms
		Project Asset Count: scripts=1792, non-scripts=6270
		Asset File Changes: new=0, changed=0, moved=0, deleted=0
		Scan Filter Count: 4
	InvokeCustomDependenciesCallbacks: 0.001ms
	InvokePackagesCallback: 0.001ms
	ApplyChangesToAssetFolders: 0.206ms
	Scan: 58.706ms
	OnSourceAssetsModified: 0.001ms
	CategorizeAssetsWithTransientArtifact: 0.192ms
	ProcessAssetsWithTransientArtifactChanges: 0.311ms
	CategorizeAssets: 167.453ms
	ImportOutOfDateAssets: 6.016ms (0.528ms without children)
		ReloadNativeAssets: 0.045ms
		UnloadImportedAssets: 0.412ms
		EnsureUptoDateAssetsAreRegisteredWithGuidPM: 4.437ms
		InitializingProgressBar: 0.001ms
		PostProcessAllAssetNotificationsAddChangedAssets: 0.001ms
		OnDemandSchedulerStart: 0.592ms
	PostProcessAllAssets: 498.802ms
	Hotreload: 9.417ms
	GatherAllCurrentPrimaryArtifactRevisions: 0.599ms
	UnloadStreamsBegin: 0.097ms
	PersistCurrentRevisions: 0.379ms
	UnloadStreamsEnd: 0.003ms
	Untracked: 63.567ms

Refreshing native plugins compatible for Editor in 7.57 ms, found 19 plugins.
Refreshing native plugins compatible for Editor in 9.75 ms, found 19 plugins.
Preloading 0 native plugins for Editor in 0.00 ms.
Asset Pipeline Refresh (id=2b40d0296451c444cbb0e36cd6fa306e): Total: 0.577 seconds - Initiated by StopAssetImportingV2(NoUpdateAssetOptions)
	Summary:
		Imports: total=0 (actual=0, local cache=0, cache server=0)
		Asset DB Process Time: managed=0 ms, native=60 ms
		Asset DB Callback time: managed=491 ms, native=24 ms
		Scripting: domain reloads=0, domain reload time=0 ms, compile time=0 ms, other=0 ms
		Project Asset Count: scripts=1792, non-scripts=6270
		Asset File Changes: new=0, changed=0, moved=0, deleted=0
		Scan Filter Count: 4
	InvokeCustomDependenciesCallbacks: 0.001ms
	InvokePackagesCallback: 0.001ms
	ApplyChangesToAssetFolders: 0.174ms
	Scan: 25.276ms
	OnSourceAssetsModified: 0.001ms
	CategorizeAssetsWithTransientArtifact: 0.179ms
	ProcessAssetsWithTransientArtifactChanges: 0.416ms
	CategorizeAssets: 9.095ms
	ImportOutOfDateAssets: 10.026ms (5.057ms without children)
		ReloadNativeAssets: 0.065ms
		UnloadImportedAssets: 0.504ms
		EnsureUptoDateAssetsAreRegisteredWithGuidPM: 3.054ms
		InitializingProgressBar: 0.002ms
		PostProcessAllAssetNotificationsAddChangedAssets: 0.002ms
		OnDemandSchedulerStart: 1.341ms
	PostProcessAllAssets: 504.513ms
	Hotreload: 11.509ms
	GatherAllCurrentPrimaryArtifactRevisions: 0.552ms
	UnloadStreamsBegin: 0.003ms
	PersistCurrentRevisions: 0.260ms
	UnloadStreamsEnd: 0.003ms
	Untracked: 14.977ms

Refreshing native plugins compatible for Editor in 11.00 ms, found 19 plugins.
Refreshing native plugins compatible for Editor in 17.02 ms, found 19 plugins.
Preloading 0 native plugins for Editor in 0.00 ms.
Asset Pipeline Refresh (id=09a0df196f5902e4784b26b8c0812156): Total: 0.552 seconds - Initiated by StopAssetImportingV2(NoUpdateAssetOptions)
	Summary:
		Imports: total=0 (actual=0, local cache=0, cache server=0)
		Asset DB Process Time: managed=0 ms, native=64 ms
		Asset DB Callback time: managed=459 ms, native=28 ms
		Scripting: domain reloads=0, domain reload time=0 ms, compile time=0 ms, other=0 ms
		Project Asset Count: scripts=1792, non-scripts=6270
		Asset File Changes: new=0, changed=0, moved=0, deleted=0
		Scan Filter Count: 5
	InvokeCustomDependenciesCallbacks: 0.001ms
	InvokePackagesCallback: 0.001ms
	ApplyChangesToAssetFolders: 0.238ms
	Scan: 21.991ms
	OnSourceAssetsModified: 0.001ms
	CategorizeAssetsWithTransientArtifact: 0.199ms
	ProcessAssetsWithTransientArtifactChanges: 1.155ms
	CategorizeAssets: 13.076ms
	ImportOutOfDateAssets: 5.870ms (0.840ms without children)
		ReloadNativeAssets: 0.052ms
		UnloadImportedAssets: 0.479ms
		EnsureUptoDateAssetsAreRegisteredWithGuidPM: 3.030ms
		InitializingProgressBar: 0.001ms
		PostProcessAllAssetNotificationsAddChangedAssets: 0.001ms
		OnDemandSchedulerStart: 1.466ms
	PostProcessAllAssets: 469.308ms
	Hotreload: 18.346ms
	GatherAllCurrentPrimaryArtifactRevisions: 0.730ms
	UnloadStreamsBegin: 0.023ms
	PersistCurrentRevisions: 0.502ms
	UnloadStreamsEnd: 0.003ms
	Untracked: 20.616ms

Refreshing native plugins compatible for Editor in 10.13 ms, found 19 plugins.
Refreshing native plugins compatible for Editor in 7.89 ms, found 19 plugins.
Preloading 0 native plugins for Editor in 0.00 ms.
Asset Pipeline Refresh (id=86c795446a44f4f4390f1e8382f2876a): Total: 0.813 seconds - Initiated by StopAssetImportingV2(NoUpdateAssetOptions)
	Summary:
		Imports: total=0 (actual=0, local cache=0, cache server=0)
		Asset DB Process Time: managed=0 ms, native=90 ms
		Asset DB Callback time: managed=696 ms, native=25 ms
		Scripting: domain reloads=0, domain reload time=0 ms, compile time=0 ms, other=0 ms
		Project Asset Count: scripts=1792, non-scripts=6270
		Asset File Changes: new=0, changed=0, moved=0, deleted=0
		Scan Filter Count: 5
	InvokeCustomDependenciesCallbacks: 0.001ms
	InvokePackagesCallback: 0.001ms
	ApplyChangesToAssetFolders: 0.139ms
	Scan: 35.239ms
	OnSourceAssetsModified: 0.001ms
	CategorizeAssetsWithTransientArtifact: 0.176ms
	ProcessAssetsWithTransientArtifactChanges: 0.154ms
	CategorizeAssets: 13.662ms
	ImportOutOfDateAssets: 7.973ms (0.990ms without children)
		ReloadNativeAssets: 0.044ms
		UnloadImportedAssets: 0.662ms
		EnsureUptoDateAssetsAreRegisteredWithGuidPM: 4.187ms
		InitializingProgressBar: 0.001ms
		PostProcessAllAssetNotificationsAddChangedAssets: 0.002ms
		OnDemandSchedulerStart: 2.087ms
	PostProcessAllAssets: 713.723ms
	Hotreload: 8.256ms
	GatherAllCurrentPrimaryArtifactRevisions: 0.963ms
	UnloadStreamsBegin: 0.003ms
	PersistCurrentRevisions: 0.392ms
	UnloadStreamsEnd: 0.004ms
	Untracked: 32.122ms

Refreshing native plugins compatible for Editor in 11.92 ms, found 19 plugins.
Refreshing native plugins compatible for Editor in 12.12 ms, found 19 plugins.
Preloading 0 native plugins for Editor in 0.00 ms.
Asset Pipeline Refresh (id=46f3238bc0417fc4f9736695533bc08e): Total: 0.580 seconds - Initiated by StopAssetImportingV2(NoUpdateAssetOptions)
	Summary:
		Imports: total=0 (actual=0, local cache=0, cache server=0)
		Asset DB Process Time: managed=0 ms, native=64 ms
		Asset DB Callback time: managed=488 ms, native=27 ms
		Scripting: domain reloads=0, domain reload time=0 ms, compile time=0 ms, other=0 ms
		Project Asset Count: scripts=1792, non-scripts=6270
		Asset File Changes: new=0, changed=0, moved=0, deleted=0
		Scan Filter Count: 5
	InvokeCustomDependenciesCallbacks: 0.001ms
	InvokePackagesCallback: 0.001ms
	ApplyChangesToAssetFolders: 0.179ms
	Scan: 23.474ms
	OnSourceAssetsModified: 0.001ms
	CategorizeAssetsWithTransientArtifact: 0.262ms
	ProcessAssetsWithTransientArtifactChanges: 0.145ms
	CategorizeAssets: 12.273ms
	ImportOutOfDateAssets: 3.640ms (0.594ms without children)
		ReloadNativeAssets: 0.036ms
		UnloadImportedAssets: 0.376ms
		EnsureUptoDateAssetsAreRegisteredWithGuidPM: 1.479ms
		InitializingProgressBar: 0.001ms
		PostProcessAllAssetNotificationsAddChangedAssets: 0.001ms
		OnDemandSchedulerStart: 1.154ms
	PostProcessAllAssets: 501.688ms
	Hotreload: 14.582ms
	GatherAllCurrentPrimaryArtifactRevisions: 4.351ms
	UnloadStreamsBegin: 0.006ms
	PersistCurrentRevisions: 0.306ms
	UnloadStreamsEnd: 0.003ms
	Untracked: 19.515ms

Refreshing native plugins compatible for Editor in 7.55 ms, found 19 plugins.
Refreshing native plugins compatible for Editor in 14.82 ms, found 19 plugins.
Preloading 0 native plugins for Editor in 0.00 ms.
Asset Pipeline Refresh (id=159a4c4752301ca4f9f18fad44155ae3): Total: 0.521 seconds - Initiated by StopAssetImportingV2(NoUpdateAssetOptions)
	Summary:
		Imports: total=0 (actual=0, local cache=0, cache server=0)
		Asset DB Process Time: managed=0 ms, native=56 ms
		Asset DB Callback time: managed=432 ms, native=30 ms
		Scripting: domain reloads=0, domain reload time=0 ms, compile time=0 ms, other=0 ms
		Project Asset Count: scripts=1792, non-scripts=6270
		Asset File Changes: new=0, changed=0, moved=0, deleted=0
		Scan Filter Count: 5
	InvokeCustomDependenciesCallbacks: 0.001ms
	InvokePackagesCallback: 0.001ms
	ApplyChangesToAssetFolders: 0.156ms
	Scan: 23.494ms
	OnSourceAssetsModified: 0.001ms
	CategorizeAssetsWithTransientArtifact: 0.187ms
	ProcessAssetsWithTransientArtifactChanges: 0.256ms
	CategorizeAssets: 6.144ms
	ImportOutOfDateAssets: 9.257ms (0.986ms without children)
		ReloadNativeAssets: 0.039ms
		UnloadImportedAssets: 0.535ms
		EnsureUptoDateAssetsAreRegisteredWithGuidPM: 2.169ms
		InitializingProgressBar: 0.001ms
		PostProcessAllAssetNotificationsAddChangedAssets: 0.003ms
		OnDemandSchedulerStart: 5.524ms
	PostProcessAllAssets: 447.215ms
	Hotreload: 16.582ms
	GatherAllCurrentPrimaryArtifactRevisions: 0.576ms
	UnloadStreamsBegin: 0.003ms
	PersistCurrentRevisions: 0.581ms
	UnloadStreamsEnd: 0.004ms
	Untracked: 16.293ms

Refreshing native plugins compatible for Editor in 11.45 ms, found 19 plugins.
Refreshing native plugins compatible for Editor in 13.79 ms, found 19 plugins.
Preloading 0 native plugins for Editor in 0.00 ms.
Asset Pipeline Refresh (id=454e730140d1ede4faaf618ea237e9f5): Total: 0.525 seconds - Initiated by StopAssetImportingV2(NoUpdateAssetOptions)
	Summary:
		Imports: total=0 (actual=0, local cache=0, cache server=0)
		Asset DB Process Time: managed=0 ms, native=85 ms
		Asset DB Callback time: managed=414 ms, native=25 ms
		Scripting: domain reloads=0, domain reload time=0 ms, compile time=0 ms, other=0 ms
		Project Asset Count: scripts=1792, non-scripts=6270
		Asset File Changes: new=0, changed=0, moved=0, deleted=0
		Scan Filter Count: 5
	InvokeCustomDependenciesCallbacks: 0.001ms
	InvokePackagesCallback: 0.001ms
	ApplyChangesToAssetFolders: 0.146ms
	Scan: 34.182ms
	OnSourceAssetsModified: 0.001ms
	CategorizeAssetsWithTransientArtifact: 0.283ms
	ProcessAssetsWithTransientArtifactChanges: 0.144ms
	CategorizeAssets: 11.784ms
	ImportOutOfDateAssets: 9.868ms (0.715ms without children)
		ReloadNativeAssets: 0.052ms
		UnloadImportedAssets: 0.476ms
		EnsureUptoDateAssetsAreRegisteredWithGuidPM: 7.628ms
		InitializingProgressBar: 0.001ms
		PostProcessAllAssetNotificationsAddChangedAssets: 0.001ms
		OnDemandSchedulerStart: 0.995ms
	PostProcessAllAssets: 425.786ms
	Hotreload: 14.518ms
	GatherAllCurrentPrimaryArtifactRevisions: 0.431ms
	UnloadStreamsBegin: 0.003ms
	PersistCurrentRevisions: 2.227ms
	UnloadStreamsEnd: 0.003ms
	Untracked: 26.095ms

Refreshing native plugins compatible for Editor in 6.70 ms, found 19 plugins.
Refreshing native plugins compatible for Editor in 15.58 ms, found 19 plugins.
Preloading 0 native plugins for Editor in 0.00 ms.
Asset Pipeline Refresh (id=7e84eab72616f3b4b93b35eefce75e84): Total: 0.605 seconds - Initiated by StopAssetImportingV2(NoUpdateAssetOptions)
	Summary:
		Imports: total=0 (actual=0, local cache=0, cache server=0)
		Asset DB Process Time: managed=0 ms, native=59 ms
		Asset DB Callback time: managed=517 ms, native=27 ms
		Scripting: domain reloads=0, domain reload time=0 ms, compile time=0 ms, other=0 ms
		Project Asset Count: scripts=1792, non-scripts=6270
		Asset File Changes: new=0, changed=0, moved=0, deleted=0
		Scan Filter Count: 5
	InvokeCustomDependenciesCallbacks: 0.001ms
	InvokePackagesCallback: 0.001ms
	ApplyChangesToAssetFolders: 0.211ms
	Scan: 25.052ms
	OnSourceAssetsModified: 0.001ms
	CategorizeAssetsWithTransientArtifact: 0.207ms
	ProcessAssetsWithTransientArtifactChanges: 0.370ms
	CategorizeAssets: 9.737ms
	ImportOutOfDateAssets: 10.467ms (4.586ms without children)
		ReloadNativeAssets: 0.054ms
		UnloadImportedAssets: 0.513ms
		EnsureUptoDateAssetsAreRegisteredWithGuidPM: 2.630ms
		InitializingProgressBar: 0.001ms
		PostProcessAllAssetNotificationsAddChangedAssets: 0.002ms
		OnDemandSchedulerStart: 2.682ms
	PostProcessAllAssets: 529.546ms
	Hotreload: 15.916ms
	GatherAllCurrentPrimaryArtifactRevisions: 0.504ms
	UnloadStreamsBegin: 0.003ms
	PersistCurrentRevisions: 0.461ms
	UnloadStreamsEnd: 0.002ms
	Untracked: 12.170ms

Refreshing native plugins compatible for Editor in 13.58 ms, found 19 plugins.
Refreshing native plugins compatible for Editor in 16.96 ms, found 19 plugins.
Preloading 0 native plugins for Editor in 0.00 ms.
Asset Pipeline Refresh (id=6b80f53e5754b9f41b64c5bb9f267ddc): Total: 0.513 seconds - Initiated by StopAssetImportingV2(NoUpdateAssetOptions)
	Summary:
		Imports: total=0 (actual=0, local cache=0, cache server=0)
		Asset DB Process Time: managed=0 ms, native=68 ms
		Asset DB Callback time: managed=411 ms, native=32 ms
		Scripting: domain reloads=0, domain reload time=0 ms, compile time=0 ms, other=0 ms
		Project Asset Count: scripts=1792, non-scripts=6270
		Asset File Changes: new=0, changed=0, moved=0, deleted=0
		Scan Filter Count: 5
	InvokeCustomDependenciesCallbacks: 0.000ms
	InvokePackagesCallback: 0.001ms
	ApplyChangesToAssetFolders: 0.132ms
	Scan: 28.256ms
	OnSourceAssetsModified: 0.001ms
	CategorizeAssetsWithTransientArtifact: 0.139ms
	ProcessAssetsWithTransientArtifactChanges: 0.352ms
	CategorizeAssets: 9.398ms
	ImportOutOfDateAssets: 7.253ms (2.046ms without children)
		ReloadNativeAssets: 0.049ms
		UnloadImportedAssets: 0.497ms
		EnsureUptoDateAssetsAreRegisteredWithGuidPM: 3.855ms
		InitializingProgressBar: 0.001ms
		PostProcessAllAssetNotificationsAddChangedAssets: 0.002ms
		OnDemandSchedulerStart: 0.804ms
	PostProcessAllAssets: 426.906ms
	Hotreload: 17.922ms
	GatherAllCurrentPrimaryArtifactRevisions: 0.724ms
	UnloadStreamsBegin: 0.002ms
	PersistCurrentRevisions: 0.421ms
	UnloadStreamsEnd: 0.002ms
	Untracked: 21.528ms

Refreshing native plugins compatible for Editor in 16.64 ms, found 19 plugins.
Refreshing native plugins compatible for Editor in 17.58 ms, found 19 plugins.
Preloading 0 native plugins for Editor in 0.00 ms.
Asset Pipeline Refresh (id=c3de96aba2b05654d801f07186826c2b): Total: 0.510 seconds - Initiated by StopAssetImportingV2(NoUpdateAssetOptions)
	Summary:
		Imports: total=0 (actual=0, local cache=0, cache server=0)
		Asset DB Process Time: managed=0 ms, native=70 ms
		Asset DB Callback time: managed=408 ms, native=30 ms
		Scripting: domain reloads=0, domain reload time=0 ms, compile time=0 ms, other=0 ms
		Project Asset Count: scripts=1792, non-scripts=6270
		Asset File Changes: new=0, changed=0, moved=0, deleted=0
		Scan Filter Count: 5
	InvokeCustomDependenciesCallbacks: 0.001ms
	InvokePackagesCallback: 0.001ms
	ApplyChangesToAssetFolders: 0.128ms
	Scan: 29.276ms
	OnSourceAssetsModified: 0.001ms
	CategorizeAssetsWithTransientArtifact: 0.186ms
	ProcessAssetsWithTransientArtifactChanges: 0.236ms
	CategorizeAssets: 11.254ms
	ImportOutOfDateAssets: 6.150ms (1.040ms without children)
		ReloadNativeAssets: 0.070ms
		UnloadImportedAssets: 0.458ms
		EnsureUptoDateAssetsAreRegisteredWithGuidPM: 3.093ms
		InitializingProgressBar: 0.001ms
		PostProcessAllAssetNotificationsAddChangedAssets: 0.002ms
		OnDemandSchedulerStart: 1.486ms
	PostProcessAllAssets: 420.860ms
	Hotreload: 18.104ms
	GatherAllCurrentPrimaryArtifactRevisions: 0.580ms
	UnloadStreamsBegin: 0.003ms
	PersistCurrentRevisions: 0.385ms
	UnloadStreamsEnd: 0.002ms
	Untracked: 22.604ms

Refreshing native plugins compatible for Editor in 7.71 ms, found 19 plugins.
Refreshing native plugins compatible for Editor in 11.45 ms, found 19 plugins.
Preloading 0 native plugins for Editor in 0.00 ms.
Asset Pipeline Refresh (id=fcedcecf95536ac48804003f9e69e87f): Total: 0.608 seconds - Initiated by StopAssetImportingV2(NoUpdateAssetOptions)
	Summary:
		Imports: total=0 (actual=0, local cache=0, cache server=0)
		Asset DB Process Time: managed=0 ms, native=63 ms
		Asset DB Callback time: managed=517 ms, native=26 ms
		Scripting: domain reloads=0, domain reload time=0 ms, compile time=0 ms, other=0 ms
		Project Asset Count: scripts=1792, non-scripts=6270
		Asset File Changes: new=0, changed=0, moved=0, deleted=0
		Scan Filter Count: 5
	InvokeCustomDependenciesCallbacks: 0.001ms
	InvokePackagesCallback: 0.001ms
	ApplyChangesToAssetFolders: 0.229ms
	Scan: 24.944ms
	OnSourceAssetsModified: 0.001ms
	CategorizeAssetsWithTransientArtifact: 0.278ms
	ProcessAssetsWithTransientArtifactChanges: 0.235ms
	CategorizeAssets: 9.203ms
	ImportOutOfDateAssets: 8.198ms (2.310ms without children)
		ReloadNativeAssets: 0.046ms
		UnloadImportedAssets: 2.683ms
		EnsureUptoDateAssetsAreRegisteredWithGuidPM: 1.797ms
		InitializingProgressBar: 0.002ms
		PostProcessAllAssetNotificationsAddChangedAssets: 0.001ms
		OnDemandSchedulerStart: 1.359ms
	PostProcessAllAssets: 532.137ms
	Hotreload: 12.050ms
	GatherAllCurrentPrimaryArtifactRevisions: 0.593ms
	UnloadStreamsBegin: 0.004ms
	PersistCurrentRevisions: 0.322ms
	UnloadStreamsEnd: 0.003ms
	Untracked: 19.809ms

Refreshing native plugins compatible for Editor in 18.27 ms, found 19 plugins.
Refreshing native plugins compatible for Editor in 9.22 ms, found 19 plugins.
Preloading 0 native plugins for Editor in 0.00 ms.
Asset Pipeline Refresh (id=486d5df7cac404f4fb22b6d84485b7de): Total: 0.593 seconds - Initiated by StopAssetImportingV2(NoUpdateAssetOptions)
	Summary:
		Imports: total=0 (actual=0, local cache=0, cache server=0)
		Asset DB Process Time: managed=0 ms, native=109 ms
		Asset DB Callback time: managed=457 ms, native=26 ms
		Scripting: domain reloads=0, domain reload time=0 ms, compile time=0 ms, other=0 ms
		Project Asset Count: scripts=1792, non-scripts=6270
		Asset File Changes: new=0, changed=0, moved=0, deleted=0
		Scan Filter Count: 5
	InvokeCustomDependenciesCallbacks: 0.001ms
	InvokePackagesCallback: 0.001ms
	ApplyChangesToAssetFolders: 0.185ms
	Scan: 27.002ms
	OnSourceAssetsModified: 0.001ms
	CategorizeAssetsWithTransientArtifact: 0.319ms
	ProcessAssetsWithTransientArtifactChanges: 0.502ms
	CategorizeAssets: 32.816ms
	ImportOutOfDateAssets: 8.741ms (2.396ms without children)
		ReloadNativeAssets: 0.183ms
		UnloadImportedAssets: 0.726ms
		EnsureUptoDateAssetsAreRegisteredWithGuidPM: 4.034ms
		InitializingProgressBar: 0.002ms
		PostProcessAllAssetNotificationsAddChangedAssets: 0.002ms
		OnDemandSchedulerStart: 1.399ms
	PostProcessAllAssets: 473.414ms
	Hotreload: 10.350ms
	GatherAllCurrentPrimaryArtifactRevisions: 0.503ms
	UnloadStreamsBegin: 0.004ms
	PersistCurrentRevisions: 0.485ms
	UnloadStreamsEnd: 0.005ms
	Untracked: 38.657ms

Refreshing native plugins compatible for Editor in 11.92 ms, found 19 plugins.
Refreshing native plugins compatible for Editor in 11.08 ms, found 19 plugins.
Preloading 0 native plugins for Editor in 0.00 ms.
Asset Pipeline Refresh (id=34a1a26ce6654a44885f6f3fde43cfac): Total: 0.528 seconds - Initiated by StopAssetImportingV2(NoUpdateAssetOptions)
	Summary:
		Imports: total=0 (actual=0, local cache=0, cache server=0)
		Asset DB Process Time: managed=0 ms, native=66 ms
		Asset DB Callback time: managed=436 ms, native=25 ms
		Scripting: domain reloads=0, domain reload time=0 ms, compile time=0 ms, other=0 ms
		Project Asset Count: scripts=1792, non-scripts=6270
		Asset File Changes: new=0, changed=0, moved=0, deleted=0
		Scan Filter Count: 5
	InvokeCustomDependenciesCallbacks: 0.001ms
	InvokePackagesCallback: 0.001ms
	ApplyChangesToAssetFolders: 0.128ms
	Scan: 22.257ms
	OnSourceAssetsModified: 0.001ms
	CategorizeAssetsWithTransientArtifact: 0.195ms
	ProcessAssetsWithTransientArtifactChanges: 0.145ms
	CategorizeAssets: 14.555ms
	ImportOutOfDateAssets: 5.657ms (1.502ms without children)
		ReloadNativeAssets: 0.063ms
		UnloadImportedAssets: 0.491ms
		EnsureUptoDateAssetsAreRegisteredWithGuidPM: 2.261ms
		InitializingProgressBar: 0.026ms
		PostProcessAllAssetNotificationsAddChangedAssets: 0.002ms
		OnDemandSchedulerStart: 1.311ms
	PostProcessAllAssets: 450.425ms
	Hotreload: 11.911ms
	GatherAllCurrentPrimaryArtifactRevisions: 0.658ms
	UnloadStreamsBegin: 0.002ms
	PersistCurrentRevisions: 0.354ms
	UnloadStreamsEnd: 0.002ms
	Untracked: 22.086ms

Refreshing native plugins compatible for Editor in 10.21 ms, found 19 plugins.
Refreshing native plugins compatible for Editor in 9.83 ms, found 19 plugins.
Preloading 0 native plugins for Editor in 0.00 ms.
Asset Pipeline Refresh (id=3538f40b931d58849b67da77cdc3e962): Total: 0.604 seconds - Initiated by StopAssetImportingV2(NoUpdateAssetOptions)
	Summary:
		Imports: total=0 (actual=0, local cache=0, cache server=0)
		Asset DB Process Time: managed=0 ms, native=65 ms
		Asset DB Callback time: managed=516 ms, native=23 ms
		Scripting: domain reloads=0, domain reload time=0 ms, compile time=0 ms, other=0 ms
		Project Asset Count: scripts=1792, non-scripts=6270
		Asset File Changes: new=0, changed=0, moved=0, deleted=0
		Scan Filter Count: 5
	InvokeCustomDependenciesCallbacks: 0.001ms
	InvokePackagesCallback: 0.001ms
	ApplyChangesToAssetFolders: 0.477ms
	Scan: 25.291ms
	OnSourceAssetsModified: 0.001ms
	CategorizeAssetsWithTransientArtifact: 0.302ms
	ProcessAssetsWithTransientArtifactChanges: 0.267ms
	CategorizeAssets: 13.728ms
	ImportOutOfDateAssets: 5.254ms (1.825ms without children)
		ReloadNativeAssets: 0.066ms
		UnloadImportedAssets: 0.525ms
		EnsureUptoDateAssetsAreRegisteredWithGuidPM: 1.930ms
		InitializingProgressBar: 0.001ms
		PostProcessAllAssetNotificationsAddChangedAssets: 0.002ms
		OnDemandSchedulerStart: 0.904ms
	PostProcessAllAssets: 529.031ms
	Hotreload: 10.392ms
	GatherAllCurrentPrimaryArtifactRevisions: 0.440ms
	UnloadStreamsBegin: 0.004ms
	PersistCurrentRevisions: 0.537ms
	UnloadStreamsEnd: 0.006ms
	Untracked: 18.710ms

Refreshing native plugins compatible for Editor in 13.75 ms, found 19 plugins.
Refreshing native plugins compatible for Editor in 9.91 ms, found 19 plugins.
Preloading 0 native plugins for Editor in 0.00 ms.
Asset Pipeline Refresh (id=efe9a27da62999e4b87d34b90180dc03): Total: 0.574 seconds - Initiated by StopAssetImportingV2(NoUpdateAssetOptions)
	Summary:
		Imports: total=0 (actual=0, local cache=0, cache server=0)
		Asset DB Process Time: managed=0 ms, native=58 ms
		Asset DB Callback time: managed=488 ms, native=26 ms
		Scripting: domain reloads=0, domain reload time=0 ms, compile time=0 ms, other=0 ms
		Project Asset Count: scripts=1792, non-scripts=6270
		Asset File Changes: new=0, changed=0, moved=0, deleted=0
		Scan Filter Count: 5
	InvokeCustomDependenciesCallbacks: 0.001ms
	InvokePackagesCallback: 0.001ms
	ApplyChangesToAssetFolders: 0.229ms
	Scan: 18.694ms
	OnSourceAssetsModified: 0.001ms
	CategorizeAssetsWithTransientArtifact: 0.129ms
	ProcessAssetsWithTransientArtifactChanges: 0.102ms
	CategorizeAssets: 9.462ms
	ImportOutOfDateAssets: 6.884ms (0.701ms without children)
		ReloadNativeAssets: 0.044ms
		UnloadImportedAssets: 0.478ms
		EnsureUptoDateAssetsAreRegisteredWithGuidPM: 5.018ms
		InitializingProgressBar: 0.001ms
		PostProcessAllAssetNotificationsAddChangedAssets: 0.001ms
		OnDemandSchedulerStart: 0.641ms
	PostProcessAllAssets: 501.905ms
	Hotreload: 13.229ms
	GatherAllCurrentPrimaryArtifactRevisions: 2.376ms
	UnloadStreamsBegin: 0.007ms
	PersistCurrentRevisions: 0.433ms
	UnloadStreamsEnd: 0.004ms
	Untracked: 20.620ms

Refreshing native plugins compatible for Editor in 8.95 ms, found 19 plugins.
Refreshing native plugins compatible for Editor in 16.52 ms, found 19 plugins.
Preloading 0 native plugins for Editor in 0.00 ms.
Asset Pipeline Refresh (id=29825b94b374d0e4c90c1d9b764f69a9): Total: 0.539 seconds - Initiated by StopAssetImportingV2(NoUpdateAssetOptions)
	Summary:
		Imports: total=0 (actual=0, local cache=0, cache server=0)
		Asset DB Process Time: managed=0 ms, native=65 ms
		Asset DB Callback time: managed=441 ms, native=31 ms
		Scripting: domain reloads=0, domain reload time=0 ms, compile time=0 ms, other=0 ms
		Project Asset Count: scripts=1792, non-scripts=6270
		Asset File Changes: new=0, changed=0, moved=0, deleted=0
		Scan Filter Count: 5
	InvokeCustomDependenciesCallbacks: 0.001ms
	InvokePackagesCallback: 0.001ms
	ApplyChangesToAssetFolders: 0.128ms
	Scan: 30.321ms
	OnSourceAssetsModified: 0.001ms
	CategorizeAssetsWithTransientArtifact: 0.140ms
	ProcessAssetsWithTransientArtifactChanges: 0.287ms
	CategorizeAssets: 8.466ms
	ImportOutOfDateAssets: 8.834ms (5.006ms without children)
		ReloadNativeAssets: 0.076ms
		UnloadImportedAssets: 0.457ms
		EnsureUptoDateAssetsAreRegisteredWithGuidPM: 2.414ms
		InitializingProgressBar: 0.002ms
		PostProcessAllAssetNotificationsAddChangedAssets: 0.002ms
		OnDemandSchedulerStart: 0.878ms
	PostProcessAllAssets: 455.779ms
	Hotreload: 16.812ms
	GatherAllCurrentPrimaryArtifactRevisions: 0.554ms
	UnloadStreamsBegin: 0.003ms
	PersistCurrentRevisions: 0.232ms
	UnloadStreamsEnd: 0.003ms
	Untracked: 17.035ms

Refreshing native plugins compatible for Editor in 12.03 ms, found 19 plugins.
Refreshing native plugins compatible for Editor in 18.21 ms, found 19 plugins.
Preloading 0 native plugins for Editor in 0.00 ms.
Asset Pipeline Refresh (id=0a9cd14e65c0f4b429c45f140bb73f74): Total: 0.693 seconds - Initiated by StopAssetImportingV2(NoUpdateAssetOptions)
	Summary:
		Imports: total=0 (actual=0, local cache=0, cache server=0)
		Asset DB Process Time: managed=0 ms, native=66 ms
		Asset DB Callback time: managed=597 ms, native=28 ms
		Scripting: domain reloads=0, domain reload time=0 ms, compile time=0 ms, other=0 ms
		Project Asset Count: scripts=1792, non-scripts=6270
		Asset File Changes: new=0, changed=0, moved=0, deleted=0
		Scan Filter Count: 4
	InvokeCustomDependenciesCallbacks: 0.001ms
	InvokePackagesCallback: 0.001ms
	ApplyChangesToAssetFolders: 0.257ms
	Scan: 22.032ms
	OnSourceAssetsModified: 0.002ms
	CategorizeAssetsWithTransientArtifact: 0.129ms
	ProcessAssetsWithTransientArtifactChanges: 1.003ms
	CategorizeAssets: 9.153ms
	ImportOutOfDateAssets: 12.474ms (1.204ms without children)
		ReloadNativeAssets: 0.056ms
		UnloadImportedAssets: 5.264ms
		EnsureUptoDateAssetsAreRegisteredWithGuidPM: 3.877ms
		InitializingProgressBar: 0.001ms
		PostProcessAllAssetNotificationsAddChangedAssets: 0.002ms
		OnDemandSchedulerStart: 2.070ms
	PostProcessAllAssets: 607.141ms
	Hotreload: 18.793ms
	GatherAllCurrentPrimaryArtifactRevisions: 0.597ms
	UnloadStreamsBegin: 0.003ms
	PersistCurrentRevisions: 0.627ms
	UnloadStreamsEnd: 0.003ms
	Untracked: 20.715ms

Refreshing native plugins compatible for Editor in 14.84 ms, found 19 plugins.
Refreshing native plugins compatible for Editor in 9.17 ms, found 19 plugins.
Preloading 0 native plugins for Editor in 0.00 ms.
Asset Pipeline Refresh (id=dd17c063a500fdb4aa4b9f35c3b6d3fd): Total: 0.640 seconds - Initiated by StopAssetImportingV2(NoUpdateAssetOptions)
	Summary:
		Imports: total=0 (actual=0, local cache=0, cache server=0)
		Asset DB Process Time: managed=0 ms, native=84 ms
		Asset DB Callback time: managed=521 ms, native=34 ms
		Scripting: domain reloads=0, domain reload time=0 ms, compile time=0 ms, other=0 ms
		Project Asset Count: scripts=1792, non-scripts=6270
		Asset File Changes: new=0, changed=0, moved=0, deleted=0
		Scan Filter Count: 4
	InvokeCustomDependenciesCallbacks: 0.002ms
	InvokePackagesCallback: 0.002ms
	ApplyChangesToAssetFolders: 2.021ms
	Scan: 37.235ms
	OnSourceAssetsModified: 0.002ms
	CategorizeAssetsWithTransientArtifact: 0.135ms
	ProcessAssetsWithTransientArtifactChanges: 0.398ms
	CategorizeAssets: 13.993ms
	ImportOutOfDateAssets: 3.437ms (0.736ms without children)
		ReloadNativeAssets: 0.053ms
		UnloadImportedAssets: 0.455ms
		EnsureUptoDateAssetsAreRegisteredWithGuidPM: 1.202ms
		InitializingProgressBar: 0.001ms
		PostProcessAllAssetNotificationsAddChangedAssets: 0.001ms
		OnDemandSchedulerStart: 0.989ms
	PostProcessAllAssets: 534.837ms
	Hotreload: 20.826ms
	GatherAllCurrentPrimaryArtifactRevisions: 1.253ms
	UnloadStreamsBegin: 0.005ms
	PersistCurrentRevisions: 0.325ms
	UnloadStreamsEnd: 0.003ms
	Untracked: 25.492ms

Refreshing native plugins compatible for Editor in 19.53 ms, found 19 plugins.
Refreshing native plugins compatible for Editor in 15.30 ms, found 19 plugins.
Preloading 0 native plugins for Editor in 0.00 ms.
Asset Pipeline Refresh (id=f2ed333a7453bca439e53265dc712465): Total: 0.517 seconds - Initiated by StopAssetImportingV2(NoUpdateAssetOptions)
	Summary:
		Imports: total=0 (actual=0, local cache=0, cache server=0)
		Asset DB Process Time: managed=0 ms, native=69 ms
		Asset DB Callback time: managed=418 ms, native=29 ms
		Scripting: domain reloads=0, domain reload time=0 ms, compile time=0 ms, other=0 ms
		Project Asset Count: scripts=1792, non-scripts=6270
		Asset File Changes: new=0, changed=0, moved=0, deleted=0
		Scan Filter Count: 4
	InvokeCustomDependenciesCallbacks: 0.001ms
	InvokePackagesCallback: 0.001ms
	ApplyChangesToAssetFolders: 0.350ms
	Scan: 18.125ms
	OnSourceAssetsModified: 0.001ms
	CategorizeAssetsWithTransientArtifact: 0.154ms
	ProcessAssetsWithTransientArtifactChanges: 2.272ms
	CategorizeAssets: 8.162ms
	ImportOutOfDateAssets: 12.183ms (0.879ms without children)
		ReloadNativeAssets: 0.055ms
		UnloadImportedAssets: 0.379ms
		EnsureUptoDateAssetsAreRegisteredWithGuidPM: 7.629ms
		InitializingProgressBar: 0.001ms
		PostProcessAllAssetNotificationsAddChangedAssets: 0.002ms
		OnDemandSchedulerStart: 3.239ms
	PostProcessAllAssets: 431.996ms
	Hotreload: 15.814ms
	GatherAllCurrentPrimaryArtifactRevisions: 0.660ms
	UnloadStreamsBegin: 0.004ms
	PersistCurrentRevisions: 0.285ms
	UnloadStreamsEnd: 0.003ms
	Untracked: 27.167ms

Refreshing native plugins compatible for Editor in 9.53 ms, found 19 plugins.
Refreshing native plugins compatible for Editor in 17.23 ms, found 19 plugins.
Preloading 0 native plugins for Editor in 0.00 ms.
Asset Pipeline Refresh (id=5772ec6b172dc7c44a06d545eb089aa5): Total: 0.676 seconds - Initiated by StopAssetImportingV2(NoUpdateAssetOptions)
	Summary:
		Imports: total=0 (actual=0, local cache=0, cache server=0)
		Asset DB Process Time: managed=0 ms, native=70 ms
		Asset DB Callback time: managed=572 ms, native=32 ms
		Scripting: domain reloads=0, domain reload time=0 ms, compile time=0 ms, other=0 ms
		Project Asset Count: scripts=1792, non-scripts=6270
		Asset File Changes: new=0, changed=0, moved=0, deleted=0
		Scan Filter Count: 4
	InvokeCustomDependenciesCallbacks: 0.001ms
	InvokePackagesCallback: 0.001ms
	ApplyChangesToAssetFolders: 0.107ms
	Scan: 28.354ms
	OnSourceAssetsModified: 0.001ms
	CategorizeAssetsWithTransientArtifact: 0.185ms
	ProcessAssetsWithTransientArtifactChanges: 0.449ms
	CategorizeAssets: 15.697ms
	ImportOutOfDateAssets: 5.420ms (1.058ms without children)
		ReloadNativeAssets: 0.056ms
		UnloadImportedAssets: 0.598ms
		EnsureUptoDateAssetsAreRegisteredWithGuidPM: 1.785ms
		InitializingProgressBar: 0.001ms
		PostProcessAllAssetNotificationsAddChangedAssets: 0.002ms
		OnDemandSchedulerStart: 1.919ms
	PostProcessAllAssets: 586.301ms
	Hotreload: 18.600ms
	GatherAllCurrentPrimaryArtifactRevisions: 0.375ms
	UnloadStreamsBegin: 0.002ms
	PersistCurrentRevisions: 0.296ms
	UnloadStreamsEnd: 0.003ms
	Untracked: 20.063ms

Refreshing native plugins compatible for Editor in 7.05 ms, found 19 plugins.
Refreshing native plugins compatible for Editor in 12.67 ms, found 19 plugins.
Preloading 0 native plugins for Editor in 0.00 ms.
Asset Pipeline Refresh (id=8cb947ffbd659a14bb085f068e988617): Total: 0.523 seconds - Initiated by StopAssetImportingV2(NoUpdateAssetOptions)
	Summary:
		Imports: total=0 (actual=0, local cache=0, cache server=0)
		Asset DB Process Time: managed=0 ms, native=75 ms
		Asset DB Callback time: managed=417 ms, native=30 ms
		Scripting: domain reloads=0, domain reload time=0 ms, compile time=0 ms, other=0 ms
		Project Asset Count: scripts=1792, non-scripts=6270
		Asset File Changes: new=0, changed=0, moved=0, deleted=0
		Scan Filter Count: 4
	InvokeCustomDependenciesCallbacks: 0.002ms
	InvokePackagesCallback: 0.001ms
	ApplyChangesToAssetFolders: 0.872ms
	Scan: 28.415ms
	OnSourceAssetsModified: 0.001ms
	CategorizeAssetsWithTransientArtifact: 0.138ms
	ProcessAssetsWithTransientArtifactChanges: 0.180ms
	CategorizeAssets: 9.064ms
	ImportOutOfDateAssets: 14.063ms (1.742ms without children)
		ReloadNativeAssets: 0.042ms
		UnloadImportedAssets: 0.450ms
		EnsureUptoDateAssetsAreRegisteredWithGuidPM: 9.080ms
		InitializingProgressBar: 0.002ms
		PostProcessAllAssetNotificationsAddChangedAssets: 0.004ms
		OnDemandSchedulerStart: 2.744ms
	PostProcessAllAssets: 434.804ms
	Hotreload: 13.211ms
	GatherAllCurrentPrimaryArtifactRevisions: 3.804ms
	UnloadStreamsBegin: 0.009ms
	PersistCurrentRevisions: 0.361ms
	UnloadStreamsEnd: 0.003ms
	Untracked: 18.360ms

Start importing Assets/Settings/EmberURP.asset using Guid(57fe4e6be696dce47a0742a9c97927d7) (NativeFormatImporter) -> (artifact id: '54ee1309a2f430779e06d5ee9b74c6b4') in 0.0236584 seconds
Refreshing native plugins compatible for Editor in 13.50 ms, found 19 plugins.
Preloading 0 native plugins for Editor in 0.00 ms.
Asset Pipeline Refresh (id=ef6a69072e271404d82003a828aa7a36): Total: 0.131 seconds - Initiated by StopAssetImportingV2(NoUpdateAssetOptions)
[Licensing::Client] Successfully resolved entitlement details
[Licensing::Module] License group:
  Id: F4-7AUM-XMAF-NEHN-6TQ2-XXXX
  Product: Unity Personal
  Type: ULF
  Expiration: Unlimited
[Licensing::Module] License group:
  Id: 18967764531816-UnityPersXXXX
  Product: Unity Personal
  Type: Assigned
  Expiration: Unlimited
1 URP assets included in build
- EmberURP - Assets/Settings/EmberURP.asset
	 - EmberURP_Renderer - Assets/Settings/EmberURP_Renderer.asset - UnityEngine.Rendering.Universal.UniversalRendererData
UnityEngine.Debug:ExtractStackTraceNoAlloc (byte*,int,string)
UnityEngine.StackTraceUtility:ExtractStackTrace ()
UnityEngine.DebugLogHandler:Internal_Log (UnityEngine.LogType,UnityEngine.LogOption,string,UnityEngine.Object)
UnityEngine.DebugLogHandler:LogFormat (UnityEngine.LogType,UnityEngine.Object,string,object[])
UnityEngine.Logger:Log (UnityEngine.LogType,object)
UnityEngine.Debug:Log (object)
UnityEditor.Rendering.Universal.URPPreprocessBuild:LogIncludedAssets (System.Collections.Generic.List`1<UnityEngine.Rendering.Universal.UniversalRenderPipelineAsset>) (at ./Library/PackageCache/com.unity.render-pipelines.universal@d00cd191b3cc/Editor/BuildProcessors/URPPreprocessBuild.cs:73)
UnityEditor.Rendering.Universal.URPPreprocessBuild:OnPreprocessBuild (UnityEditor.Build.Reporting.BuildReport) (at ./Library/PackageCache/com.unity.render-pipelines.universal@d00cd191b3cc/Editor/BuildProcessors/URPPreprocessBuild.cs:32)
UnityEditor.Build.BuildPipelineInterfaces/<>c__DisplayClass17_0:<OnBuildPreProcess>b__1 (UnityEditor.Build.IPreprocessBuildWithReport)
UnityEditor.Build.BuildPipelineInterfaces:InvokeCallbackInterfacesPair<UnityEditor.Build.IPreprocessBuild, UnityEditor.Build.IPreprocessBuildWithReport> (System.Collections.Generic.List`1<UnityEditor.Build.IPreprocessBuild>,System.Action`1<UnityEditor.Build.IPreprocessBuild>,System.Collections.Generic.List`1<UnityEditor.Build.IPreprocessBuildWithReport>,System.Action`1<UnityEditor.Build.IPreprocessBuildWithReport>,bool)
UnityEditor.Build.BuildPipelineInterfaces:OnBuildPreProcess (UnityEditor.Build.Reporting.BuildReport)
UnityEditor.BuildPipeline:BuildPlayerInternalNoCheck (string[],string,string,UnityEditor.BuildTargetGroup,UnityEditor.BuildTarget,int,UnityEditor.BuildOptions,string[],bool)
UnityEditor.BuildPipeline:BuildPlayerInternal (string[],string,string,UnityEditor.BuildTargetGroup,UnityEditor.BuildTarget,int,UnityEditor.BuildOptions,string[])
UnityEditor.BuildPipeline:BuildPlayer (string[],string,string,UnityEditor.BuildTargetGroup,UnityEditor.BuildTarget,int,UnityEditor.BuildOptions,string[])
UnityEditor.BuildPipeline:BuildPlayer (UnityEditor.BuildPlayerOptions)
EmberCrpg.Editor.Ember.Build.Windows64BuildMenu:Build () (at Assets/Editor/Ember/BuildTools/Windows64BuildMenu.cs:33)
EmberCrpg.Editor.Ember.Menu.EmberBuildSettingsMenu:BuildWindows64 () (at Assets/Editor/Ember/Menu/EmberBuildSettingsMenu.cs:20)

(Filename: ./Library/PackageCache/com.unity.render-pipelines.universal@d00cd191b3cc/Editor/BuildProcessors/URPPreprocessBuild.cs Line: 73)

Start importing Assets/Settings/EmberURP.asset using Guid(57fe4e6be696dce47a0742a9c97927d7) (NativeFormatImporter) -> (artifact id: '54ee1309a2f430779e06d5ee9b74c6b4') in 0.0085542 seconds
Refreshing native plugins compatible for Editor in 15.65 ms, found 19 plugins.
Preloading 0 native plugins for Editor in 0.00 ms.
Asset Pipeline Refresh (id=e23d6e4e12e76cd42a7c59c209d3ed88): Total: 0.107 seconds - Initiated by StopAssetImportingV2(NoUpdateAssetOptions)
Start importing ProjectSettings/ProjectSettings.asset using Guid(00000000000000004000000000000000) (LibraryAssetImporter) -> (artifact id: 'dff4dd7bb6472f48665798d59869d975') in 0.0179311 seconds
Start importing ProjectSettings/GraphicsSettings.asset using Guid(00000000000000006100000000000000) (LibraryAssetImporter) -> (artifact id: 'baf7d32e2535d21cffee0713afab4aa4') in 0.0108908 seconds
Start importing Assets/UniversalRenderPipelineGlobalSettings.asset using Guid(39924664f8e3e7348a04239dbadb4e87) (NativeFormatImporter) -> (artifact id: 'dfcddbd085159c6e9a3ae3b065e4a34e') in 0.0048867 seconds
Start importing Assets/TextMesh Pro/Resources/Fonts & Materials/LiberationSans SDF - Fallback.asset using Guid(2e498d1c8094910479dc3e1b768306a4) (NativeFormatImporter) -> (artifact id: 'a94a4c034600aa8bc24910f0b0d76159') in 0.0116292 seconds
Refreshing native plugins compatible for Editor in 14.04 ms, found 19 plugins.
Preloading 0 native plugins for Editor in 0.00 ms.
Asset Pipeline Refresh (id=acfd36fe553c5e447b22ef436dac4617): Total: 0.209 seconds - Initiated by StopAssetImportingV2(NoUpdateAssetOptions)
info: Microsoft.AspNetCore.Hosting.Diagnostics[1]
      Request starting HTTP/2 POST http://ilpp/UnityILPP.PostProcessing/Ping application/grpc -
info: Microsoft.AspNetCore.Routing.EndpointMiddleware[0]
      Executing endpoint 'gRPC - /UnityILPP.PostProcessing/Ping'
info: Microsoft.AspNetCore.Routing.EndpointMiddleware[1]
      Executed endpoint 'gRPC - /UnityILPP.PostProcessing/Ping'
info: Microsoft.AspNetCore.Hosting.Diagnostics[2]
      Request finished HTTP/2 POST http://ilpp/UnityILPP.PostProcessing/Ping application/grpc - - 200 - application/grpc 7.2455ms
Starting: E:\Program Files\Unity\Hub\Editor\6000.3.13f1\Editor\Data\Tools\BuildPipeline\bee_backend.exe --ipc --defer-dag-verification --dagfile="Library/Bee/1900b0aESkipCompile.dag" --continue-on-failure --profile="Library/Bee/backend1.traceevents" ScriptAssembliesAndTypeDB
WorkingDir: D:/projects/alcyone-ember-rpg
ExitCode: 0 Duration: 6s425ms
[3/4        6s] BuildPlayerDataGenerator Library/BuildPlayerData/Editor/TypeDb-All.json
Field 'method System.Byte* *() LLama.Native.LLamaSamplerINative::Name' from 'D:\projects\alcyone-ember-rpg\Assets\Plugins\x86_64\LLamaSharp.dll', exception Function pointer types are not supported by the SerializationWeaver

Field 'method System.Void *(LLama.Native.LLamaSamplerNative*,LLama.Native.LLamaToken) LLama.Native.LLamaSamplerINative::Accept' from 'D:\projects\alcyone-ember-rpg\Assets\Plugins\x86_64\LLamaSharp.dll', exception Function pointer types are not supported by the SerializationWeaver

Field 'method System.Void *(LLama.Native.LLamaSamplerNative*,LLama.Native.LLamaTokenDataArrayNative*) LLama.Native.LLamaSamplerINative::Apply' from 'D:\projects\alcyone-ember-rpg\Assets\Plugins\x86_64\LLamaSharp.dll', exception Function pointer types are not supported by the SerializationWeaver

Field 'method System.Void *(LLama.Native.LLamaSamplerNative*) LLama.Native.LLamaSamplerINative::Reset' from 'D:\projects\alcyone-ember-rpg\Assets\Plugins\x86_64\LLamaSharp.dll', exception Function pointer types are not supported by the SerializationWeaver

Field 'method System.IntPtr *(LLama.Native.LLamaSamplerNative*) LLama.Native.LLamaSamplerINative::Clone' from 'D:\projects\alcyone-ember-rpg\Assets\Plugins\x86_64\LLamaSharp.dll', exception Function pointer types are not supported by the SerializationWeaver

Field 'method System.Void *(LLama.Native.LLamaSamplerNative*) LLama.Native.LLamaSamplerINative::Free' from 'D:\projects\alcyone-ember-rpg\Assets\Plugins\x86_64\LLamaSharp.dll', exception Function pointer types are not supported by the SerializationWeaver
*** Tundra build success (6.32 seconds), 1 items updated, 4 evaluated
Start importing Assets/Resources/PerformanceTestRunSettings.json using Guid(01c106fb7b9671a4f8d96d98cc099baf) (TextScriptImporter) -> (artifact id: '47c88339fcf76c1845f78e6010e37c8c') in 0.0249301 seconds
Start importing Assets/Resources/PerformanceTestRunInfo.json using Guid(068e105ec56c1034da6ddd411d0df25c) (TextScriptImporter) -> (artifact id: '35a953765eaf271e8c0ffb15cfcf397a') in 0.0232337 seconds
Refreshing native plugins compatible for Editor in 7.91 ms, found 19 plugins.
Preloading 0 native plugins for Editor in 0.00 ms.
Asset Pipeline Refresh (id=c604835267b19754d839dcd86db850f5): Total: 0.244 seconds - Initiated by RefreshV2(NoUpdateAssetOptions)
[ScriptCompilation] Requested script compilation because: Recompiling scripts for player build.
BuildPlayer: start building target 19
Duplicate assembly 'Microsoft.Bcl.Numerics.dll' with different versions detected, using 'Assets/Plugins/x86_64/Microsoft.Bcl.Numerics.dll, AssemblyName=Microsoft.Bcl.Numerics, Version=10.0.0.5, Culture=neutral, PublicKeyToken=cc7b13ffcd2ddd51' and ignoring 'Assets/Plugins/NuGet/Microsoft.Bcl.Numerics.dll, AssemblyName=Microsoft.Bcl.Numerics, Version=10.0.0.0, Culture=neutral, PublicKeyToken=cc7b13ffcd2ddd51'.Duplicate assembly 'System.Text.Json.dll' with different versions detected, using 'Assets/Plugins/x86_64/System.Text.Json.dll, AssemblyName=System.Text.Json, Version=10.0.0.0, Culture=neutral, PublicKeyToken=cc7b13ffcd2ddd51' and ignoring 'Assets/Plugins/NuGet/System.Text.Json.dll, AssemblyName=System.Text.Json, Version=8.0.0.0, Culture=neutral, PublicKeyToken=cc7b13ffcd2ddd51'.info: Microsoft.AspNetCore.Hosting.Diagnostics[1]
      Request starting HTTP/2 POST http://ilpp/UnityILPP.PostProcessing/Ping application/grpc -
info: Microsoft.AspNetCore.Routing.EndpointMiddleware[0]
      Executing endpoint 'gRPC - /UnityILPP.PostProcessing/Ping'
info: Microsoft.AspNetCore.Routing.EndpointMiddleware[1]
      Executed endpoint 'gRPC - /UnityILPP.PostProcessing/Ping'
info: Microsoft.AspNetCore.Hosting.Diagnostics[2]
      Request finished HTTP/2 POST http://ilpp/UnityILPP.PostProcessing/Ping application/grpc - - 200 - application/grpc 0.2224ms
Starting: E:\Program Files\Unity\Hub\Editor\6000.3.13f1\Editor\Data\Tools\BuildPipeline\bee_backend.exe --ipc --defer-dag-verification --dagfile="Library/Bee/1900b0aP.dag" --continue-on-failure --profile="Library/Bee/backend1.traceevents" ScriptAssembliesAndTypeDB
WorkingDir: D:/projects/alcyone-ember-rpg
Duplicate assembly 'Microsoft.Bcl.AsyncInterfaces.dll' with different versions detected, using 'Assets/Plugins/x86_64/Microsoft.Bcl.AsyncInterfaces.dll, AssemblyName=Microsoft.Bcl.AsyncInterfaces, Version=10.0.0.5, Culture=neutral, PublicKeyToken=cc7b13ffcd2ddd51' and ignoring 'Packages/com.unity.ai.assistant/Plugins/Shared/Microsoft.Bcl.AsyncInterfaces.dll, AssemblyName=Microsoft.Bcl.AsyncInterfaces, Version=10.0.0.1, Culture=neutral, PublicKeyToken=cc7b13ffcd2ddd51'.Duplicate assembly 'System.Reflection.Metadata.dll' with different versions detected, using 'Packages/com.unity.ai.assistant/Plugins/Shared/System.Reflection.Metadata.dll, AssemblyName=System.Reflection.Metadata, Version=10.0.0.1, Culture=neutral, PublicKeyToken=b03f5f7f11d50a3a' and ignoring 'Assets/Plugins/NuGet/System.Reflection.Metadata.dll, AssemblyName=System.Reflection.Metadata, Version=7.0.0.0, Culture=neutral, PublicKeyToken=b03f5f7f11d50a3a'.Duplicate assembly 'System.Text.Json.dll' with different versions detected, using 'Assets/Plugins/x86_64/System.Text.Json.dll, AssemblyName=System.Text.Json, Version=10.0.0.0, Culture=neutral, PublicKeyToken=cc7b13ffcd2ddd51' and ignoring 'Packages/com.unity.ai.assistant/Plugins/Shared/System.Text.Json.dll, AssemblyName=System.Text.Json, Version=8.0.0.0, Culture=neutral, PublicKeyToken=cc7b13ffcd2ddd51'.Duplicate assembly 'System.Text.Json.dll' with different versions detected, using 'Assets/Plugins/x86_64/System.Text.Json.dll, AssemblyName=System.Text.Json, Version=10.0.0.0, Culture=neutral, PublicKeyToken=cc7b13ffcd2ddd51' and ignoring 'Assets/Plugins/NuGet/System.Text.Json.dll, AssemblyName=System.Text.Json, Version=8.0.0.0, Culture=neutral, PublicKeyToken=cc7b13ffcd2ddd51'.Duplicate assembly 'System.Text.Encodings.Web.dll' with different versions detected, using 'Packages/com.unity.ai.assistant/Plugins/Shared/System.Text.Encodings.Web.dll, AssemblyName=System.Text.Encodings.Web, Version=10.0.0.1, Culture=neutral, PublicKeyToken=cc7b13ffcd2ddd51' and ignoring 'Assets/Plugins/NuGet/System.Text.Encodings.Web.dll, AssemblyName=System.Text.Encodings.Web, Version=8.0.0.0, Culture=neutral, PublicKeyToken=cc7b13ffcd2ddd51'.Duplicate assembly 'Microsoft.CodeAnalysis.CSharp.dll' with different versions detected, using 'Assets/Plugins/NuGet/Microsoft.CodeAnalysis.CSharp.dll, AssemblyName=Microsoft.CodeAnalysis.CSharp, Version=4.8.0.0, Culture=neutral, PublicKeyToken=31bf3856ad364e35' and ignoring 'Packages/com.unity.ai.assistant/Plugins/CodeAnalysis/Microsoft.CodeAnalysis.CSharp.dll, AssemblyName=Microsoft.CodeAnalysis.CSharp, Version=3.11.0.0, Culture=neutral, PublicKeyToken=31bf3856ad364e35'.Duplicate assembly 'System.Collections.Immutable.dll' with different versions detected, using 'Packages/com.unity.ai.assistant/Plugins/Shared/System.Collections.Immutable.dll, AssemblyName=System.Collections.Immutable, Version=10.0.0.1, Culture=neutral, PublicKeyToken=b03f5f7f11d50a3a' and ignoring 'Assets/Plugins/NuGet/System.Collections.Immutable.dll, AssemblyName=System.Collections.Immutable, Version=7.0.0.0, Culture=neutral, PublicKeyToken=b03f5f7f11d50a3a'.Duplicate assembly 'Microsoft.CodeAnalysis.dll' with different versions detected, using 'Assets/Plugins/NuGet/Microsoft.CodeAnalysis.dll, AssemblyName=Microsoft.CodeAnalysis, Version=4.8.0.0, Culture=neutral, PublicKeyToken=31bf3856ad364e35' and ignoring 'Packages/com.unity.ai.assistant/Plugins/CodeAnalysis/Microsoft.CodeAnalysis.dll, AssemblyName=Microsoft.CodeAnalysis, Version=3.11.0.0, Culture=neutral, PublicKeyToken=31bf3856ad364e35'.Duplicate assembly 'System.Runtime.CompilerServices.Unsafe.dll' with different versions detected, using 'Packages/com.unity.ai.assistant/Plugins/Shared/System.Runtime.CompilerServices.Unsafe.dll, AssemblyName=System.Runtime.CompilerServices.Unsafe, Version=6.0.3.0, Culture=neutral, PublicKeyToken=b03f5f7f11d50a3a' and ignoring 'Packages/com.unity.collections/Unity.Collections.Tests/System.Runtime.CompilerServices.Unsafe/System.Runtime.CompilerServices.Unsafe.dll, AssemblyName=System.Runtime.CompilerServices.Unsafe, Version=6.0.0.0, Culture=neutral, PublicKeyToken=b03f5f7f11d50a3a'.Duplicate assembly 'Microsoft.Bcl.Numerics.dll' with different versions detected, using 'Assets/Plugins/x86_64/Microsoft.Bcl.Numerics.dll, AssemblyName=Microsoft.Bcl.Numerics, Version=10.0.0.5, Culture=neutral, PublicKeyToken=cc7b13ffcd2ddd51' and ignoring 'Assets/Plugins/NuGet/Microsoft.Bcl.Numerics.dll, AssemblyName=Microsoft.Bcl.Numerics, Version=10.0.0.0, Culture=neutral, PublicKeyToken=cc7b13ffcd2ddd51'.Duplicate assembly 'System.Text.Json.dll' with different versions detected, using 'Assets/Plugins/x86_64/System.Text.Json.dll, AssemblyName=System.Text.Json, Version=10.0.0.0, Culture=neutral, PublicKeyToken=cc7b13ffcd2ddd51' and ignoring 'Assets/Plugins/NuGet/System.Text.Json.dll, AssemblyName=System.Text.Json, Version=8.0.0.0, Culture=neutral, PublicKeyToken=cc7b13ffcd2ddd51'.Duplicate assembly 'Microsoft.Bcl.Numerics.dll' with different versions detected, using 'Assets/Plugins/x86_64/Microsoft.Bcl.Numerics.dll, AssemblyName=Microsoft.Bcl.Numerics, Version=10.0.0.5, Culture=neutral, PublicKeyToken=cc7b13ffcd2ddd51' and ignoring 'Assets/Plugins/NuGet/Microsoft.Bcl.Numerics.dll, AssemblyName=Microsoft.Bcl.Numerics, Version=10.0.0.0, Culture=neutral, PublicKeyToken=cc7b13ffcd2ddd51'.Duplicate assembly 'System.Text.Json.dll' with different versions detected, using 'Assets/Plugins/x86_64/System.Text.Json.dll, AssemblyName=System.Text.Json, Version=10.0.0.0, Culture=neutral, PublicKeyToken=cc7b13ffcd2ddd51' and ignoring 'Assets/Plugins/NuGet/System.Text.Json.dll, AssemblyName=System.Text.Json, Version=8.0.0.0, Culture=neutral, PublicKeyToken=cc7b13ffcd2ddd51'.Starting: E:\Program Files\Unity\Hub\Editor\6000.3.13f1\Editor\Data\netcorerun\netcorerun.exe "E:\Program Files\Unity\Hub\Editor\6000.3.13f1\Editor\Data\Tools\BuildPipeline\ScriptCompilationBuildProgram.exe" "Library/Bee/1900b0aP.dag.json" "Library/Bee/1900b0aP-inputdata.json" "Library\Bee\buildprogram0.traceevents"
WorkingDir: D:/projects/alcyone-ember-rpg
ExitCode: 4 Duration: 0s765ms
Rebuilding DAG because FileSignature timestamp changed: Library/Bee/1900b0aP-inputdata.json
*** Tundra requires additional run (0.67 seconds), 0 items updated, 42 evaluated
Total cache size 267894804
Total cache size after purge 267894804, took 00:00:03.0012687
ExitCode: 0 Duration: 1s859ms
Starting: E:\Program Files\Unity\Hub\Editor\6000.3.13f1\Editor\Data\Tools\BuildPipeline\bee_backend.exe --ipc --defer-dag-verification --dagfile="Library/Bee/1900b0aP.dag" --continue-on-failure --dagfilejson="Library\Bee\1900b0aP.dag.json" --profile="Library/Bee/backend2.traceevents" ScriptAssembliesAndTypeDB
WorkingDir: D:/projects/alcyone-ember-rpg
info: Microsoft.AspNetCore.Hosting.Diagnostics[1]
      Request starting HTTP/2 POST http://ilpp/UnityILPP.PostProcessing/ConfigurePostProcessors application/grpc -
info: Microsoft.AspNetCore.Routing.EndpointMiddleware[0]
      Executing endpoint 'gRPC - /UnityILPP.PostProcessing/ConfigurePostProcessors'
info: Unity.ILPP.Runner.PostProcessingAssemblyLoadContext[0]
      ALC ILPP context 1 is unloading
warn: Unity.ILPP.Runner.PostProcessingAssemblyLoadContext[0]
      Assembly system.runtime.interopservices.windowsruntime has duplicate hint path. Ignoring "E:\Program Files\Unity\Hub\Editor\6000.3.13f1\Editor\Data\UnityReferenceAssemblies\unity-4.8-api\Facades\System.Runtime.InteropServices.WindowsRuntime.dll" in favor of "E:\Program Files\Unity\Hub\Editor\6000.3.13f1\Editor\Data\NetStandard\Extensions\2.0.0\System.Runtime.InteropServices.WindowsRuntime.dll"
warn: Unity.ILPP.Runner.PostProcessingAssemblyLoadContext[0]
      Assembly system.componentmodel.composition has duplicate hint path. Ignoring "E:\Program Files\Unity\Hub\Editor\6000.3.13f1\Editor\Data\UnityReferenceAssemblies\unity-4.8-api\System.ComponentModel.Composition.dll" in favor of "E:\Program Files\Unity\Hub\Editor\6000.3.13f1\Editor\Data\NetStandard\compat\2.1.0\shims\netfx\System.ComponentModel.Composition.dll"
info: Unity.ILPP.Runner.PostProcessingAssemblyLoadContext[0]
      Resolved Unity.Burst.Cecil, Version=0.11.6.0, Culture=neutral, PublicKeyToken=50cebf1cceb9d05e with Library\PackageCache\com.unity.burst@6bb9aca3ef38\Unity.Burst.CodeGen\Unity.Burst.Cecil.dll
info: Unity.ILPP.Runner.PostProcessingAssemblyLoadContext[0]
      Resolved Mono.Cecil, Version=0.11.5.0, Culture=neutral, PublicKeyToken=50cebf1cceb9d05e with Library\PackageCache\com.unity.nuget.mono-cecil@ecb9724e46ff\Mono.Cecil.dll
info: Microsoft.AspNetCore.Routing.EndpointMiddleware[1]
      Executed endpoint 'gRPC - /UnityILPP.PostProcessing/ConfigurePostProcessors'
info: Microsoft.AspNetCore.Hosting.Diagnostics[2]
      Request finished HTTP/2 POST http://ilpp/UnityILPP.PostProcessing/ConfigurePostProcessors application/grpc - - 200 - application/grpc 1833.1363ms
info: Microsoft.AspNetCore.Hosting.Diagnostics[1]
      Request starting HTTP/2 POST http://ilpp/UnityILPP.PostProcessing/PostProcessAssembly application/grpc -
info: Microsoft.AspNetCore.Routing.EndpointMiddleware[0]
      Executing endpoint 'gRPC - /UnityILPP.PostProcessing/PostProcessAssembly'
info: Unity.ILPP.Runner.PostProcessingPipeline[0]
      Processing assembly Library/Bee/artifacts/1900b0aP.dag/EmberCrpg.Domain.dll, with 135 defines and 172 references
info: Unity.ILPP.Runner.PostProcessingPipeline[0]
      processors: Unity.Jobs.CodeGen.JobsILPostProcessor, zzzUnity.Burst.CodeGen.BurstILPostProcessor
info: Unity.ILPP.Runner.PostProcessingPipeline[0]
      running Unity.Jobs.CodeGen.JobsILPostProcessor
info: Unity.ILPP.Runner.PostProcessingPipeline[0]
      running zzzUnity.Burst.CodeGen.BurstILPostProcessor
info: Microsoft.AspNetCore.Routing.EndpointMiddleware[1]
      Executed endpoint 'gRPC - /UnityILPP.PostProcessing/PostProcessAssembly'
info: Microsoft.AspNetCore.Hosting.Diagnostics[2]
      Request finished HTTP/2 POST http://ilpp/UnityILPP.PostProcessing/PostProcessAssembly application/grpc - - 200 - application/grpc 98.1010ms
info: Microsoft.AspNetCore.Hosting.Diagnostics[1]
      Request starting HTTP/2 POST http://ilpp/UnityILPP.PostProcessing/PostProcessAssembly application/grpc -
info: Microsoft.AspNetCore.Routing.EndpointMiddleware[0]
      Executing endpoint 'gRPC - /UnityILPP.PostProcessing/PostProcessAssembly'
info: Unity.ILPP.Runner.PostProcessingPipeline[0]
      Processing assembly Library/Bee/artifacts/1900b0aP.dag/EmberCrpg.Data.dll, with 135 defines and 253 references
info: Unity.ILPP.Runner.PostProcessingPipeline[0]
      processors: Unity.Jobs.CodeGen.JobsILPostProcessor, zzzUnity.Burst.CodeGen.BurstILPostProcessor
info: Unity.ILPP.Runner.PostProcessingPipeline[0]
      running Unity.Jobs.CodeGen.JobsILPostProcessor
info: Unity.ILPP.Runner.PostProcessingPipeline[0]
      running zzzUnity.Burst.CodeGen.BurstILPostProcessor
info: Microsoft.AspNetCore.Routing.EndpointMiddleware[1]
      Executed endpoint 'gRPC - /UnityILPP.PostProcessing/PostProcessAssembly'
info: Microsoft.AspNetCore.Hosting.Diagnostics[2]
      Request finished HTTP/2 POST http://ilpp/UnityILPP.PostProcessing/PostProcessAssembly application/grpc - - 200 - application/grpc 6.8322ms
info: Microsoft.AspNetCore.Hosting.Diagnostics[1]
      Request starting HTTP/2 POST http://ilpp/UnityILPP.PostProcessing/PostProcessAssembly application/grpc -
info: Microsoft.AspNetCore.Routing.EndpointMiddleware[0]
      Executing endpoint 'gRPC - /UnityILPP.PostProcessing/PostProcessAssembly'
info: Unity.ILPP.Runner.PostProcessingPipeline[0]
      Processing assembly Library/Bee/artifacts/1900b0aP.dag/EmberCrpg.Data.SliceJson.dll, with 135 defines and 174 references
info: Unity.ILPP.Runner.PostProcessingPipeline[0]
      processors: Unity.Jobs.CodeGen.JobsILPostProcessor, zzzUnity.Burst.CodeGen.BurstILPostProcessor
info: Unity.ILPP.Runner.PostProcessingPipeline[0]
      running Unity.Jobs.CodeGen.JobsILPostProcessor
info: Unity.ILPP.Runner.PostProcessingPipeline[0]
      running zzzUnity.Burst.CodeGen.BurstILPostProcessor
info: Microsoft.AspNetCore.Routing.EndpointMiddleware[1]
      Executed endpoint 'gRPC - /UnityILPP.PostProcessing/PostProcessAssembly'
info: Microsoft.AspNetCore.Hosting.Diagnostics[2]
      Request finished HTTP/2 POST http://ilpp/UnityILPP.PostProcessing/PostProcessAssembly application/grpc - - 200 - application/grpc 18.5384ms
info: Microsoft.AspNetCore.Hosting.Diagnostics[1]
      Request starting HTTP/2 POST http://ilpp/UnityILPP.PostProcessing/PostProcessAssembly application/grpc -
info: Microsoft.AspNetCore.Routing.EndpointMiddleware[0]
      Executing endpoint 'gRPC - /UnityILPP.PostProcessing/PostProcessAssembly'
info: Unity.ILPP.Runner.PostProcessingPipeline[0]
      Processing assembly Library/Bee/artifacts/1900b0aP.dag/EmberCrpg.Simulation.dll, with 135 defines and 175 references
info: Unity.ILPP.Runner.PostProcessingPipeline[0]
      processors: Unity.Jobs.CodeGen.JobsILPostProcessor, zzzUnity.Burst.CodeGen.BurstILPostProcessor
info: Unity.ILPP.Runner.PostProcessingPipeline[0]
      running Unity.Jobs.CodeGen.JobsILPostProcessor
info: Unity.ILPP.Runner.PostProcessingPipeline[0]
      running zzzUnity.Burst.CodeGen.BurstILPostProcessor
info: Microsoft.AspNetCore.Routing.EndpointMiddleware[1]
      Executed endpoint 'gRPC - /UnityILPP.PostProcessing/PostProcessAssembly'
info: Microsoft.AspNetCore.Hosting.Diagnostics[2]
      Request finished HTTP/2 POST http://ilpp/UnityILPP.PostProcessing/PostProcessAssembly application/grpc - - 200 - application/grpc 34.7619ms
info: Microsoft.AspNetCore.Hosting.Diagnostics[1]
      Request starting HTTP/2 POST http://ilpp/UnityILPP.PostProcessing/PostProcessAssembly application/grpc -
info: Microsoft.AspNetCore.Routing.EndpointMiddleware[0]
      Executing endpoint 'gRPC - /UnityILPP.PostProcessing/PostProcessAssembly'
info: Unity.ILPP.Runner.PostProcessingPipeline[0]
      Processing assembly Library/Bee/artifacts/1900b0aP.dag/EmberCrpg.Infrastructure.dll, with 135 defines and 174 references
info: Unity.ILPP.Runner.PostProcessingPipeline[0]
      processors: Unity.Jobs.CodeGen.JobsILPostProcessor, zzzUnity.Burst.CodeGen.BurstILPostProcessor
info: Unity.ILPP.Runner.PostProcessingPipeline[0]
      running Unity.Jobs.CodeGen.JobsILPostProcessor
info: Unity.ILPP.Runner.PostProcessingPipeline[0]
      running zzzUnity.Burst.CodeGen.BurstILPostProcessor
info: Microsoft.AspNetCore.Routing.EndpointMiddleware[1]
      Executed endpoint 'gRPC - /UnityILPP.PostProcessing/PostProcessAssembly'
info: Microsoft.AspNetCore.Hosting.Diagnostics[2]
      Request finished HTTP/2 POST http://ilpp/UnityILPP.PostProcessing/PostProcessAssembly application/grpc - - 200 - application/grpc 17.1287ms
info: Microsoft.AspNetCore.Hosting.Diagnostics[1]
      Request starting HTTP/2 POST http://ilpp/UnityILPP.PostProcessing/PostProcessAssembly application/grpc -
info: Microsoft.AspNetCore.Routing.EndpointMiddleware[0]
      Executing endpoint 'gRPC - /UnityILPP.PostProcessing/PostProcessAssembly'
info: Unity.ILPP.Runner.PostProcessingPipeline[0]
      Processing assembly Library/Bee/artifacts/1900b0aP.dag/EmberCrpg.Presentation.dll, with 135 defines and 264 references
info: Unity.ILPP.Runner.PostProcessingPipeline[0]
      processors: Unity.Jobs.CodeGen.JobsILPostProcessor, zzzUnity.Burst.CodeGen.BurstILPostProcessor
info: Unity.ILPP.Runner.PostProcessingPipeline[0]
      running Unity.Jobs.CodeGen.JobsILPostProcessor
info: Unity.ILPP.Runner.PostProcessingPipeline[0]
      running zzzUnity.Burst.CodeGen.BurstILPostProcessor
info: Microsoft.AspNetCore.Routing.EndpointMiddleware[1]
      Executed endpoint 'gRPC - /UnityILPP.PostProcessing/PostProcessAssembly'
info: Microsoft.AspNetCore.Hosting.Diagnostics[2]
      Request finished HTTP/2 POST http://ilpp/UnityILPP.PostProcessing/PostProcessAssembly application/grpc - - 200 - application/grpc 16.6777ms
ExitCode: 0 Duration: 24s
Finished compiling graph: 681 nodes, 7597 flattened edges (6141 ToBuild, 92 ToUse), maximum node priority 372
[419/680    0s] WriteResponseFile Library/Bee/artifacts/rsp/4747638433968585886.rsp
[420/680    0s] WriteText Library/Bee/artifacts/1900b0aP.dag/EmberCrpg.Domain.rsp
[439/680    0s] WriteText Library/Bee/artifacts/1900b0aP.dag/EmberCrpg.Presentation.rsp
[491/680    0s] WriteText Library/Bee/artifacts/1900b0aP.dag/EmberCrpg.Simulation.rsp
[560/680    1s] Csc Library/Bee/artifacts/1900b0aP.dag/EmberCrpg.Domain.dll (+2 others)
[561/680    2s] ILPP-Configuration Library/ilpp-configuration.nevergeneratedoutput
[593/680    0s] CopyFiles Library/Bee/PlayerScriptAssemblies/Unity.InputSystem.ForUI.dll
[594/680    0s] CopyFiles Library/Bee/PlayerScriptAssemblies/glTFast.dll
[595/680    0s] CopyFiles Library/Bee/PlayerScriptAssemblies/EmberCrpg.Ui.Foundation.dll
[596/680    0s] CopyFiles Library/Bee/PlayerScriptAssemblies/glTFast.Export.dll
[597/680    0s] CopyFiles Library/Bee/PlayerScriptAssemblies/EmberCrpg.Ui.Backends.UiToolkit.dll
[598/680    0s] CopyFiles Library/Bee/PlayerScriptAssemblies/Unity.AI.Tracing.dll
[599/680    0s] CopyFiles Library/Bee/PlayerScriptAssemblies/Unity.RenderPipelines.GPUDriven.Runtime.dll
[600/680    0s] CopyFiles Library/Bee/PlayerScriptAssemblies/Unity.Collections.dll
[601/680    0s] CopyFiles Library/Bee/PlayerScriptAssemblies/Unity.RenderPipeline.Universal.ShaderLibrary.dll
[602/680    0s] CopyFiles Library/Bee/PlayerScriptAssemblies/Unity.RenderPipelines.ShaderGraph.ShaderGraphLibrary.dll
[603/680    0s] CopyFiles Library/Bee/PlayerScriptAssemblies/Unity.InternalAPIEngineBridge.004.dll
[604/680    0s] CopyFiles Library/Bee/PlayerScriptAssemblies/Unity.Splines.dll
[605/680    0s] CopyFiles Library/Bee/PlayerScriptAssemblies/glTFast.dots.dll
[606/680    0s] CopyFiles Library/Bee/PlayerScriptAssemblies/Unity.AI.Assistant.Runtime.dll
[607/680    0s] CopyFiles Library/Bee/PlayerScriptAssemblies/Unity.InputSystem.dll
[608/680    0s] CopyFiles Library/Bee/PlayerScriptAssemblies/Unity.UnifiedRayTracing.Runtime.dll
[609/680    0s] CopyFiles Library/Bee/PlayerScriptAssemblies/UnityEngine.UI.dll
[610/680    0s] CopyFiles Library/Bee/PlayerScriptAssemblies/Unity.RenderPipelines.Core.Runtime.dll
[611/680    0s] CopyFiles Library/Bee/PlayerScriptAssemblies/Unity.RenderPipelines.Core.Runtime.Shared.dll
[612/680    0s] CopyFiles Library/Bee/PlayerScriptAssemblies/Unity.AI.MCP.Runtime.dll
[613/680    0s] CopyFiles Library/Bee/PlayerScriptAssemblies/Unity.RenderPipelines.Universal.Shaders.dll
[614/680    0s] CopyFiles Library/Bee/PlayerScriptAssemblies/glTFast.Newtonsoft.dll
[615/680    0s] CopyFiles Library/Bee/PlayerScriptAssemblies/Unity.RenderPipelines.Core.ShaderLibrary.dll
[616/680    0s] CopyFiles Library/Bee/PlayerScriptAssemblies/Unity.TextMeshPro.dll
[617/680    0s] CopyFiles Library/Bee/PlayerScriptAssemblies/glTFast.Documentation.Examples.dll
[618/680    0s] CopyFiles Library/Bee/PlayerScriptAssemblies/Unity.RenderPipelines.Universal.2D.Runtime.dll
[619/680    0s] CopyFiles Library/Bee/PlayerScriptAssemblies/Unity.Mathematics.dll
[620/680    0s] CopyFiles Library/Bee/PlayerScriptAssemblies/Unity.RenderPipelines.ShaderGraph.ShaderGraphLibrary.pdb
[621/680    0s] CopyFiles Library/Bee/PlayerScriptAssemblies/Unity.RenderPipelines.Universal.Runtime.dll
[622/680    0s] CopyFiles Library/Bee/PlayerScriptAssemblies/Unity.Cinemachine.dll
[623/680    0s] CopyFiles Library/Bee/PlayerScriptAssemblies/EmberCrpg.Ui.Backends.UiToolkit.pdb
[624/680    0s] CopyFiles Library/Bee/PlayerScriptAssemblies/Unity.InternalAPIEngineBridge.004.pdb
[625/680    0s] CopyFiles Library/Bee/PlayerScriptAssemblies/Unity.RenderPipelines.Universal.Config.Runtime.dll
[626/680    0s] CopyFiles Library/Bee/PlayerScriptAssemblies/Unity.AI.Assistant.Runtime.pdb
[627/680    0s] CopyFiles Library/Bee/PlayerScriptAssemblies/Unity.Splines.pdb
[628/680    0s] CopyFiles Library/Bee/PlayerScriptAssemblies/Unity.Burst.dll
[629/680    0s] CopyFiles Library/Bee/PlayerScriptAssemblies/Unity.UnifiedRayTracing.Runtime.pdb
[630/680    0s] CopyFiles Library/Bee/PlayerScriptAssemblies/Unity.RenderPipelines.GPUDriven.Runtime.pdb
[631/680    0s] CopyFiles Library/Bee/PlayerScriptAssemblies/glTFast.dots.pdb
[632/680    0s] CopyFiles Library/Bee/PlayerScriptAssemblies/Unity.RenderPipelines.Universal.Config.Runtime.pdb
[633/680    0s] CopyFiles Library/Bee/PlayerScriptAssemblies/Unity.RenderPipelines.Core.Runtime.pdb
[634/680    0s] CopyFiles Library/Bee/PlayerScriptAssemblies/glTFast.pdb
[635/680    0s] CopyFiles Library/Bee/PlayerScriptAssemblies/EmberCrpg.Ui.Foundation.pdb
[636/680    0s] CopyFiles Library/Bee/PlayerScriptAssemblies/Unity.AI.MCP.Runtime.pdb
[637/680    0s] CopyFiles Library/Bee/PlayerScriptAssemblies/Unity.RenderPipelines.Core.Runtime.Shared.pdb
[638/680    0s] CopyFiles Library/Bee/PlayerScriptAssemblies/Unity.InputSystem.pdb
[639/680    0s] CopyFiles Library/Bee/PlayerScriptAssemblies/Unity.Cinemachine.pdb
[640/680    0s] CopyFiles Library/Bee/PlayerScriptAssemblies/glTFast.Documentation.Examples.pdb
[641/680    0s] CopyFiles Library/Bee/PlayerScriptAssemblies/Unity.Mathematics.pdb
[642/680    0s] CopyFiles Library/Bee/PlayerScriptAssemblies/Unity.TextMeshPro.pdb
[643/680    0s] CopyFiles Library/Bee/PlayerScriptAssemblies/Unity.Collections.pdb
[644/680    0s] CopyFiles Library/Bee/PlayerScriptAssemblies/Unity.RenderPipelines.Universal.2D.Runtime.pdb
[645/680    0s] CopyFiles Library/Bee/PlayerScriptAssemblies/Unity.RenderPipelines.Universal.Shaders.pdb
[646/680    0s] CopyFiles Library/Bee/PlayerScriptAssemblies/Unity.InputSystem.ForUI.pdb
[647/680    0s] CopyFiles Library/Bee/PlayerScriptAssemblies/UnityEngine.UI.pdb
[648/680    0s] CopyFiles Library/Bee/PlayerScriptAssemblies/glTFast.Newtonsoft.pdb
[649/680    0s] CopyFiles Library/Bee/PlayerScriptAssemblies/glTFast.Export.pdb
[650/680    0s] CopyFiles Library/Bee/PlayerScriptAssemblies/Unity.Burst.pdb
[651/680    0s] CopyFiles Library/Bee/PlayerScriptAssemblies/Unity.RenderPipeline.Universal.ShaderLibrary.pdb
[652/680    0s] CopyFiles Library/Bee/PlayerScriptAssemblies/Unity.RenderPipelines.Core.ShaderLibrary.pdb
[653/680    1s] Csc Library/Bee/artifacts/1900b0aP.dag/EmberCrpg.Data.dll (+2 others)
Assets\Scripts\Data\GeneratedAssetLibrary\GeneratedAssetRuntimeDatabase.cs(4,7): warning CS0105: The using directive for 'UnityEngine' appeared previously in this namespace
[654/680    0s] ILPostProcess Library/Bee/artifacts/1900b0aP.dag/post-processed/EmberCrpg.Domain.dll (+pdb)
Processing assembly Library/Bee/artifacts/1900b0aP.dag/EmberCrpg.Domain.dll, with 135 defines and 172 references

processors: Unity.Jobs.CodeGen.JobsILPostProcessor, zzzUnity.Burst.CodeGen.BurstILPostProcessor

running Unity.Jobs.CodeGen.JobsILPostProcessor

running zzzUnity.Burst.CodeGen.BurstILPostProcessor
[655/680    0s] CopyFiles Library/Bee/PlayerScriptAssemblies/Unity.RenderPipelines.Universal.Runtime.pdb
[656/680    0s] CopyFiles Library/Bee/PlayerScriptAssemblies/Unity.AI.Tracing.pdb
[657/680    0s] CopyFiles Library/Bee/PlayerScriptAssemblies/EmberCrpg.Domain.pdb
[658/680    0s] CopyFiles Library/Bee/PlayerScriptAssemblies/EmberCrpg.Domain.dll
[659/680    0s] ILPostProcess Library/Bee/artifacts/1900b0aP.dag/post-processed/EmberCrpg.Data.dll (+pdb)
Processing assembly Library/Bee/artifacts/1900b0aP.dag/EmberCrpg.Data.dll, with 135 defines and 253 references

processors: Unity.Jobs.CodeGen.JobsILPostProcessor, zzzUnity.Burst.CodeGen.BurstILPostProcessor

running Unity.Jobs.CodeGen.JobsILPostProcessor

running zzzUnity.Burst.CodeGen.BurstILPostProcessor
[660/680    0s] CopyFiles Library/Bee/PlayerScriptAssemblies/EmberCrpg.Data.pdb
[661/680    0s] Csc Library/Bee/artifacts/1900b0aP.dag/EmberCrpg.Data.SliceJson.dll (+2 others)
[662/680    0s] CopyFiles Library/Bee/PlayerScriptAssemblies/EmberCrpg.Data.dll
[663/680    0s] ILPostProcess Library/Bee/artifacts/1900b0aP.dag/post-processed/EmberCrpg.Data.SliceJson.dll (+pdb)
Processing assembly Library/Bee/artifacts/1900b0aP.dag/EmberCrpg.Data.SliceJson.dll, with 135 defines and 174 references

processors: Unity.Jobs.CodeGen.JobsILPostProcessor, zzzUnity.Burst.CodeGen.BurstILPostProcessor

running Unity.Jobs.CodeGen.JobsILPostProcessor

running zzzUnity.Burst.CodeGen.BurstILPostProcessor
[664/680    0s] CopyFiles Library/Bee/PlayerScriptAssemblies/EmberCrpg.Data.SliceJson.pdb
[665/680    0s] CopyFiles Library/Bee/PlayerScriptAssemblies/EmberCrpg.Data.SliceJson.dll
[666/680    1s] Csc Library/Bee/artifacts/1900b0aP.dag/EmberCrpg.Simulation.dll (+2 others)
[667/680    0s] Csc Library/Bee/artifacts/1900b0aP.dag/EmberCrpg.Infrastructure.dll (+2 others)
Assets\Scripts\Infrastructure\AiDm\NativeLlmClient.cs(212,30): warning CS0168: The variable 'ex' is declared but never used
[668/680    0s] ILPostProcess Library/Bee/artifacts/1900b0aP.dag/post-processed/EmberCrpg.Simulation.dll (+pdb)
Processing assembly Library/Bee/artifacts/1900b0aP.dag/EmberCrpg.Simulation.dll, with 135 defines and 175 references

processors: Unity.Jobs.CodeGen.JobsILPostProcessor, zzzUnity.Burst.CodeGen.BurstILPostProcessor

running Unity.Jobs.CodeGen.JobsILPostProcessor

running zzzUnity.Burst.CodeGen.BurstILPostProcessor
[669/680    0s] CopyFiles Library/Bee/PlayerScriptAssemblies/EmberCrpg.Simulation.pdb
[670/680    0s] ILPostProcess Library/Bee/artifacts/1900b0aP.dag/post-processed/EmberCrpg.Infrastructure.dll (+pdb)
Processing assembly Library/Bee/artifacts/1900b0aP.dag/EmberCrpg.Infrastructure.dll, with 135 defines and 174 references

processors: Unity.Jobs.CodeGen.JobsILPostProcessor, zzzUnity.Burst.CodeGen.BurstILPostProcessor

running Unity.Jobs.CodeGen.JobsILPostProcessor

running zzzUnity.Burst.CodeGen.BurstILPostProcessor
[671/680    0s] CopyFiles Library/Bee/PlayerScriptAssemblies/EmberCrpg.Simulation.dll
[672/680    0s] CopyFiles Library/Bee/PlayerScriptAssemblies/EmberCrpg.Infrastructure.pdb
[673/680    0s] CopyFiles Library/Bee/PlayerScriptAssemblies/EmberCrpg.Infrastructure.dll
[674/680    4s] Csc Library/Bee/artifacts/1900b0aP.dag/EmberCrpg.Presentation.dll (+2 others)
Assets\Scripts\Presentation\Ember\Diagnostics\EmberProofScreenshotDriver.cs(786,26): warning CS0219: The variable 'buried' is assigned but its value is never used

Assets\Scripts\Presentation\Ember\UI\EmberHud.ActionBar.cs(200,17): warning CS0618: 'TMP_Text.enableWordWrapping' is obsolete: 'The enabledWordWrapping property is now obsolete. Please use the textWrappingMode property instead.'

Assets\Scripts\Presentation\Ember\UI\EventLogHudPanel.cs(111,13): warning CS0618: 'TMP_Text.enableWordWrapping' is obsolete: 'The enabledWordWrapping property is now obsolete. Please use the textWrappingMode property instead.'
[675/680    0s] ILPostProcess Library/Bee/artifacts/1900b0aP.dag/post-processed/EmberCrpg.Presentation.dll (+pdb)
Processing assembly Library/Bee/artifacts/1900b0aP.dag/EmberCrpg.Presentation.dll, with 135 defines and 264 references

processors: Unity.Jobs.CodeGen.JobsILPostProcessor, zzzUnity.Burst.CodeGen.BurstILPostProcessor

running Unity.Jobs.CodeGen.JobsILPostProcessor

running zzzUnity.Burst.CodeGen.BurstILPostProcessor
[676/680    0s] CopyFiles Library/Bee/PlayerScriptAssemblies/EmberCrpg.Presentation.pdb
[677/680    0s] CopyFiles Library/Bee/PlayerScriptAssemblies/EmberCrpg.Presentation.dll
[679/680    4s] BuildPlayerDataGenerator Library/BuildPlayerData/Player/RuntimeInitializeOnLoads.json (+1 other)
Field 'method System.Byte* *() LLama.Native.LLamaSamplerINative::Name' from 'D:\projects\alcyone-ember-rpg\Assets\Plugins\x86_64\LLamaSharp.dll', exception Function pointer types are not supported by the SerializationWeaver

Field 'method System.Void *(LLama.Native.LLamaSamplerNative*,LLama.Native.LLamaToken) LLama.Native.LLamaSamplerINative::Accept' from 'D:\projects\alcyone-ember-rpg\Assets\Plugins\x86_64\LLamaSharp.dll', exception Function pointer types are not supported by the SerializationWeaver

Field 'method System.Void *(LLama.Native.LLamaSamplerNative*,LLama.Native.LLamaTokenDataArrayNative*) LLama.Native.LLamaSamplerINative::Apply' from 'D:\projects\alcyone-ember-rpg\Assets\Plugins\x86_64\LLamaSharp.dll', exception Function pointer types are not supported by the SerializationWeaver

Field 'method System.Void *(LLama.Native.LLamaSamplerNative*) LLama.Native.LLamaSamplerINative::Reset' from 'D:\projects\alcyone-ember-rpg\Assets\Plugins\x86_64\LLamaSharp.dll', exception Function pointer types are not supported by the SerializationWeaver

Field 'method System.IntPtr *(LLama.Native.LLamaSamplerNative*) LLama.Native.LLamaSamplerINative::Clone' from 'D:\projects\alcyone-ember-rpg\Assets\Plugins\x86_64\LLamaSharp.dll', exception Function pointer types are not supported by the SerializationWeaver

Field 'method System.Void *(LLama.Native.LLamaSamplerNative*) LLama.Native.LLamaSamplerINative::Free' from 'D:\projects\alcyone-ember-rpg\Assets\Plugins\x86_64\LLamaSharp.dll', exception Function pointer types are not supported by the SerializationWeaver
*** Tundra build success (24.42 seconds), 92 items updated, 680 evaluated
Assets\Scripts\Data\GeneratedAssetLibrary\GeneratedAssetRuntimeDatabase.cs(4,7): warning CS0105: The using directive for 'UnityEngine' appeared previously in this namespace
Assets\Scripts\Infrastructure\AiDm\NativeLlmClient.cs(212,30): warning CS0168: The variable 'ex' is declared but never used
Assets\Scripts\Presentation\Ember\Diagnostics\EmberProofScreenshotDriver.cs(786,26): warning CS0219: The variable 'buried' is assigned but its value is never used
Assets\Scripts\Presentation\Ember\UI\EmberHud.ActionBar.cs(200,17): warning CS0618: 'TMP_Text.enableWordWrapping' is obsolete: 'The enabledWordWrapping property is now obsolete. Please use the textWrappingMode property instead.'
Assets\Scripts\Presentation\Ember\UI\EventLogHudPanel.cs(111,13): warning CS0618: 'TMP_Text.enableWordWrapping' is obsolete: 'The enabledWordWrapping property is now obsolete. Please use the textWrappingMode property instead.'
Duplicate assembly 'Microsoft.Bcl.Numerics.dll' with different versions detected, using 'Assets/Plugins/x86_64/Microsoft.Bcl.Numerics.dll, Version=10.0.0.5' and ignoring 'Assets/Plugins/NuGet/Microsoft.Bcl.Numerics.dll, Version=10.0.0.0'.
Duplicate assembly 'System.Text.Json.dll' with different versions detected, using 'Assets/Plugins/x86_64/System.Text.Json.dll, Version=10.0.0.0' and ignoring 'Assets/Plugins/NuGet/System.Text.Json.dll, Version=8.0.0.0'.
Duplicate assembly 'Microsoft.Bcl.Numerics.dll' with different versions detected, using 'Assets/Plugins/x86_64/Microsoft.Bcl.Numerics.dll, AssemblyName=Microsoft.Bcl.Numerics, Version=10.0.0.5, Culture=neutral, PublicKeyToken=cc7b13ffcd2ddd51' and ignoring 'Assets/Plugins/NuGet/Microsoft.Bcl.Numerics.dll, AssemblyName=Microsoft.Bcl.Numerics, Version=10.0.0.0, Culture=neutral, PublicKeyToken=cc7b13ffcd2ddd51'.Duplicate assembly 'System.Text.Json.dll' with different versions detected, using 'Assets/Plugins/x86_64/System.Text.Json.dll, AssemblyName=System.Text.Json, Version=10.0.0.0, Culture=neutral, PublicKeyToken=cc7b13ffcd2ddd51' and ignoring 'Assets/Plugins/NuGet/System.Text.Json.dll, AssemblyName=System.Text.Json, Version=8.0.0.0, Culture=neutral, PublicKeyToken=cc7b13ffcd2ddd51'.Rebuilding Data files because Assets/Scripts/Simulation/World/GridPathfinder.cs is dirty (deleted)
Opening scene 'Assets/Scenes/Ember/Boot.unity'
Unloading 2 Unused Serialized files (Serialized files now loaded: 0)
[Licensing::Client] Successfully resolved entitlement details
[Licensing::Module] License group:
  Id: F4-7AUM-XMAF-NEHN-6TQ2-XXXX
  Product: Unity Personal
  Type: ULF
  Expiration: Unlimited
[Licensing::Module] License group:
  Id: 18967764531816-UnityPersXXXX
  Product: Unity Personal
  Type: Assigned
  Expiration: Unlimited
Loaded scene 'Assets/Scenes/Ember/Boot.unity'
	Deserialize:            2.358 ms
	Integration:            1020.441 ms
	Integration of assets:  0.005 ms
	Thread Wait Time:       33.410 ms
	Total Operation Time:   1056.213 ms
Unloading 139 unused Assets / (0.7 MB). Loaded Objects now: 8513.
Memory consumption went from 238.5 MB to 237.8 MB.
Total: 66.256700 ms (FindLiveObjects: 4.068600 ms CreateObjectMapping: 0.785900 ms MarkObjects: 52.974300 ms  DeleteObjects: 8.425400 ms)

Created GICache directory at C:/Users/msbel/AppData/LocalLow/Unity/Caches/GiCache. Took: 0.201s, timestamps: [176.673 - 176.874]
Total cache size 267894804
Total cache size after purge 267894804, took 00:00:03.5182584
Opening scene 'Assets/Scenes/Ember/MainMenu.unity'
Unloading 95 Unused Serialized files (Serialized files now loaded: 0)
Loaded scene 'Assets/Scenes/Ember/MainMenu.unity'
	Deserialize:            3.860 ms
	Integration:            948.855 ms
	Integration of assets:  0.009 ms
	Thread Wait Time:       0.490 ms
	Total Operation Time:   953.213 ms
Unloading 2082 unused Assets / (2.4 MB). Loaded Objects now: 8524.
Memory consumption went from 241.0 MB to 238.6 MB.
Total: 53.886500 ms (FindLiveObjects: 0.965200 ms CreateObjectMapping: 0.473200 ms MarkObjects: 45.599400 ms  DeleteObjects: 6.846400 ms)

Opening scene 'Assets/Scenes/Ember/CharacterCreation.unity'
Unloading 2 Unused Serialized files (Serialized files now loaded: 0)
Loaded scene 'Assets/Scenes/Ember/CharacterCreation.unity'
	Deserialize:            1.709 ms
	Integration:            823.927 ms
	Integration of assets:  0.005 ms
	Thread Wait Time:       0.020 ms
	Total Operation Time:   825.662 ms
Unloading 20 unused Assets / (0.7 MB). Loaded Objects now: 8540.
Memory consumption went from 237.4 MB to 236.7 MB.
Total: 51.180900 ms (FindLiveObjects: 1.450300 ms CreateObjectMapping: 0.386300 ms MarkObjects: 47.224000 ms  DeleteObjects: 2.118400 ms)

Opening scene 'Assets/Scenes/Ember/GeneratedWorld.unity'
Unloading 7 Unused Serialized files (Serialized files now loaded: 0)
Loaded scene 'Assets/Scenes/Ember/GeneratedWorld.unity'
	Deserialize:            7.632 ms
	Integration:            946.822 ms
	Integration of assets:  0.014 ms
	Thread Wait Time:       0.007 ms
	Total Operation Time:   954.474 ms
Unloading 24 unused Assets / (0.7 MB). Loaded Objects now: 8528.
Memory consumption went from 237.1 MB to 236.4 MB.
Total: 51.250500 ms (FindLiveObjects: 3.940200 ms CreateObjectMapping: 1.244500 ms MarkObjects: 44.783100 ms  DeleteObjects: 1.280500 ms)



Mono dependencies included in the build
Dependency assembly - I18N.West.dll
Dependency assembly - System.Diagnostics.TraceSource.dll
Dependency assembly - cscompmgd.dll
Dependency assembly - System.Security.Cryptography.Cng.dll
Dependency assembly - Unity.InternalAPIEngineBridge.004.dll
Dependency assembly - Microsoft.Win32.Registry.dll
Dependency assembly - Unity.RenderPipelines.Core.ShaderLibrary.dll
Dependency assembly - System.Threading.Tasks.Parallel.dll
Dependency assembly - System.Diagnostics.StackTrace.dll
Dependency assembly - System.Globalization.Calendars.dll
Dependency assembly - Unity.RenderPipeline.Universal.ShaderLibrary.dll
Dependency assembly - Commons.Xml.Relaxng.dll
Dependency assembly - Microsoft.Win32.Registry.AccessControl.dll
Dependency assembly - McpPlugin.dll
Dependency assembly - Unity.RenderPipelines.GPUDriven.Runtime.dll
Dependency assembly - CustomMarshalers.dll
Dependency assembly - glTFast.dll
Dependency assembly - System.ComponentModel.Composition.dll
Dependency assembly - System.IO.Hashing.dll
Dependency assembly - System.ServiceModel.Security.dll
Dependency assembly - System.Reactive.PlatformServices.dll
Dependency assembly - System.Messaging.dll
Dependency assembly - Microsoft.Build.Utilities.v4.0.dll
Dependency assembly - I18N.Rare.dll
Dependency assembly - System.Net.AuthenticationManager.dll
Dependency assembly - System.Security.Cryptography.Encryption.Aes.dll
Dependency assembly - Mono.CSharp.dll
Dependency assembly - System.Runtime.Serialization.Formatters.Soap.dll
Dependency assembly - System.ServiceModel.Discovery.dll
Dependency assembly - System.IO.FileSystem.DriveInfo.dll
Dependency assembly - System.Data.Entity.dll
Dependency assembly - Mono.Cairo.dll
Dependency assembly - Unity.Splines.dll
Dependency assembly - System.Data.Linq.dll
Dependency assembly - System.Text.Encoding.dll
Dependency assembly - System.Data.Services.Client.dll
Dependency assembly - System.Interactive.Async.dll
Dependency assembly - System.Reactive.Interfaces.dll
Dependency assembly - System.Diagnostics.Process.dll
Dependency assembly - System.Net.Http.Rtc.dll
Dependency assembly - System.Xml.dll
Dependency assembly - System.Deployment.dll
Dependency assembly - System.Runtime.DurableInstancing.dll
Dependency assembly - System.Runtime.CompilerServices.VisualC.dll
Dependency assembly - System.Security.Principal.Windows.dll
Dependency assembly - System.ValueTuple.dll
Dependency assembly - System.Threading.Overlapped.dll
Dependency assembly - System.Security.Cryptography.OpenSsl.dll
Dependency assembly - ReflectorNet.dll
Dependency assembly - System.Runtime.CompilerServices.Unsafe.dll
Dependency assembly - System.Net.Primitives.dll
Dependency assembly - Microsoft.AspNetCore.Http.Connections.Common.dll
Dependency assembly - System.ComponentModel.Primitives.dll
Dependency assembly - Microsoft.Build.Engine.dll
Dependency assembly - System.Configuration.dll
Dependency assembly - System.Windows.dll
Dependency assembly - System.Text.RegularExpressions.dll
Dependency assembly - System.Web.WebPages.Razor.dll
Dependency assembly - ICSharpCode.SharpZipLib.dll
Dependency assembly - System.Security.Cryptography.DeriveBytes.dll
Dependency assembly - System.Json.dll
Dependency assembly - System.Collections.Specialized.dll
Dependency assembly - System.Runtime.Extensions.dll
Dependency assembly - System.Runtime.Serialization.Xml.dll
Dependency assembly - System.Resources.ResourceManager.dll
Dependency assembly - Unity.RenderPipelines.Core.Runtime.Shared.dll
Dependency assembly - Unity.RenderPipelines.Universal.Runtime.dll
Dependency assembly - Accessibility.dll
Dependency assembly - PEAPI.dll
Dependency assembly - System.ComponentModel.dll
Dependency assembly - Unity.RenderPipelines.Universal.Shaders.dll
Dependency assembly - System.IdentityModel.Selectors.dll
Dependency assembly - Microsoft.ML.Tokenizers.dll
Dependency assembly - System.Web.WebPages.Deployment.dll
Dependency assembly - Mono.WebBrowser.dll
Dependency assembly - System.Web.Extensions.Design.dll
Dependency assembly - System.Diagnostics.DiagnosticSource.dll
Dependency assembly - Microsoft.Bcl.Numerics.dll
Dependency assembly - System.Web.RegularExpressions.dll
Dependency assembly - System.Net.NameResolution.dll
Dependency assembly - System.Workflow.Runtime.dll
Dependency assembly - System.Text.Encoding.Extensions.dll
Dependency assembly - System.Net.Utilities.dll
Dependency assembly - System.Threading.Tasks.dll
Dependency assembly - System.Reflection.dll
Dependency assembly - System.Runtime.InteropServices.WindowsRuntime.dll
Dependency assembly - System.Linq.Parallel.dll
Dependency assembly - System.Windows.Forms.DataVisualization.dll
Dependency assembly - Microsoft.Bcl.TimeProvider.dll
Dependency assembly - System.Net.WebHeaderCollection.dll
Dependency assembly - Mono.Options.dll
Dependency assembly - System.Reflection.Emit.Lightweight.dll
Dependency assembly - System.IO.Pipes.dll
Dependency assembly - System.ServiceModel.Internals.dll
Dependency assembly - I18N.Other.dll
Dependency assembly - System.IO.Compression.dll
Dependency assembly - System.Web.Http.dll
Dependency assembly - System.Core.dll
Dependency assembly - System.Data.DataSetExtensions.dll
Dependency assembly - System.Web.Extensions.dll
Dependency assembly - monodoc.dll
Dependency assembly - WebMatrix.Data.dll
Dependency assembly - System.ServiceProcess.ServiceController.dll
Dependency assembly - System.Design.dll
Dependency assembly - System.Xml.Linq.dll
Dependency assembly - System.Threading.Timer.dll
Dependency assembly - System.Web.Http.SelfHost.dll
Dependency assembly - System.ServiceModel.Duplex.dll
Dependency assembly - System.Diagnostics.TextWriterTraceListener.dll
Dependency assembly - System.Runtime.Serialization.Formatters.dll
Dependency assembly - System.Security.dll
Dependency assembly - UnityEngine.UI.dll
Dependency assembly - System.Dynamic.dll
Dependency assembly - System.ServiceModel.Activation.dll
Dependency assembly - Mono.XBuild.Tasks.dll
Dependency assembly - Unity.Collections.dll
Dependency assembly - Microsoft.Extensions.Configuration.Abstractions.dll
Dependency assembly - System.Reactive.Core.dll
Dependency assembly - System.Runtime.Numerics.dll
Dependency assembly - System.IO.FileSystem.Watcher.dll
Dependency assembly - mscorlib.dll
Dependency assembly - Unity.RenderPipelines.Universal.Config.Runtime.dll
Dependency assembly - System.ServiceModel.Primitives.dll
Dependency assembly - System.Threading.dll
Dependency assembly - SMDiagnostics.dll
Dependency assembly - Microsoft.AspNetCore.SignalR.Client.Core.dll
Dependency assembly - Microsoft.Extensions.Caching.Abstractions.dll
Dependency assembly - System.Net.Http.WebRequest.dll
Dependency assembly - Unity.AI.MCP.Runtime.dll
Dependency assembly - System.IO.Compression.FileSystem.dll
Dependency assembly - System.Web.Mvc.dll
Dependency assembly - Microsoft.Extensions.Features.dll
Dependency assembly - System.Linq.Async.dll
Dependency assembly - System.Xml.Xsl.Primitives.dll
Dependency assembly - System.Net.Http.Formatting.dll
Dependency assembly - System.Web.dll
Dependency assembly - System.Reactive.Linq.dll
Dependency assembly - System.Json.Microsoft.dll
Dependency assembly - System.Runtime.InteropServices.RuntimeInformation.dll
Dependency assembly - Microsoft.AspNetCore.SignalR.Protocols.Json.dll
Dependency assembly - System.Xml.XPath.XmlDocument.dll
Dependency assembly - Unity.Cinemachine.dll
Dependency assembly - System.Reactive.Experimental.dll
Dependency assembly - System.Web.Razor.dll
Dependency assembly - glTFast.Documentation.Examples.dll
Dependency assembly - System.Web.Abstractions.dll
Dependency assembly - System.Net.HttpListener.dll
Dependency assembly - System.AppContext.dll
Dependency assembly - System.Windows.Forms.dll
Dependency assembly - System.Linq.dll
Dependency assembly - Microsoft.ML.OnnxRuntime.dll
Dependency assembly - CommunityToolkit.HighPerformance.dll
Dependency assembly - Unity.Burst.dll
Dependency assembly - System.Diagnostics.Tools.dll
Dependency assembly - Microsoft.Bcl.HashCode.dll
Dependency assembly - Unity.RenderPipelines.Universal.2D.Runtime.dll
Dependency assembly - System.Xml.XPath.dll
Dependency assembly - System.Linq.Queryable.dll
Dependency assembly - Microsoft.Extensions.Options.dll
Dependency assembly - System.Runtime.Serialization.Json.dll
Dependency assembly - EmberCrpg.Domain.dll
Dependency assembly - Microsoft.Win32.Primitives.dll
Dependency assembly - System.IO.dll
Dependency assembly - glTFast.Newtonsoft.dll
Dependency assembly - System.Text.Encoding.CodePages.dll
Dependency assembly - System.Memory.dll
Dependency assembly - System.ServiceModel.Web.dll
Dependency assembly - System.Runtime.dll
Dependency assembly - System.Security.Claims.dll
Dependency assembly - Unity.Collections.LowLevel.ILSupport.dll
Dependency assembly - System.Security.Cryptography.Pkcs.dll
Dependency assembly - Mono.Messaging.RabbitMQ.dll
Dependency assembly - System.Xml.Serialization.dll
Dependency assembly - Microsoft.CodeAnalysis.dll
Dependency assembly - System.ServiceProcess.dll
Dependency assembly - System.Net.WebSockets.Client.dll
Dependency assembly - Unity.Mathematics.dll
Dependency assembly - System.Reflection.Emit.dll
Dependency assembly - IBM.Data.DB2.dll
Dependency assembly - System.Threading.Channels.dll
Dependency assembly - System.Reflection.DispatchProxy.dll
Dependency assembly - netstandard.dll
Dependency assembly - System.Numerics.Vectors.dll
Dependency assembly - Mono.Data.Tds.dll
Dependency assembly - System.Numerics.dll
Dependency assembly - Mono.Profiler.Log.dll
Dependency assembly - EmberCrpg.Ui.Foundation.dll
Dependency assembly - Unity.InputSystem.dll
Dependency assembly - System.Xml.XPath.XDocument.dll
Dependency assembly - I18N.CJK.dll
Dependency assembly - I18N.MidEast.dll
Dependency assembly - System.Runtime.Caching.dll
Dependency assembly - System.Reflection.Primitives.dll
Dependency assembly - System.ComponentModel.DataAnnotations.dll
Dependency assembly - System.Security.AccessControl.dll
Dependency assembly - Mono.Http.dll
Dependency assembly - System.Text.Json.dll
Dependency assembly - Microsoft.Extensions.Hosting.Abstractions.dll
Dependency assembly - Microsoft.Web.Infrastructure.dll
Dependency assembly - System.Web.WebPages.dll
Dependency assembly - System.Xaml.dll
Dependency assembly - System.Data.OracleClient.dll
Dependency assembly - Microsoft.Build.Tasks.v4.0.dll
Dependency assembly - System.Collections.NonGeneric.dll
Dependency assembly - EmberCrpg.Data.SliceJson.dll
Dependency assembly - System.Linq.Expressions.dll
Dependency assembly - glTFast.Export.dll
Dependency assembly - Mono.Management.dll
Dependency assembly - WindowsBase.dll
Dependency assembly - System.Net.Http.dll
Dependency assembly - System.Net.dll
Dependency assembly - System.DirectoryServices.dll
Dependency assembly - System.Web.DynamicData.dll
Dependency assembly - SystemWebTestShim.dll
Dependency assembly - System.Configuration.Install.dll
Dependency assembly - System.Net.Cache.dll
Dependency assembly - Microsoft.Extensions.DependencyInjection.dll
Dependency assembly - System.Text.Encoding.CodePages.dll
Dependency assembly - System.Xml.XDocument.dll
Dependency assembly - System.Reactive.Observable.Aliases.dll
Dependency assembly - LLamaSharp.dll
Dependency assembly - System.ObjectModel.dll
Dependency assembly - System.Runtime.Handles.dll
Dependency assembly - System.Security.Cryptography.Hashing.Algorithms.dll
Dependency assembly - System.ServiceModel.dll
Dependency assembly - System.EnterpriseServices.dll
Dependency assembly - Microsoft.Extensions.AI.Abstractions.dll
Dependency assembly - System.ServiceModel.Http.dll
Dependency assembly - System.Diagnostics.TraceEvent.dll
Dependency assembly - System.Web.Routing.dll
Dependency assembly - System.Resources.Reader.dll
Dependency assembly - Microsoft.Build.dll
Dependency assembly - System.Text.Encodings.Web.dll
Dependency assembly - Microsoft.Extensions.Logging.Abstractions.dll
Dependency assembly - System.Security.Cryptography.ProtectedData.dll
Dependency assembly - System.ComponentModel.Annotations.dll
Dependency assembly - System.Security.Cryptography.Encoding.dll
Dependency assembly - System.Runtime.InteropServices.dll
Dependency assembly - System.Net.Mail.dll
Dependency assembly - System.Data.dll
Dependency assembly - System.Security.Cryptography.Primitives.dll
Dependency assembly - Mono.Btls.Interface.dll
Dependency assembly - System.Diagnostics.Contracts.dll
Dependency assembly - System.Reflection.Context.dll
Dependency assembly - System.Web.Services.dll
Dependency assembly - EmberCrpg.Infrastructure.dll
Dependency assembly - glTFast.dots.dll
Dependency assembly - System.IO.Pipelines.dll
Dependency assembly - Microsoft.AspNetCore.SignalR.Client.dll
Dependency assembly - System.ComponentModel.TypeConverter.dll
Dependency assembly - Unity.AI.Assistant.Runtime.dll
Dependency assembly - Unity.UnifiedRayTracing.Runtime.dll
Dependency assembly - System.IO.IsolatedStorage.dll
Dependency assembly - System.IO.MemoryMappedFiles.dll
Dependency assembly - Microsoft.Build.Framework.dll
Dependency assembly - System.Dynamic.Runtime.dll
Dependency assembly - System.Workflow.ComponentModel.dll
Dependency assembly - System.Security.Cryptography.Algorithms.dll
Dependency assembly - System.Diagnostics.Tracing.dll
Dependency assembly - System.Threading.AccessControl.dll
Dependency assembly - System.Collections.Immutable.dll
Dependency assembly - System.Buffers.dll
Dependency assembly - System.Globalization.dll
Dependency assembly - System.Net.NetworkInformation.dll
Dependency assembly - System.Management.dll
Dependency assembly - System.Numerics.Tensors.dll
Dependency assembly - System.Web.Mobile.dll
Dependency assembly - Unity.RenderPipelines.ShaderGraph.ShaderGraphLibrary.dll
Dependency assembly - System.Security.Cryptography.Csp.dll
Dependency assembly - System.Net.Sockets.dll
Dependency assembly - Microsoft.Bcl.AsyncInterfaces.dll
Dependency assembly - Mono.Posix.dll
Dependency assembly - Unity.Burst.Unsafe.dll
Dependency assembly - I18N.dll
Dependency assembly - System.Security.Cryptography.X509Certificates.dll
Dependency assembly - Mono.Tasklets.dll
Dependency assembly - System.Console.dll
Dependency assembly - RabbitMQ.Client.dll
Dependency assembly - System.ServiceModel.Routing.dll
Dependency assembly - System.Threading.Tasks.Extensions.dll
Dependency assembly - System.Resources.Writer.dll
Dependency assembly - System.Xml.XmlDocument.dll
Dependency assembly - System.Collections.dll
Dependency assembly - System.Globalization.Extensions.dll
Dependency assembly - System.Data.Services.dll
Dependency assembly - System.Diagnostics.Debug.dll
Dependency assembly - System.Net.WebSockets.dll
Dependency assembly - System.Data.Common.dll
Dependency assembly - System.Drawing.Primitives.dll
Dependency assembly - Microsoft.Extensions.FileProviders.Abstractions.dll
Dependency assembly - System.Reactive.Providers.dll
Dependency assembly - Mono.CompilerServices.SymbolWriter.dll
Dependency assembly - System.Runtime.Remoting.dll
Dependency assembly - Microsoft.Extensions.Logging.dll
Dependency assembly - Mono.Security.Win32.dll
Dependency assembly - System.ComponentModel.Annotations.dll
Dependency assembly - System.ComponentModel.EventBasedAsync.dll
Dependency assembly - System.Transactions.dll
Dependency assembly - System.Security.Cryptography.Encryption.dll
Dependency assembly - System.Reflection.Extensions.dll
Dependency assembly - System.Threading.Tasks.Dataflow.dll
Dependency assembly - R3.dll
Dependency assembly - Microsoft.AspNetCore.Http.Connections.Client.dll
Dependency assembly - Microsoft.Bcl.Memory.dll
Dependency assembly - Novell.Directory.Ldap.dll
Dependency assembly - EmberCrpg.Presentation.dll
Dependency assembly - System.IdentityModel.dll
Dependency assembly - Microsoft.AspNetCore.Connections.Abstractions.dll
Dependency assembly - System.Security.Cryptography.Hashing.dll
Dependency assembly - System.Runtime.Serialization.dll
Dependency assembly - System.Reactive.Debugger.dll
Dependency assembly - System.Net.Ping.dll
Dependency assembly - System.Reactive.Windows.Forms.dll
Dependency assembly - System.Web.ApplicationServices.dll
Dependency assembly - Microsoft.Extensions.Primitives.dll
Dependency assembly - Mono.Parallel.dll
Dependency assembly - System.Runtime.Serialization.Primitives.dll
Dependency assembly - System.Threading.Thread.dll
Dependency assembly - McpPlugin.Common.dll
Dependency assembly - Microsoft.Extensions.DependencyInjection.Abstractions.dll
Dependency assembly - System.Security.Cryptography.RandomNumberGenerator.dll
Dependency assembly - Unity.TextMeshPro.dll
Dependency assembly - System.IO.FileSystem.Primitives.dll
Dependency assembly - System.dll
Dependency assembly - System.Reflection.Metadata.dll
Dependency assembly - Unity.AI.Tracing.dll
Dependency assembly - Microsoft.Extensions.Diagnostics.Abstractions.dll
Dependency assembly - Unity.InputSystem.ForUI.dll
Dependency assembly - System.Resources.ReaderWriter.dll
Dependency assembly - System.Drawing.dll
Dependency assembly - Microsoft.VisualC.dll
Dependency assembly - System.Reflection.TypeExtensions.dll
Dependency assembly - System.Runtime.Loader.dll
Dependency assembly - System.Security.SecureString.dll
Dependency assembly - Mono.Messaging.dll
Dependency assembly - System.Linq.AsyncEnumerable.dll
Dependency assembly - System.Reflection.Emit.ILGeneration.dll
Dependency assembly - System.Security.Principal.dll
Dependency assembly - System.Security.Cryptography.Encryption.ECDiffieHellman.dll
Dependency assembly - System.IO.FileSystem.AccessControl.dll
Dependency assembly - System.Workflow.Activities.dll
Dependency assembly - Mono.Simd.dll
Dependency assembly - System.IO.Compression.ZipFile.dll
Dependency assembly - System.Net.Security.dll
Dependency assembly - Mono.C5.dll
Dependency assembly - Microsoft.CSharp.dll
Dependency assembly - System.Xml.ReaderWriter.dll
Dependency assembly - System.Diagnostics.FileVersionInfo.dll
Dependency assembly - System.Web.Http.WebHost.dll
Dependency assembly - System.IO.UnmanagedMemoryStream.dll
Dependency assembly - System.Net.Requests.dll
Dependency assembly - System.Collections.Concurrent.dll
Dependency assembly - System.Data.SqlClient.dll
Dependency assembly - System.IO.FileSystem.dll
Dependency assembly - Unity.RenderPipelines.Core.Runtime.dll
Dependency assembly - System.Security.Cryptography.Encryption.ECDsa.dll
Dependency assembly - System.Security.Cryptography.RSA.dll
Dependency assembly - EmberCrpg.Data.dll
Dependency assembly - Newtonsoft.Json.dll
Dependency assembly - EmberCrpg.Simulation.dll
Dependency assembly - Mono.Security.dll
Dependency assembly - System.Net.ServicePoint.dll
Dependency assembly - EmberCrpg.Ui.Backends.UiToolkit.dll
Dependency assembly - System.Xml.XmlSerializer.dll
Dependency assembly - System.DirectoryServices.Protocols.dll
Dependency assembly - System.ServiceModel.NetTcp.dll
Dependency assembly - System.Reactive.Windows.Threading.dll
Dependency assembly - System.Drawing.Design.dll
Dependency assembly - System.Threading.ThreadPool.dll
Dependency assembly - Microsoft.AspNetCore.SignalR.Common.dll
Dependency assembly - System.Reactive.Runtime.Remoting.dll
Dependency assembly - Mono.Data.Sqlite.dll

Unloading 2 Unused Serialized files (Serialized files now loaded: 0)
Unloading 19 unused Assets / (0.7 MB). Loaded Objects now: 8531.
Memory consumption went from 240.1 MB to 239.4 MB.
Total: 49.880400 ms (FindLiveObjects: 1.135600 ms CreateObjectMapping: 0.342000 ms MarkObjects: 47.636700 ms  DeleteObjects: 0.760900 ms)

Unloading 0 Unused Serialized files (Serialized files now loaded: 0)
Unloading 0 unused Assets / (0 B). Loaded Objects now: 8531.
Memory consumption went from 239.4 MB to 239.4 MB.
Total: 44.449200 ms (FindLiveObjects: 0.858100 ms CreateObjectMapping: 1.063300 ms MarkObjects: 42.500400 ms  DeleteObjects: 0.024900 ms)

Unloading 1 Unused Serialized files (Serialized files now loaded: 0)
Unloading 175 unused Assets / (150.2 MB). Loaded Objects now: 8531.
Memory consumption went from 390.7 MB to 240.5 MB.
Total: 119.228700 ms (FindLiveObjects: 2.769700 ms CreateObjectMapping: 1.011400 ms MarkObjects: 52.782400 ms  DeleteObjects: 62.662800 ms)

Compiling shader "Hidden/Universal Render Pipeline/Sampling"
  Pass "BoxDownsample" (vp)
    Target graphics API: d3d11
    Full variant space:         1
    After settings filtering:   1
    After built-in stripping:   1
    After scriptable stripping: 1
    Processed in 0.15 seconds
  Pass "BoxDownsample" (fp)
    Target graphics API: d3d11
    Full variant space:         1
    After settings filtering:   1
    After built-in stripping:   1
    After scriptable stripping: 1
    Processed in 0.00 seconds
  Pass BoxDownsample (vp, d3d11) finished in 0.00 seconds. Local cache hits 1 (0.00s CPU time), remote cache hits 0 (0.00s CPU time), compiled 0 variants (0.00s CPU time), skipped 0 variants.
    Prepared data for serialisation in 0.00s
  Pass BoxDownsample (fp, d3d11) finished in 0.00 seconds. Local cache hits 1 (0.00s CPU time), remote cache hits 0 (0.00s CPU time), compiled 0 variants (0.00s CPU time), skipped 0 variants.
    Prepared data for serialisation in 0.00s
Serialized binary data for shader Hidden/Universal Render Pipeline/Sampling in 0.00s
    d3d11 (total internal programs: 2, unique: 2)
Compiling shader "Hidden/Universal Render Pipeline/Terrain/Lit (Add Pass)"
  Pass "ForwardLit" (vp)
    Target graphics API: d3d11
    Full variant space:         18.432
    After settings filtering:   256
    After built-in stripping:   2
    After scriptable stripping: 2
    Processed in 0.00 seconds
  Pass "ForwardLit" (fp)
    Target graphics API: d3d11
    Full variant space:         47.185.920
    After settings filtering:   1.024
    After built-in stripping:   8
    After scriptable stripping: 8
    Processed in 0.00 seconds
  Pass "GBuffer" (vp)
    Target graphics API: d3d11
    Full variant space:         768
    After settings filtering:   64
    After built-in stripping:   2
    After scriptable stripping: 0
    Processed in 0.00 seconds
  Pass "GBuffer" (fp)
    Target graphics API: d3d11
    Full variant space:         491.520
    After settings filtering:   128
    After built-in stripping:   4
    After scriptable stripping: 0
    Processed in 0.00 seconds
  Pass ForwardLit (vp, d3d11) finished in 0.09 seconds. Local cache hits 2 (0.10s CPU time), remote cache hits 0 (0.00s CPU time), compiled 0 variants (0.00s CPU time), skipped 0 variants.
    Prepared data for serialisation in 0.00s
  Pass ForwardLit (fp, d3d11) finished in 0.09 seconds. Local cache hits 8 (0.37s CPU time), remote cache hits 0 (0.00s CPU time), compiled 0 variants (0.00s CPU time), skipped 0 variants.
    Prepared data for serialisation in 0.00s
Serialized binary data for shader Hidden/Universal Render Pipeline/Terrain/Lit (Add Pass) in 0.00s
    d3d11 (total internal programs: 10, unique: 10)
Compiling shader "Hidden/CoreSRP/CoreCopy"
  Pass "Copy" (vp)
    Target graphics API: d3d11
    Full variant space:         1
    After settings filtering:   1
    After built-in stripping:   1
    After scriptable stripping: 1
    Processed in 0.00 seconds
  Pass "Copy" (fp)
    Target graphics API: d3d11
    Full variant space:         2
    After settings filtering:   2
    After built-in stripping:   2
    After scriptable stripping: 2
    Processed in 0.00 seconds
  Pass "CopyMS" (vp)
    Target graphics API: d3d11
    Full variant space:         1
    After settings filtering:   1
    After built-in stripping:   1
    After scriptable stripping: 1
    Processed in 0.00 seconds
  Pass "CopyMS" (fp)
    Target graphics API: d3d11
    Full variant space:         2
    After settings filtering:   2
    After built-in stripping:   2
    After scriptable stripping: 2
    Processed in 0.00 seconds
  Pass Copy (vp, d3d11) finished in 0.00 seconds. Local cache hits 1 (0.00s CPU time), remote cache hits 0 (0.00s CPU time), compiled 0 variants (0.00s CPU time), skipped 0 variants.
    Prepared data for serialisation in 0.00s
  Pass Copy (fp, d3d11) finished in 0.00 seconds. Local cache hits 2 (0.00s CPU time), remote cache hits 0 (0.00s CPU time), compiled 0 variants (0.00s CPU time), skipped 0 variants.
    Prepared data for serialisation in 0.00s
  Pass CopyMS (vp, d3d11) finished in 0.00 seconds. Local cache hits 1 (0.00s CPU time), remote cache hits 0 (0.00s CPU time), compiled 0 variants (0.00s CPU time), skipped 0 variants.
    Prepared data for serialisation in 0.00s
  Pass CopyMS (fp, d3d11) finished in 0.02 seconds. Local cache hits 2 (0.02s CPU time), remote cache hits 0 (0.00s CPU time), compiled 0 variants (0.00s CPU time), skipped 0 variants.
    Prepared data for serialisation in 0.00s
Serialized binary data for shader Hidden/CoreSRP/CoreCopy in 0.00s
    d3d11 (total internal programs: 6, unique: 6)
Compiling shader "Hidden/Universal Render Pipeline/Terrain/Lit (Base Pass)"
  Pass "ForwardLit" (vp)
    Target graphics API: d3d11
    Full variant space:         12.288
    After settings filtering:   512
    After built-in stripping:   2
    After scriptable stripping: 2
    Processed in 0.00 seconds
  Pass "ForwardLit" (fp)
    Target graphics API: d3d11
    Full variant space:         125.829.120
    After settings filtering:   2.048
    After built-in stripping:   8
    After scriptable stripping: 8
    Processed in 0.01 seconds
  Pass "ShadowCaster" (vp)
    Target graphics API: d3d11
    Full variant space:         2
    After settings filtering:   2
    After built-in stripping:   1
    After scriptable stripping: 1
    Processed in 0.00 seconds
  Pass "ShadowCaster" (fp)
    Target graphics API: d3d11
    Full variant space:         4
    After settings filtering:   4
    After built-in stripping:   2
    After scriptable stripping: 2
    Processed in 0.00 seconds
  Pass "GBuffer" (vp)
    Target graphics API: d3d11
    Full variant space:         512
    After settings filtering:   128
    After built-in stripping:   2
    After scriptable stripping: 0
    Processed in 0.00 seconds
  Pass "GBuffer" (fp)
    Target graphics API: d3d11
    Full variant space:         1.310.720
    After settings filtering:   256
    After built-in stripping:   4
    After scriptable stripping: 0
    Processed in 0.01 seconds
  Pass "DepthOnly" (vp)
    Target graphics API: d3d11
    Full variant space:         2
    After settings filtering:   2
    After built-in stripping:   1
    After scriptable stripping: 1
    Processed in 0.00 seconds
  Pass "DepthOnly" (fp)
    Target graphics API: d3d11
    Full variant space:         4
    After settings filtering:   4
    After built-in stripping:   2
    After scriptable stripping: 2
    Processed in 0.01 seconds
  Pass "DepthNormals" (vp)
    Target graphics API: d3d11
    Full variant space:         2
    After settings filtering:   2
    After built-in stripping:   1
    After scriptable stripping: 1
    Processed in 0.00 seconds
  Pass "DepthNormals" (fp)
    Target graphics API: d3d11
    Full variant space:         4
    After settings filtering:   4
    After built-in stripping:   2
    After scriptable stripping: 2
    Processed in 0.00 seconds
  Pass ForwardLit (vp, d3d11) finished in 0.04 seconds. Local cache hits 2 (0.02s CPU time), remote cache hits 0 (0.00s CPU time), compiled 0 variants (0.00s CPU time), skipped 0 variants.
    Prepared data for serialisation in 0.00s
  Pass ForwardLit (fp, d3d11) finished in 0.05 seconds. Local cache hits 8 (0.26s CPU time), remote cache hits 0 (0.00s CPU time), compiled 0 variants (0.00s CPU time), skipped 0 variants.
    Prepared data for serialisation in 0.00s
  Pass ShadowCaster (vp, d3d11) finished in 0.04 seconds. Local cache hits 1 (0.00s CPU time), remote cache hits 0 (0.00s CPU time), compiled 0 variants (0.00s CPU time), skipped 0 variants.
    Prepared data for serialisation in 0.00s
  Pass ShadowCaster (fp, d3d11) finished in 0.08 seconds. Local cache hits 2 (0.08s CPU time), remote cache hits 0 (0.00s CPU time), compiled 0 variants (0.00s CPU time), skipped 0 variants.
    Prepared data for serialisation in 0.00s
  Pass DepthOnly (vp, d3d11) finished in 0.07 seconds. Local cache hits 1 (0.07s CPU time), remote cache hits 0 (0.00s CPU time), compiled 0 variants (0.00s CPU time), skipped 0 variants.
    Prepared data for serialisation in 0.00s
  Pass DepthOnly (fp, d3d11) finished in 0.06 seconds. Local cache hits 2 (0.05s CPU time), remote cache hits 0 (0.00s CPU time), compiled 0 variants (0.00s CPU time), skipped 0 variants.
    Prepared data for serialisation in 0.00s
  Pass DepthNormals (vp, d3d11) finished in 0.06 seconds. Local cache hits 1 (0.04s CPU time), remote cache hits 0 (0.00s CPU time), compiled 0 variants (0.00s CPU time), skipped 0 variants.
    Prepared data for serialisation in 0.00s
  Pass DepthNormals (fp, d3d11) finished in 0.06 seconds. Local cache hits 2 (0.05s CPU time), remote cache hits 0 (0.00s CPU time), compiled 0 variants (0.00s CPU time), skipped 0 variants.
    Prepared data for serialisation in 0.00s
Serialized binary data for shader Hidden/Universal Render Pipeline/Terrain/Lit (Base Pass) in 0.00s
    d3d11 (total internal programs: 19, unique: 19)
Compiling shader "Hidden/Universal Render Pipeline/ClusterDeferred"
  Pass "Deferred Clustered Lights (Lit)" (vp)
    Target graphics API: d3d11
    Full variant space:         2
    After settings filtering:   1
    After built-in stripping:   1
    After scriptable stripping: 0
    Processed in 0.00 seconds
  Pass "Deferred Clustered Lights (Lit)" (fp)
    Target graphics API: d3d11
    Full variant space:         10.240
    After settings filtering:   16
    After built-in stripping:   4
    After scriptable stripping: 0
    Processed in 0.00 seconds
  Pass "Deferred Clustered Lights (SimpleLit)" (vp)
    Target graphics API: d3d11
    Full variant space:         2
    After settings filtering:   1
    After built-in stripping:   1
    After scriptable stripping: 0
    Processed in 0.00 seconds
  Pass "Deferred Clustered Lights (SimpleLit)" (fp)
    Target graphics API: d3d11
    Full variant space:         10.240
    After settings filtering:   16
    After built-in stripping:   4
    After scriptable stripping: 0
    Processed in 0.00 seconds
  Pass "Fog" (vp)
    Target graphics API: d3d11
    Full variant space:         4
    After settings filtering:   4
    After built-in stripping:   1
    After scriptable stripping: 0
    Processed in 0.00 seconds
  Pass "Fog" (fp)
    Target graphics API: d3d11
    Full variant space:         8
    After settings filtering:   4
    After built-in stripping:   1
    After scriptable stripping: 0
    Processed in 0.00 seconds
Serialized binary data for shader Hidden/Universal Render Pipeline/ClusterDeferred in 0.00s
    d3d11 (total internal programs: 0, unique: 0)
Compiling shader "Hidden/TerrainEngine/Details/UniversalPipeline/BillboardWavingDoublePass"
  Pass "ForwardLit" (vp)
    Target graphics API: d3d11
    Full variant space:         3.072
    After settings filtering:   256
    After built-in stripping:   2
    After scriptable stripping: 2
    Processed in 0.00 seconds
  Pass "ForwardLit" (fp)
    Target graphics API: d3d11
    Full variant space:         491.520
    After settings filtering:   256
    After built-in stripping:   2
    After scriptable stripping: 2
    Processed in 0.00 seconds
  Pass "GBuffer" (vp)
    Target graphics API: d3d11
    Full variant space:         32
    After settings filtering:   16
    After built-in stripping:   2
    After scriptable stripping: 0
    Processed in 0.00 seconds
  Pass "GBuffer" (fp)
    Target graphics API: d3d11
    Full variant space:         1.280
    After settings filtering:   16
    After built-in stripping:   2
    After scriptable stripping: 0
    Processed in 0.00 seconds
  Pass "DepthOnly" (vp)
    Target graphics API: d3d11
    Full variant space:         2
    After settings filtering:   2
    After built-in stripping:   1
    After scriptable stripping: 1
    Processed in 0.00 seconds
  Pass "DepthOnly" (fp)
    Target graphics API: d3d11
    Full variant space:         2
    After settings filtering:   2
    After built-in stripping:   1
    After scriptable stripping: 1
    Processed in 0.00 seconds
  Pass "DepthNormals" (vp)
    Target graphics API: d3d11
    Full variant space:         2
    After settings filtering:   2
    After built-in stripping:   1
    After scriptable stripping: 1
    Processed in 0.00 seconds
  Pass "DepthNormals" (fp)
    Target graphics API: d3d11
    Full variant space:         2
    After settings filtering:   2
    After built-in stripping:   1
    After scriptable stripping: 1
    Processed in 0.01 seconds
  Pass ForwardLit (vp, d3d11) finished in 0.04 seconds. Local cache hits 2 (0.06s CPU time), remote cache hits 0 (0.00s CPU time), compiled 0 variants (0.00s CPU time), skipped 0 variants.
    Prepared data for serialisation in 0.00s
  Pass ForwardLit (fp, d3d11) finished in 0.04 seconds. Local cache hits 2 (0.04s CPU time), remote cache hits 0 (0.00s CPU time), compiled 0 variants (0.00s CPU time), skipped 0 variants.
    Prepared data for serialisation in 0.00s
  Pass DepthOnly (vp, d3d11) finished in 0.03 seconds. Local cache hits 1 (0.00s CPU time), remote cache hits 0 (0.00s CPU time), compiled 0 variants (0.00s CPU time), skipped 0 variants.
    Prepared data for serialisation in 0.00s
  Pass DepthOnly (fp, d3d11) finished in 0.02 seconds. Local cache hits 1 (0.00s CPU time), remote cache hits 0 (0.00s CPU time), compiled 0 variants (0.00s CPU time), skipped 0 variants.
    Prepared data for serialisation in 0.00s
  Pass DepthNormals (vp, d3d11) finished in 0.02 seconds. Local cache hits 1 (0.00s CPU time), remote cache hits 0 (0.00s CPU time), compiled 0 variants (0.00s CPU time), skipped 0 variants.
    Prepared data for serialisation in 0.00s
  Pass DepthNormals (fp, d3d11) finished in 0.01 seconds. Local cache hits 1 (0.00s CPU time), remote cache hits 0 (0.00s CPU time), compiled 0 variants (0.00s CPU time), skipped 0 variants.
    Prepared data for serialisation in 0.00s
Serialized binary data for shader Hidden/TerrainEngine/Details/UniversalPipeline/BillboardWavingDoublePass in 0.00s
    d3d11 (total internal programs: 8, unique: 8)
Compiling shader "Hidden/Core/FallbackError"
  Pass "" (vp)
    Target graphics API: d3d11
    Full variant space:         3
    After settings filtering:   3
    After built-in stripping:   1
    After scriptable stripping: 1
    Processed in 0.00 seconds
  Pass "" (fp)
    Target graphics API: d3d11
    Full variant space:         3
    After settings filtering:   3
    After built-in stripping:   1
    After scriptable stripping: 1
    Processed in 0.00 seconds
  Pass  (vp, d3d11) finished in 0.00 seconds. Local cache hits 1 (0.00s CPU time), remote cache hits 0 (0.00s CPU time), compiled 0 variants (0.00s CPU time), skipped 0 variants.
    Prepared data for serialisation in 0.00s
  Pass  (fp, d3d11) finished in 0.00 seconds. Local cache hits 1 (0.00s CPU time), remote cache hits 0 (0.00s CPU time), compiled 0 variants (0.00s CPU time), skipped 0 variants.
    Prepared data for serialisation in 0.00s
Serialized binary data for shader Hidden/Core/FallbackError in 0.00s
    d3d11 (total internal programs: 2, unique: 2)
Compiling shader "Hidden/Universal Render Pipeline/XR/XROcclusionMesh"
  Pass "" (vp)
    Target graphics API: d3d11
    Full variant space:         2
    After settings filtering:   1
    After built-in stripping:   1
    After scriptable stripping: 0
    Processed in 0.00 seconds
  Pass "" (fp)
    Target graphics API: d3d11
    Full variant space:         2
    After settings filtering:   1
    After built-in stripping:   1
    After scriptable stripping: 0
    Processed in 0.00 seconds
Serialized binary data for shader Hidden/Universal Render Pipeline/XR/XROcclusionMesh in 0.00s
    d3d11 (total internal programs: 0, unique: 0)
Compiling shader "Hidden/Universal/HDRDebugView"
  Pass "" (vp)
    Target graphics API: d3d11
    Full variant space:         1
    After settings filtering:   1
    After built-in stripping:   1
    After scriptable stripping: 1
    Processed in 0.00 seconds
  Pass "" (fp)
    Target graphics API: d3d11
    Full variant space:         4
    After settings filtering:   1
    After built-in stripping:   1
    After scriptable stripping: 1
    Processed in 0.00 seconds
  Pass "" (vp)
    Target graphics API: d3d11
    Full variant space:         1
    After settings filtering:   1
    After built-in stripping:   1
    After scriptable stripping: 1
    Processed in 0.00 seconds
  Pass "" (fp)
    Target graphics API: d3d11
    Full variant space:         4
    After settings filtering:   1
    After built-in stripping:   1
    After scriptable stripping: 1
    Processed in 0.00 seconds
  Pass  (vp, d3d11) finished in 0.01 seconds. Local cache hits 1 (0.00s CPU time), remote cache hits 0 (0.00s CPU time), compiled 0 variants (0.00s CPU time), skipped 0 variants.
    Prepared data for serialisation in 0.00s
  Pass  (fp, d3d11) finished in 0.00 seconds. Local cache hits 1 (0.00s CPU time), remote cache hits 0 (0.00s CPU time), compiled 0 variants (0.00s CPU time), skipped 0 variants.
    Prepared data for serialisation in 0.00s
  Pass  (vp, d3d11) finished in 0.00 seconds. Local cache hits 1 (0.00s CPU time), remote cache hits 0 (0.00s CPU time), compiled 0 variants (0.00s CPU time), skipped 0 variants.
    Prepared data for serialisation in 0.00s
  Pass  (fp, d3d11) finished in 0.00 seconds. Local cache hits 1 (0.00s CPU time), remote cache hits 0 (0.00s CPU time), compiled 0 variants (0.00s CPU time), skipped 0 variants.
    Prepared data for serialisation in 0.00s
Serialized binary data for shader Hidden/Universal/HDRDebugView in 0.00s
    d3d11 (total internal programs: 4, unique: 3)
Compiling shader "Hidden/Core/VrsVisualization"
  Pass "VrsVisualization" (vp)
    Target graphics API: d3d11
    Full variant space:         1
    After settings filtering:   1
    After built-in stripping:   1
    After scriptable stripping: 1
    Processed in 0.00 seconds
  Pass "VrsVisualization" (fp)
    Target graphics API: d3d11
    Full variant space:         1
    After settings filtering:   1
    After built-in stripping:   1
    After scriptable stripping: 1
    Processed in 0.00 seconds
  Pass VrsVisualization (vp, d3d11) finished in 0.00 seconds. Local cache hits 1 (0.00s CPU time), remote cache hits 0 (0.00s CPU time), compiled 0 variants (0.00s CPU time), skipped 0 variants.
    Prepared data for serialisation in 0.00s
  Pass VrsVisualization (fp, d3d11) finished in 0.00 seconds. Local cache hits 1 (0.00s CPU time), remote cache hits 0 (0.00s CPU time), compiled 0 variants (0.00s CPU time), skipped 0 variants.
    Prepared data for serialisation in 0.00s
Serialized binary data for shader Hidden/Core/VrsVisualization in 0.00s
    d3d11 (total internal programs: 2, unique: 2)
Compiling shader "Universal Render Pipeline/Terrain/Lit"
  Pass "ForwardLit" (vp)
    Target graphics API: d3d11
    Full variant space:         110.592
    After settings filtering:   1.536
    After built-in stripping:   6
    After scriptable stripping: 2
    Processed in 0.01 seconds
  Pass "ForwardLit" (fp)
    Target graphics API: d3d11
    Full variant space:         4.529.848.320
    After settings filtering:   6.144
    After built-in stripping:   24
    After scriptable stripping: 8
    Processed in 0.00 seconds
  Pass "ShadowCaster" (vp)
    Target graphics API: d3d11
    Full variant space:         4
    After settings filtering:   4
    After built-in stripping:   2
    After scriptable stripping: 1
    Processed in 0.00 seconds
  Pass "ShadowCaster" (fp)
    Target graphics API: d3d11
    Full variant space:         4
    After settings filtering:   4
    After built-in stripping:   2
    After scriptable stripping: 2
    Processed in 0.00 seconds
  Pass "GBuffer" (vp)
    Target graphics API: d3d11
    Full variant space:         4.608
    After settings filtering:   384
    After built-in stripping:   6
    After scriptable stripping: 0
    Processed in 0.00 seconds
  Pass "GBuffer" (fp)
    Target graphics API: d3d11
    Full variant space:         23.592.960
    After settings filtering:   768
    After built-in stripping:   12
    After scriptable stripping: 0
    Processed in 0.00 seconds
  Pass "DepthOnly" (vp)
    Target graphics API: d3d11
    Full variant space:         2
    After settings filtering:   2
    After built-in stripping:   1
    After scriptable stripping: 1
    Processed in 0.00 seconds
  Pass "DepthOnly" (fp)
    Target graphics API: d3d11
    Full variant space:         4
    After settings filtering:   4
    After built-in stripping:   2
    After scriptable stripping: 2
    Processed in 0.01 seconds
  Pass "DepthNormals" (vp)
    Target graphics API: d3d11
    Full variant space:         2
    After settings filtering:   2
    After built-in stripping:   1
    After scriptable stripping: 1
    Processed in 0.00 seconds
  Pass "DepthNormals" (fp)
    Target graphics API: d3d11
    Full variant space:         8
    After settings filtering:   4
    After built-in stripping:   2
    After scriptable stripping: 2
    Processed in 0.00 seconds
  Pass ForwardLit (vp, d3d11) finished in 0.04 seconds. Local cache hits 2 (0.02s CPU time), remote cache hits 0 (0.00s CPU time), compiled 0 variants (0.00s CPU time), skipped 0 variants.
    Prepared data for serialisation in 0.00s
  Pass ForwardLit (fp, d3d11) finished in 0.07 seconds. Local cache hits 8 (0.42s CPU time), remote cache hits 0 (0.00s CPU time), compiled 0 variants (0.00s CPU time), skipped 0 variants.
    Prepared data for serialisation in 0.00s
  Pass ShadowCaster (vp, d3d11) finished in 0.07 seconds. Local cache hits 1 (0.00s CPU time), remote cache hits 0 (0.00s CPU time), compiled 0 variants (0.00s CPU time), skipped 0 variants.
    Prepared data for serialisation in 0.00s
  Pass ShadowCaster (fp, d3d11) finished in 0.06 seconds. Local cache hits 2 (0.01s CPU time), remote cache hits 0 (0.00s CPU time), compiled 0 variants (0.00s CPU time), skipped 0 variants.
    Prepared data for serialisation in 0.00s
  Pass DepthOnly (vp, d3d11) finished in 0.05 seconds. Local cache hits 1 (0.00s CPU time), remote cache hits 0 (0.00s CPU time), compiled 0 variants (0.00s CPU time), skipped 0 variants.
    Prepared data for serialisation in 0.00s
  Pass DepthOnly (fp, d3d11) finished in 0.04 seconds. Local cache hits 2 (0.01s CPU time), remote cache hits 0 (0.00s CPU time), compiled 0 variants (0.00s CPU time), skipped 0 variants.
    Prepared data for serialisation in 0.00s
  Pass DepthNormals (vp, d3d11) finished in 0.04 seconds. Local cache hits 1 (0.00s CPU time), remote cache hits 0 (0.00s CPU time), compiled 0 variants (0.00s CPU time), skipped 0 variants.
    Prepared data for serialisation in 0.00s
  Pass DepthNormals (fp, d3d11) finished in 0.04 seconds. Local cache hits 2 (0.00s CPU time), remote cache hits 0 (0.00s CPU time), compiled 0 variants (0.00s CPU time), skipped 0 variants.
    Prepared data for serialisation in 0.00s
Serialized binary data for shader Universal Render Pipeline/Terrain/Lit in 0.00s
    d3d11 (total internal programs: 19, unique: 19)
Compiling shader "Hidden/Universal Render Pipeline/StencilDitherMaskSeed"
  Pass "StencilDitherMaskSeed" (vp)
    Target graphics API: d3d11
    Full variant space:         1
    After settings filtering:   1
    After built-in stripping:   1
    After scriptable stripping: 1
    Processed in 0.00 seconds
  Pass "StencilDitherMaskSeed" (fp)
    Target graphics API: d3d11
    Full variant space:         1
    After settings filtering:   1
    After built-in stripping:   1
    After scriptable stripping: 1
    Processed in 0.00 seconds
  Pass StencilDitherMaskSeed (vp, d3d11) finished in 0.00 seconds. Local cache hits 1 (0.00s CPU time), remote cache hits 0 (0.00s CPU time), compiled 0 variants (0.00s CPU time), skipped 0 variants.
    Prepared data for serialisation in 0.00s
  Pass StencilDitherMaskSeed (fp, d3d11) finished in 0.00 seconds. Local cache hits 1 (0.00s CPU time), remote cache hits 0 (0.00s CPU time), compiled 0 variants (0.00s CPU time), skipped 0 variants.
    Prepared data for serialisation in 0.00s
Serialized binary data for shader Hidden/Universal Render Pipeline/StencilDitherMaskSeed in 0.00s
    d3d11 (total internal programs: 2, unique: 2)
Compiling shader "Hidden/Universal Render Pipeline/Terrain/Lit (Basemap Gen)"
  Pass "" (vp)
    Target graphics API: d3d11
    Full variant space:         1
    After settings filtering:   1
    After built-in stripping:   1
    After scriptable stripping: 1
    Processed in 0.00 seconds
  Pass "" (fp)
    Target graphics API: d3d11
    Full variant space:         1
    After settings filtering:   1
    After built-in stripping:   1
    After scriptable stripping: 1
    Processed in 0.00 seconds
  Pass "" (vp)
    Target graphics API: d3d11
    Full variant space:         1
    After settings filtering:   1
    After built-in stripping:   1
    After scriptable stripping: 1
    Processed in 0.00 seconds
  Pass "" (fp)
    Target graphics API: d3d11
    Full variant space:         1
    After settings filtering:   1
    After built-in stripping:   1
    After scriptable stripping: 1
    Processed in 0.00 seconds
  Pass  (vp, d3d11) finished in 0.01 seconds. Local cache hits 1 (0.00s CPU time), remote cache hits 0 (0.00s CPU time), compiled 0 variants (0.00s CPU time), skipped 0 variants.
    Prepared data for serialisation in 0.00s
  Pass  (fp, d3d11) finished in 0.00 seconds. Local cache hits 1 (0.00s CPU time), remote cache hits 0 (0.00s CPU time), compiled 0 variants (0.00s CPU time), skipped 0 variants.
    Prepared data for serialisation in 0.00s
  Pass  (vp, d3d11) finished in 0.00 seconds. Local cache hits 1 (0.00s CPU time), remote cache hits 0 (0.00s CPU time), compiled 0 variants (0.00s CPU time), skipped 0 variants.
    Prepared data for serialisation in 0.00s
  Pass  (fp, d3d11) finished in 0.00 seconds. Local cache hits 1 (0.00s CPU time), remote cache hits 0 (0.00s CPU time), compiled 0 variants (0.00s CPU time), skipped 0 variants.
    Prepared data for serialisation in 0.00s
Serialized binary data for shader Hidden/Universal Render Pipeline/Terrain/Lit (Basemap Gen) in 0.00s
    d3d11 (total internal programs: 4, unique: 3)
Compiling shader "Universal Render Pipeline/Lit"
  Pass "ForwardLit" (vp)
    Target graphics API: d3d11
    Full variant space:         884.736
    After settings filtering:   6.144
    After built-in stripping:   12
    After scriptable stripping: 4
    Processed in 0.01 seconds
  Pass "ForwardLit" (fp)
    Target graphics API: d3d11
    Full variant space:         36.238.786.560
    After settings filtering:   12.288
    After built-in stripping:   24
    After scriptable stripping: 8
    Processed in 0.01 seconds
  Pass "ShadowCaster" (vp)
    Target graphics API: d3d11
    Full variant space:         16
    After settings filtering:   16
    After built-in stripping:   4
    After scriptable stripping: 2
    Processed in 0.00 seconds
  Pass "ShadowCaster" (fp)
    Target graphics API: d3d11
    Full variant space:         8
    After settings filtering:   8
    After built-in stripping:   2
    After scriptable stripping: 2
    Processed in 0.00 seconds
  Pass "GBuffer" (vp)
    Target graphics API: d3d11
    Full variant space:         36.864
    After settings filtering:   1.536
    After built-in stripping:   12
    After scriptable stripping: 0
    Processed in 0.00 seconds
  Pass "GBuffer" (fp)
    Target graphics API: d3d11
    Full variant space:         188.743.680
    After settings filtering:   1.536
    After built-in stripping:   12
    After scriptable stripping: 0
    Processed in 0.00 seconds
  Pass "DepthOnly" (vp)
    Target graphics API: d3d11
    Full variant space:         8
    After settings filtering:   8
    After built-in stripping:   2
    After scriptable stripping: 2
    Processed in 0.00 seconds
  Pass "DepthOnly" (fp)
    Target graphics API: d3d11
    Full variant space:         8
    After settings filtering:   8
    After built-in stripping:   2
    After scriptable stripping: 2
    Processed in 0.00 seconds
  Pass "DepthNormals" (vp)
    Target graphics API: d3d11
    Full variant space:         8
    After settings filtering:   8
    After built-in stripping:   2
    After scriptable stripping: 2
    Processed in 0.01 seconds
  Pass "DepthNormals" (fp)
    Target graphics API: d3d11
    Full variant space:         16
    After settings filtering:   8
    After built-in stripping:   2
    After scriptable stripping: 2
    Processed in 0.00 seconds
  Pass "Universal2D" (vp)
    Target graphics API: d3d11
    Full variant space:         2
    After settings filtering:   2
    After built-in stripping:   1
    After scriptable stripping: 0
    Processed in 0.00 seconds
  Pass "Universal2D" (fp)
    Target graphics API: d3d11
    Full variant space:         2
    After settings filtering:   2
    After built-in stripping:   1
    After scriptable stripping: 0
    Processed in 0.00 seconds
  Pass "MotionVectors" (vp)
    Target graphics API: d3d11
    Full variant space:         8
    After settings filtering:   8
    After built-in stripping:   2
    After scriptable stripping: 2
    Processed in 0.01 seconds
  Pass "MotionVectors" (fp)
    Target graphics API: d3d11
    Full variant space:         8
    After settings filtering:   8
    After built-in stripping:   2
    After scriptable stripping: 2
    Processed in 0.00 seconds
  Pass "XRMotionVectors" (vp)
    Target graphics API: d3d11
    Full variant space:         8
    After settings filtering:   8
    After built-in stripping:   2
    After scriptable stripping: 0
    Processed in 0.01 seconds
  Pass "XRMotionVectors" (fp)
    Target graphics API: d3d11
    Full variant space:         8
    After settings filtering:   8
    After built-in stripping:   2
    After scriptable stripping: 0
    Processed in 0.00 seconds
  Pass ForwardLit (vp, d3d11) finished in 0.08 seconds. Local cache hits 4 (0.08s CPU time), remote cache hits 0 (0.00s CPU time), compiled 0 variants (0.00s CPU time), skipped 0 variants.
    Prepared data for serialisation in 0.00s
  Pass ForwardLit (fp, d3d11) finished in 0.07 seconds. Local cache hits 8 (0.33s CPU time), remote cache hits 0 (0.00s CPU time), compiled 0 variants (0.00s CPU time), skipped 0 variants.
    Prepared data for serialisation in 0.00s
  Pass ShadowCaster (vp, d3d11) finished in 0.07 seconds. Local cache hits 2 (0.01s CPU time), remote cache hits 0 (0.00s CPU time), compiled 0 variants (0.00s CPU time), skipped 0 variants.
    Prepared data for serialisation in 0.00s
  Pass ShadowCaster (fp, d3d11) finished in 0.07 seconds. Local cache hits 2 (0.01s CPU time), remote cache hits 0 (0.00s CPU time), compiled 0 variants (0.00s CPU time), skipped 0 variants.
    Prepared data for serialisation in 0.00s
  Pass DepthOnly (vp, d3d11) finished in 0.06 seconds. Local cache hits 2 (0.00s CPU time), remote cache hits 0 (0.00s CPU time), compiled 0 variants (0.00s CPU time), skipped 0 variants.
    Prepared data for serialisation in 0.00s
  Pass DepthOnly (fp, d3d11) finished in 0.05 seconds. Local cache hits 2 (0.01s CPU time), remote cache hits 0 (0.00s CPU time), compiled 0 variants (0.00s CPU time), skipped 0 variants.
    Prepared data for serialisation in 0.00s
  Pass DepthNormals (vp, d3d11) finished in 0.04 seconds. Local cache hits 2 (0.01s CPU time), remote cache hits 0 (0.00s CPU time), compiled 0 variants (0.00s CPU time), skipped 0 variants.
    Prepared data for serialisation in 0.00s
  Pass DepthNormals (fp, d3d11) finished in 0.04 seconds. Local cache hits 2 (0.01s CPU time), remote cache hits 0 (0.00s CPU time), compiled 0 variants (0.00s CPU time), skipped 0 variants.
    Prepared data for serialisation in 0.00s
  Pass MotionVectors (vp, d3d11) finished in 0.02 seconds. Local cache hits 2 (0.01s CPU time), remote cache hits 0 (0.00s CPU time), compiled 0 variants (0.00s CPU time), skipped 0 variants.
    Prepared data for serialisation in 0.00s
  Pass MotionVectors (fp, d3d11) finished in 0.02 seconds. Local cache hits 2 (0.01s CPU time), remote cache hits 0 (0.00s CPU time), compiled 0 variants (0.00s CPU time), skipped 0 variants.
    Prepared data for serialisation in 0.00s
Serialized binary data for shader Universal Render Pipeline/Lit in 0.00s
    d3d11 (total internal programs: 28, unique: 28)
Compiling shader "Hidden/Universal/CoreBlit"
  Pass "Nearest" (vp)
    Target graphics API: d3d11
    Full variant space:         1
    After settings filtering:   1
    After built-in stripping:   1
    After scriptable stripping: 1
    Processed in 0.01 seconds
  Pass "Nearest" (fp)
    Target graphics API: d3d11
    Full variant space:         1
    After settings filtering:   1
    After built-in stripping:   1
    After scriptable stripping: 1
    Processed in 0.01 seconds
  Pass "Bilinear" (vp)
    Target graphics API: d3d11
    Full variant space:         1
    After settings filtering:   1
    After built-in stripping:   1
    After scriptable stripping: 1
    Processed in 0.00 seconds
  Pass "Bilinear" (fp)
    Target graphics API: d3d11
    Full variant space:         1
    After settings filtering:   1
    After built-in stripping:   1
    After scriptable stripping: 1
    Processed in 0.01 seconds
  Pass "NearestQuad" (vp)
    Target graphics API: d3d11
    Full variant space:         1
    After settings filtering:   1
    After built-in stripping:   1
    After scriptable stripping: 1
    Processed in 0.00 seconds
  Pass "NearestQuad" (fp)
    Target graphics API: d3d11
    Full variant space:         1
    After settings filtering:   1
    After built-in stripping:   1
    After scriptable stripping: 1
    Processed in 0.01 seconds
  Pass "BilinearQuad" (vp)
    Target graphics API: d3d11
    Full variant space:         1
    After settings filtering:   1
    After built-in stripping:   1
    After scriptable stripping: 1
    Processed in 0.00 seconds
  Pass "BilinearQuad" (fp)
    Target graphics API: d3d11
    Full variant space:         1
    After settings filtering:   1
    After built-in stripping:   1
    After scriptable stripping: 1
    Processed in 0.00 seconds
  Pass "NearestQuadPadding" (vp)
    Target graphics API: d3d11
    Full variant space:         1
    After settings filtering:   1
    After built-in stripping:   1
    After scriptable stripping: 1
    Processed in 0.01 seconds
  Pass "NearestQuadPadding" (fp)
    Target graphics API: d3d11
    Full variant space:         1
    After settings filtering:   1
    After built-in stripping:   1
    After scriptable stripping: 1
    Processed in 0.01 seconds
  Pass "BilinearQuadPadding" (vp)
    Target graphics API: d3d11
    Full variant space:         1
    After settings filtering:   1
    After built-in stripping:   1
    After scriptable stripping: 1
    Processed in 0.01 seconds
  Pass "BilinearQuadPadding" (fp)
    Target graphics API: d3d11
    Full variant space:         1
    After settings filtering:   1
    After built-in stripping:   1
    After scriptable stripping: 1
    Processed in 0.00 seconds
  Pass "NearestQuadPaddingRepeat" (vp)
    Target graphics API: d3d11
    Full variant space:         1
    After settings filtering:   1
    After built-in stripping:   1
    After scriptable stripping: 1
    Processed in 0.01 seconds
  Pass "NearestQuadPaddingRepeat" (fp)
    Target graphics API: d3d11
    Full variant space:         1
    After settings filtering:   1
    After built-in stripping:   1
    After scriptable stripping: 1
    Processed in 0.01 seconds
  Pass "BilinearQuadPaddingRepeat" (vp)
    Target graphics API: d3d11
    Full variant space:         1
    After settings filtering:   1
    After built-in stripping:   1
    After scriptable stripping: 1
    Processed in 0.01 seconds
  Pass "BilinearQuadPaddingRepeat" (fp)
    Target graphics API: d3d11
    Full variant space:         1
    After settings filtering:   1
    After built-in stripping:   1
    After scriptable stripping: 1
    Processed in 0.00 seconds
  Pass "BilinearQuadPaddingOctahedral" (vp)
    Target graphics API: d3d11
    Full variant space:         1
    After settings filtering:   1
    After built-in stripping:   1
    After scriptable stripping: 1
    Processed in 0.00 seconds
  Pass "BilinearQuadPaddingOctahedral" (fp)
    Target graphics API: d3d11
    Full variant space:         1
    After settings filtering:   1
    After built-in stripping:   1
    After scriptable stripping: 1
    Processed in 0.01 seconds
  Pass "NearestQuadPaddingAlphaBlend" (vp)
    Target graphics API: d3d11
    Full variant space:         1
    After settings filtering:   1
    After built-in stripping:   1
    After scriptable stripping: 1
    Processed in 0.00 seconds
  Pass "NearestQuadPaddingAlphaBlend" (fp)
    Target graphics API: d3d11
    Full variant space:         1
    After settings filtering:   1
    After built-in stripping:   1
    After scriptable stripping: 1
    Processed in 0.00 seconds
  Pass "BilinearQuadPaddingAlphaBlend" (vp)
    Target graphics API: d3d11
    Full variant space:         1
    After settings filtering:   1
    After built-in stripping:   1
    After scriptable stripping: 1
    Processed in 0.00 seconds
  Pass "BilinearQuadPaddingAlphaBlend" (fp)
    Target graphics API: d3d11
    Full variant space:         1
    After settings filtering:   1
    After built-in stripping:   1
    After scriptable stripping: 1
    Processed in 0.00 seconds
  Pass "NearestQuadPaddingAlphaBlendRepeat" (vp)
    Target graphics API: d3d11
    Full variant space:         1
    After settings filtering:   1
    After built-in stripping:   1
    After scriptable stripping: 1
    Processed in 0.00 seconds
  Pass "NearestQuadPaddingAlphaBlendRepeat" (fp)
    Target graphics API: d3d11
    Full variant space:         1
    After settings filtering:   1
    After built-in stripping:   1
    After scriptable stripping: 1
    Processed in 0.01 seconds
  Pass "BilinearQuadPaddingAlphaBlendRepeat" (vp)
    Target graphics API: d3d11
    Full variant space:         1
    After settings filtering:   1
    After built-in stripping:   1
    After scriptable stripping: 1
    Processed in 0.00 seconds
  Pass "BilinearQuadPaddingAlphaBlendRepeat" (fp)
    Target graphics API: d3d11
    Full variant space:         1
    After settings filtering:   1
    After built-in stripping:   1
    After scriptable stripping: 1
    Processed in 0.01 seconds
  Pass "BilinearQuadPaddingAlphaBlendOctahedral" (vp)
    Target graphics API: d3d11
    Full variant space:         1
    After settings filtering:   1
    After built-in stripping:   1
    After scriptable stripping: 1
    Processed in 0.00 seconds
  Pass "BilinearQuadPaddingAlphaBlendOctahedral" (fp)
    Target graphics API: d3d11
    Full variant space:         1
    After settings filtering:   1
    After built-in stripping:   1
    After scriptable stripping: 1
    Processed in 0.01 seconds
  Pass "CubeToOctahedral" (vp)
    Target graphics API: d3d11
    Full variant space:         1
    After settings filtering:   1
    After built-in stripping:   1
    After scriptable stripping: 1
    Processed in 0.00 seconds
  Pass "CubeToOctahedral" (fp)
    Target graphics API: d3d11
    Full variant space:         1
    After settings filtering:   1
    After built-in stripping:   1
    After scriptable stripping: 1
    Processed in 0.00 seconds
  Pass "CubeToOctahedralLuminance" (vp)
    Target graphics API: d3d11
    Full variant space:         1
    After settings filtering:   1
    After built-in stripping:   1
    After scriptable stripping: 1
    Processed in 0.00 seconds
  Pass "CubeToOctahedralLuminance" (fp)
    Target graphics API: d3d11
    Full variant space:         1
    After settings filtering:   1
    After built-in stripping:   1
    After scriptable stripping: 1
    Processed in 0.00 seconds
  Pass "CubeToOctahedralAlpha" (vp)
    Target graphics API: d3d11
    Full variant space:         1
    After settings filtering:   1
    After built-in stripping:   1
    After scriptable stripping: 1
    Processed in 0.01 seconds
  Pass "CubeToOctahedralAlpha" (fp)
    Target graphics API: d3d11
    Full variant space:         1
    After settings filtering:   1
    After built-in stripping:   1
    After scriptable stripping: 1
    Processed in 0.00 seconds
  Pass "CubeToOctahedralRed" (vp)
    Target graphics API: d3d11
    Full variant space:         1
    After settings filtering:   1
    After built-in stripping:   1
    After scriptable stripping: 1
    Processed in 0.01 seconds
  Pass "CubeToOctahedralRed" (fp)
    Target graphics API: d3d11
    Full variant space:         1
    After settings filtering:   1
    After built-in stripping:   1
    After scriptable stripping: 1
    Processed in 0.00 seconds
  Pass "BilinearQuadLuminance" (vp)
    Target graphics API: d3d11
    Full variant space:         1
    After settings filtering:   1
    After built-in stripping:   1
    After scriptable stripping: 1
    Processed in 0.00 seconds
  Pass "BilinearQuadLuminance" (fp)
    Target graphics API: d3d11
    Full variant space:         1
    After settings filtering:   1
    After built-in stripping:   1
    After scriptable stripping: 1
    Processed in 0.01 seconds
  Pass "BilinearQuadAlpha" (vp)
    Target graphics API: d3d11
    Full variant space:         1
    After settings filtering:   1
    After built-in stripping:   1
    After scriptable stripping: 1
    Processed in 0.00 seconds
  Pass "BilinearQuadAlpha" (fp)
    Target graphics API: d3d11
    Full variant space:         1
    After settings filtering:   1
    After built-in stripping:   1
    After scriptable stripping: 1
    Processed in 0.00 seconds
  Pass "BilinearQuadRed" (vp)
    Target graphics API: d3d11
    Full variant space:         1
    After settings filtering:   1
    After built-in stripping:   1
    After scriptable stripping: 1
    Processed in 0.01 seconds
  Pass "BilinearQuadRed" (fp)
    Target graphics API: d3d11
    Full variant space:         1
    After settings filtering:   1
    After built-in stripping:   1
    After scriptable stripping: 1
    Processed in 0.00 seconds
  Pass "NearestCubeToOctahedralPadding" (vp)
    Target graphics API: d3d11
    Full variant space:         2
    After settings filtering:   2
    After built-in stripping:   2
    After scriptable stripping: 2
    Processed in 0.00 seconds
  Pass "NearestCubeToOctahedralPadding" (fp)
    Target graphics API: d3d11
    Full variant space:         2
    After settings filtering:   2
    After built-in stripping:   2
    After scriptable stripping: 2
    Processed in 0.01 seconds
  Pass "BilinearCubeToOctahedralPadding" (vp)
    Target graphics API: d3d11
    Full variant space:         2
    After settings filtering:   2
    After built-in stripping:   2
    After scriptable stripping: 2
    Processed in 0.00 seconds
  Pass "BilinearCubeToOctahedralPadding" (fp)
    Target graphics API: d3d11
    Full variant space:         2
    After settings filtering:   2
    After built-in stripping:   2
    After scriptable stripping: 2
    Processed in 0.00 seconds
  Pass "BilinearDebugDraw" (vp)
    Target graphics API: d3d11
    Full variant space:         1
    After settings filtering:   1
    After built-in stripping:   1
    After scriptable stripping: 1
    Processed in 0.00 seconds
  Pass "BilinearDebugDraw" (fp)
    Target graphics API: d3d11
    Full variant space:         4
    After settings filtering:   2
    After built-in stripping:   2
    After scriptable stripping: 2
    Processed in 0.00 seconds
  Pass "NearestDebugDraw" (vp)
    Target graphics API: d3d11
    Full variant space:         1
    After settings filtering:   1
    After built-in stripping:   1
    After scriptable stripping: 1
    Processed in 0.00 seconds
  Pass "NearestDebugDraw" (fp)
    Target graphics API: d3d11
    Full variant space:         4
    After settings filtering:   2
    After built-in stripping:   2
    After scriptable stripping: 2
    Processed in 0.00 seconds
  Pass Nearest (vp, d3d11) finished in 0.28 seconds. Local cache hits 1 (0.00s CPU time), remote cache hits 0 (0.00s CPU time), compiled 0 variants (0.00s CPU time), skipped 0 variants.
    Prepared data for serialisation in 0.00s
  Pass Nearest (fp, d3d11) finished in 0.27 seconds. Local cache hits 1 (0.00s CPU time), remote cache hits 0 (0.00s CPU time), compiled 0 variants (0.00s CPU time), skipped 0 variants.
    Prepared data for serialisation in 0.00s
  Pass Bilinear (vp, d3d11) finished in 0.26 seconds. Local cache hits 1 (0.00s CPU time), remote cache hits 0 (0.00s CPU time), compiled 0 variants (0.00s CPU time), skipped 0 variants.
    Prepared data for serialisation in 0.00s
  Pass Bilinear (fp, d3d11) finished in 0.25 seconds. Local cache hits 1 (0.00s CPU time), remote cache hits 0 (0.00s CPU time), compiled 0 variants (0.00s CPU time), skipped 0 variants.
    Prepared data for serialisation in 0.00s
  Pass NearestQuad (vp, d3d11) finished in 0.24 seconds. Local cache hits 1 (0.00s CPU time), remote cache hits 0 (0.00s CPU time), compiled 0 variants (0.00s CPU time), skipped 0 variants.
    Prepared data for serialisation in 0.00s
  Pass NearestQuad (fp, d3d11) finished in 0.24 seconds. Local cache hits 1 (0.00s CPU time), remote cache hits 0 (0.00s CPU time), compiled 0 variants (0.00s CPU time), skipped 0 variants.
    Prepared data for serialisation in 0.00s
  Pass BilinearQuad (vp, d3d11) finished in 0.23 seconds. Local cache hits 1 (0.00s CPU time), remote cache hits 0 (0.00s CPU time), compiled 0 variants (0.00s CPU time), skipped 0 variants.
    Prepared data for serialisation in 0.00s
  Pass BilinearQuad (fp, d3d11) finished in 0.23 seconds. Local cache hits 1 (0.01s CPU time), remote cache hits 0 (0.00s CPU time), compiled 0 variants (0.00s CPU time), skipped 0 variants.
    Prepared data for serialisation in 0.00s
  Pass NearestQuadPadding (vp, d3d11) finished in 0.22 seconds. Local cache hits 1 (0.00s CPU time), remote cache hits 0 (0.00s CPU time), compiled 0 variants (0.00s CPU time), skipped 0 variants.
    Prepared data for serialisation in 0.00s
  Pass NearestQuadPadding (fp, d3d11) finished in 0.21 seconds. Local cache hits 1 (0.00s CPU time), remote cache hits 0 (0.00s CPU time), compiled 0 variants (0.00s CPU time), skipped 0 variants.
    Prepared data for serialisation in 0.00s
  Pass BilinearQuadPadding (vp, d3d11) finished in 0.20 seconds. Local cache hits 1 (0.00s CPU time), remote cache hits 0 (0.00s CPU time), compiled 0 variants (0.00s CPU time), skipped 0 variants.
    Prepared data for serialisation in 0.00s
  Pass BilinearQuadPadding (fp, d3d11) finished in 0.20 seconds. Local cache hits 1 (0.01s CPU time), remote cache hits 0 (0.00s CPU time), compiled 0 variants (0.00s CPU time), skipped 0 variants.
    Prepared data for serialisation in 0.00s
  Pass NearestQuadPaddingRepeat (vp, d3d11) finished in 0.19 seconds. Local cache hits 1 (0.00s CPU time), remote cache hits 0 (0.00s CPU time), compiled 0 variants (0.00s CPU time), skipped 0 variants.
    Prepared data for serialisation in 0.00s
  Pass NearestQuadPaddingRepeat (fp, d3d11) finished in 0.18 seconds. Local cache hits 1 (0.00s CPU time), remote cache hits 0 (0.00s CPU time), compiled 0 variants (0.00s CPU time), skipped 0 variants.
    Prepared data for serialisation in 0.00s
  Pass BilinearQuadPaddingRepeat (vp, d3d11) finished in 0.17 seconds. Local cache hits 1 (0.00s CPU time), remote cache hits 0 (0.00s CPU time), compiled 0 variants (0.00s CPU time), skipped 0 variants.
    Prepared data for serialisation in 0.00s
  Pass BilinearQuadPaddingRepeat (fp, d3d11) finished in 0.17 seconds. Local cache hits 1 (0.00s CPU time), remote cache hits 0 (0.00s CPU time), compiled 0 variants (0.00s CPU time), skipped 0 variants.
    Prepared data for serialisation in 0.00s
  Pass BilinearQuadPaddingOctahedral (vp, d3d11) finished in 0.17 seconds. Local cache hits 1 (0.00s CPU time), remote cache hits 0 (0.00s CPU time), compiled 0 variants (0.00s CPU time), skipped 0 variants.
    Prepared data for serialisation in 0.00s
  Pass BilinearQuadPaddingOctahedral (fp, d3d11) finished in 0.16 seconds. Local cache hits 1 (0.00s CPU time), remote cache hits 0 (0.00s CPU time), compiled 0 variants (0.00s CPU time), skipped 0 variants.
    Prepared data for serialisation in 0.00s
  Pass NearestQuadPaddingAlphaBlend (vp, d3d11) finished in 0.16 seconds. Local cache hits 1 (0.00s CPU time), remote cache hits 0 (0.00s CPU time), compiled 0 variants (0.00s CPU time), skipped 0 variants.
    Prepared data for serialisation in 0.00s
  Pass NearestQuadPaddingAlphaBlend (fp, d3d11) finished in 0.15 seconds. Local cache hits 1 (0.00s CPU time), remote cache hits 0 (0.00s CPU time), compiled 0 variants (0.00s CPU time), skipped 0 variants.
    Prepared data for serialisation in 0.00s
  Pass BilinearQuadPaddingAlphaBlend (vp, d3d11) finished in 0.15 seconds. Local cache hits 1 (0.00s CPU time), remote cache hits 0 (0.00s CPU time), compiled 0 variants (0.00s CPU time), skipped 0 variants.
    Prepared data for serialisation in 0.00s
  Pass BilinearQuadPaddingAlphaBlend (fp, d3d11) finished in 0.15 seconds. Local cache hits 1 (0.00s CPU time), remote cache hits 0 (0.00s CPU time), compiled 0 variants (0.00s CPU time), skipped 0 variants.
    Prepared data for serialisation in 0.00s
  Pass NearestQuadPaddingAlphaBlendRepeat (vp, d3d11) finished in 0.14 seconds. Local cache hits 1 (0.00s CPU time), remote cache hits 0 (0.00s CPU time), compiled 0 variants (0.00s CPU time), skipped 0 variants.
    Prepared data for serialisation in 0.00s
  Pass NearestQuadPaddingAlphaBlendRepeat (fp, d3d11) finished in 0.13 seconds. Local cache hits 1 (0.00s CPU time), remote cache hits 0 (0.00s CPU time), compiled 0 variants (0.00s CPU time), skipped 0 variants.
    Prepared data for serialisation in 0.00s
  Pass BilinearQuadPaddingAlphaBlendRepeat (vp, d3d11) finished in 0.12 seconds. Local cache hits 1 (0.00s CPU time), remote cache hits 0 (0.00s CPU time), compiled 0 variants (0.00s CPU time), skipped 0 variants.
    Prepared data for serialisation in 0.00s
  Pass BilinearQuadPaddingAlphaBlendRepeat (fp, d3d11) finished in 0.12 seconds. Local cache hits 1 (0.00s CPU time), remote cache hits 0 (0.00s CPU time), compiled 0 variants (0.00s CPU time), skipped 0 variants.
    Prepared data for serialisation in 0.00s
  Pass BilinearQuadPaddingAlphaBlendOctahedral (vp, d3d11) finished in 0.11 seconds. Local cache hits 1 (0.00s CPU time), remote cache hits 0 (0.00s CPU time), compiled 0 variants (0.00s CPU time), skipped 0 variants.
    Prepared data for serialisation in 0.00s
  Pass BilinearQuadPaddingAlphaBlendOctahedral (fp, d3d11) finished in 0.11 seconds. Local cache hits 1 (0.00s CPU time), remote cache hits 0 (0.00s CPU time), compiled 0 variants (0.00s CPU time), skipped 0 variants.
    Prepared data for serialisation in 0.00s
  Pass CubeToOctahedral (vp, d3d11) finished in 0.10 seconds. Local cache hits 1 (0.00s CPU time), remote cache hits 0 (0.00s CPU time), compiled 0 variants (0.00s CPU time), skipped 0 variants.
    Prepared data for serialisation in 0.00s
  Pass CubeToOctahedral (fp, d3d11) finished in 0.10 seconds. Local cache hits 1 (0.00s CPU time), remote cache hits 0 (0.00s CPU time), compiled 0 variants (0.00s CPU time), skipped 0 variants.
    Prepared data for serialisation in 0.00s
  Pass CubeToOctahedralLuminance (vp, d3d11) finished in 0.09 seconds. Local cache hits 1 (0.00s CPU time), remote cache hits 0 (0.00s CPU time), compiled 0 variants (0.00s CPU time), skipped 0 variants.
    Prepared data for serialisation in 0.00s
  Pass CubeToOctahedralLuminance (fp, d3d11) finished in 0.09 seconds. Local cache hits 1 (0.00s CPU time), remote cache hits 0 (0.00s CPU time), compiled 0 variants (0.00s CPU time), skipped 0 variants.
    Prepared data for serialisation in 0.00s
  Pass CubeToOctahedralAlpha (vp, d3d11) finished in 0.08 seconds. Local cache hits 1 (0.00s CPU time), remote cache hits 0 (0.00s CPU time), compiled 0 variants (0.00s CPU time), skipped 0 variants.
    Prepared data for serialisation in 0.00s
  Pass CubeToOctahedralAlpha (fp, d3d11) finished in 0.08 seconds. Local cache hits 1 (0.00s CPU time), remote cache hits 0 (0.00s CPU time), compiled 0 variants (0.00s CPU time), skipped 0 variants.
    Prepared data for serialisation in 0.00s
  Pass CubeToOctahedralRed (vp, d3d11) finished in 0.07 seconds. Local cache hits 1 (0.00s CPU time), remote cache hits 0 (0.00s CPU time), compiled 0 variants (0.00s CPU time), skipped 0 variants.
    Prepared data for serialisation in 0.00s
  Pass CubeToOctahedralRed (fp, d3d11) finished in 0.07 seconds. Local cache hits 1 (0.00s CPU time), remote cache hits 0 (0.00s CPU time), compiled 0 variants (0.00s CPU time), skipped 0 variants.
    Prepared data for serialisation in 0.00s
  Pass BilinearQuadLuminance (vp, d3d11) finished in 0.06 seconds. Local cache hits 1 (0.00s CPU time), remote cache hits 0 (0.00s CPU time), compiled 0 variants (0.00s CPU time), skipped 0 variants.
    Prepared data for serialisation in 0.00s
  Pass BilinearQuadLuminance (fp, d3d11) finished in 0.06 seconds. Local cache hits 1 (0.00s CPU time), remote cache hits 0 (0.00s CPU time), compiled 0 variants (0.00s CPU time), skipped 0 variants.
    Prepared data for serialisation in 0.00s
  Pass BilinearQuadAlpha (vp, d3d11) finished in 0.05 seconds. Local cache hits 1 (0.00s CPU time), remote cache hits 0 (0.00s CPU time), compiled 0 variants (0.00s CPU time), skipped 0 variants.
    Prepared data for serialisation in 0.00s
  Pass BilinearQuadAlpha (fp, d3d11) finished in 0.05 seconds. Local cache hits 1 (0.00s CPU time), remote cache hits 0 (0.00s CPU time), compiled 0 variants (0.00s CPU time), skipped 0 variants.
    Prepared data for serialisation in 0.00s
  Pass BilinearQuadRed (vp, d3d11) finished in 0.04 seconds. Local cache hits 1 (0.00s CPU time), remote cache hits 0 (0.00s CPU time), compiled 0 variants (0.00s CPU time), skipped 0 variants.
    Prepared data for serialisation in 0.00s
  Pass BilinearQuadRed (fp, d3d11) finished in 0.04 seconds. Local cache hits 1 (0.00s CPU time), remote cache hits 0 (0.00s CPU time), compiled 0 variants (0.00s CPU time), skipped 0 variants.
    Prepared data for serialisation in 0.00s
  Pass NearestCubeToOctahedralPadding (vp, d3d11) finished in 0.03 seconds. Local cache hits 2 (0.00s CPU time), remote cache hits 0 (0.00s CPU time), compiled 0 variants (0.00s CPU time), skipped 0 variants.
    Prepared data for serialisation in 0.00s
  Pass NearestCubeToOctahedralPadding (fp, d3d11) finished in 0.10 seconds. Local cache hits 2 (0.10s CPU time), remote cache hits 0 (0.00s CPU time), compiled 0 variants (0.00s CPU time), skipped 0 variants.
    Prepared data for serialisation in 0.00s
  Pass BilinearCubeToOctahedralPadding (vp, d3d11) finished in 0.10 seconds. Local cache hits 2 (0.02s CPU time), remote cache hits 0 (0.00s CPU time), compiled 0 variants (0.00s CPU time), skipped 0 variants.
    Prepared data for serialisation in 0.00s
  Pass BilinearCubeToOctahedralPadding (fp, d3d11) finished in 0.09 seconds. Local cache hits 2 (0.09s CPU time), remote cache hits 0 (0.00s CPU time), compiled 0 variants (0.00s CPU time), skipped 0 variants.
    Prepared data for serialisation in 0.00s
  Pass BilinearDebugDraw (vp, d3d11) finished in 0.09 seconds. Local cache hits 1 (0.00s CPU time), remote cache hits 0 (0.00s CPU time), compiled 0 variants (0.00s CPU time), skipped 0 variants.
    Prepared data for serialisation in 0.00s
  Pass BilinearDebugDraw (fp, d3d11) finished in 0.08 seconds. Local cache hits 2 (0.08s CPU time), remote cache hits 0 (0.00s CPU time), compiled 0 variants (0.00s CPU time), skipped 0 variants.
    Prepared data for serialisation in 0.00s
  Pass NearestDebugDraw (vp, d3d11) finished in 0.08 seconds. Local cache hits 1 (0.00s CPU time), remote cache hits 0 (0.00s CPU time), compiled 0 variants (0.00s CPU time), skipped 0 variants.
    Prepared data for serialisation in 0.00s
  Pass NearestDebugDraw (fp, d3d11) finished in 0.08 seconds. Local cache hits 2 (0.08s CPU time), remote cache hits 0 (0.00s CPU time), compiled 0 variants (0.00s CPU time), skipped 0 variants.
    Prepared data for serialisation in 0.00s
Serialized binary data for shader Hidden/Universal/CoreBlit in 0.00s
    d3d11 (total internal programs: 56, unique: 16)
Compiling shader "Hidden/Universal/BlitHDROverlay"
  Pass "BilinearDebugDraw" (vp)
    Target graphics API: d3d11
    Full variant space:         1
    After settings filtering:   1
    After built-in stripping:   1
    After scriptable stripping: 0
    Processed in 0.01 seconds
  Pass "BilinearDebugDraw" (fp)
    Target graphics API: d3d11
    Full variant space:         8
    After settings filtering:   1
    After built-in stripping:   1
    After scriptable stripping: 0
    Processed in 0.01 seconds
  Pass "NearestDebugDraw" (vp)
    Target graphics API: d3d11
    Full variant space:         1
    After settings filtering:   1
    After built-in stripping:   1
    After scriptable stripping: 0
    Processed in 0.00 seconds
  Pass "NearestDebugDraw" (fp)
    Target graphics API: d3d11
    Full variant space:         8
    After settings filtering:   1
    After built-in stripping:   1
    After scriptable stripping: 0
    Processed in 0.00 seconds
Serialized binary data for shader Hidden/Universal/BlitHDROverlay in 0.00s
    d3d11 (total internal programs: 0, unique: 0)
Compiling shader "Hidden/Universal Render Pipeline/CameraMotionVectors"
  Pass "Camera Motion Vectors" (vp)
    Target graphics API: d3d11
    Full variant space:         1
    After settings filtering:   1
    After built-in stripping:   1
    After scriptable stripping: 1
    Processed in 0.00 seconds
  Pass "Camera Motion Vectors" (fp)
    Target graphics API: d3d11
    Full variant space:         1
    After settings filtering:   1
    After built-in stripping:   1
    After scriptable stripping: 1
    Processed in 0.00 seconds
  Pass Camera Motion Vectors (vp, d3d11) finished in 0.00 seconds. Local cache hits 1 (0.00s CPU time), remote cache hits 0 (0.00s CPU time), compiled 0 variants (0.00s CPU time), skipped 0 variants.
    Prepared data for serialisation in 0.00s
  Pass Camera Motion Vectors (fp, d3d11) finished in 0.00 seconds. Local cache hits 1 (0.00s CPU time), remote cache hits 0 (0.00s CPU time), compiled 0 variants (0.00s CPU time), skipped 0 variants.
    Prepared data for serialisation in 0.00s
Serialized binary data for shader Hidden/Universal Render Pipeline/CameraMotionVectors in 0.00s
    d3d11 (total internal programs: 2, unique: 2)
Compiling shader "Hidden/Universal Render Pipeline/Debug/DebugReplacement"
  Pass "Vertex Attributes" (vp)
    Target graphics API: d3d11
    Full variant space:         2
    After settings filtering:   2
    After built-in stripping:   1
    After scriptable stripping: 1
    Processed in 0.00 seconds
  Pass "Vertex Attributes" (fp)
    Target graphics API: d3d11
    Full variant space:         2
    After settings filtering:   2
    After built-in stripping:   1
    After scriptable stripping: 1
    Processed in 0.00 seconds
  Pass Vertex Attributes (vp, d3d11) finished in 0.00 seconds. Local cache hits 1 (0.00s CPU time), remote cache hits 0 (0.00s CPU time), compiled 0 variants (0.00s CPU time), skipped 0 variants.
    Prepared data for serialisation in 0.00s
  Pass Vertex Attributes (fp, d3d11) finished in 0.00 seconds. Local cache hits 1 (0.00s CPU time), remote cache hits 0 (0.00s CPU time), compiled 0 variants (0.00s CPU time), skipped 0 variants.
    Prepared data for serialisation in 0.00s
Serialized binary data for shader Hidden/Universal Render Pipeline/Debug/DebugReplacement in 0.00s
    d3d11 (total internal programs: 2, unique: 2)
Compiling shader "Hidden/Universal/CoreBlitColorAndDepth"
  Pass "ColorOnly" (vp)
    Target graphics API: d3d11
    Full variant space:         4
    After settings filtering:   4
    After built-in stripping:   4
    After scriptable stripping: 4
    Processed in 0.00 seconds
  Pass "ColorOnly" (fp)
    Target graphics API: d3d11
    Full variant space:         4
    After settings filtering:   4
    After built-in stripping:   4
    After scriptable stripping: 4
    Processed in 0.00 seconds
  Pass "ColorAndDepth" (vp)
    Target graphics API: d3d11
    Full variant space:         4
    After settings filtering:   4
    After built-in stripping:   4
    After scriptable stripping: 4
    Processed in 0.01 seconds
  Pass "ColorAndDepth" (fp)
    Target graphics API: d3d11
    Full variant space:         4
    After settings filtering:   4
    After built-in stripping:   4
    After scriptable stripping: 4
    Processed in 0.00 seconds
  Pass "DepthOnly" (vp)
    Target graphics API: d3d11
    Full variant space:         4
    After settings filtering:   4
    After built-in stripping:   4
    After scriptable stripping: 4
    Processed in 0.01 seconds
  Pass "DepthOnly" (fp)
    Target graphics API: d3d11
    Full variant space:         4
    After settings filtering:   4
    After built-in stripping:   4
    After scriptable stripping: 4
    Processed in 0.00 seconds
  Pass ColorOnly (vp, d3d11) finished in 0.03 seconds. Local cache hits 4 (0.01s CPU time), remote cache hits 0 (0.00s CPU time), compiled 0 variants (0.00s CPU time), skipped 0 variants.
    Prepared data for serialisation in 0.00s
  Pass ColorOnly (fp, d3d11) finished in 0.03 seconds. Local cache hits 4 (0.00s CPU time), remote cache hits 0 (0.00s CPU time), compiled 0 variants (0.00s CPU time), skipped 0 variants.
    Prepared data for serialisation in 0.00s
  Pass ColorAndDepth (vp, d3d11) finished in 0.01 seconds. Local cache hits 4 (0.01s CPU time), remote cache hits 0 (0.00s CPU time), compiled 0 variants (0.00s CPU time), skipped 0 variants.
    Prepared data for serialisation in 0.00s
  Pass ColorAndDepth (fp, d3d11) finished in 0.01 seconds. Local cache hits 4 (0.00s CPU time), remote cache hits 0 (0.00s CPU time), compiled 0 variants (0.00s CPU time), skipped 0 variants.
    Prepared data for serialisation in 0.00s
  Pass DepthOnly (vp, d3d11) finished in 0.00 seconds. Local cache hits 4 (0.00s CPU time), remote cache hits 0 (0.00s CPU time), compiled 0 variants (0.00s CPU time), skipped 0 variants.
    Prepared data for serialisation in 0.00s
  Pass DepthOnly (fp, d3d11) finished in 0.00 seconds. Local cache hits 4 (0.01s CPU time), remote cache hits 0 (0.00s CPU time), compiled 0 variants (0.00s CPU time), skipped 0 variants.
    Prepared data for serialisation in 0.00s
Serialized binary data for shader Hidden/Universal/CoreBlitColorAndDepth in 0.00s
    d3d11 (total internal programs: 24, unique: 16)
Compiling shader "Hidden/Universal Render Pipeline/XR/XRMirrorView"
  Pass "" (vp)
    Target graphics API: d3d11
    Full variant space:         1
    After settings filtering:   1
    After built-in stripping:   1
    After scriptable stripping: 0
    Processed in 0.00 seconds
  Pass "" (fp)
    Target graphics API: d3d11
    Full variant space:         4
    After settings filtering:   2
    After built-in stripping:   2
    After scriptable stripping: 0
    Processed in 0.00 seconds
Serialized binary data for shader Hidden/Universal Render Pipeline/XR/XRMirrorView in 0.00s
    d3d11 (total internal programs: 0, unique: 0)
Compiling shader "Hidden/Universal Render Pipeline/CopyDepth"
  Pass "CopyDepth" (vp)
    Target graphics API: d3d11
    Full variant space:         8
    After settings filtering:   8
    After built-in stripping:   8
    After scriptable stripping: 8
    Processed in 0.01 seconds
  Pass "CopyDepth" (fp)
    Target graphics API: d3d11
    Full variant space:         8
    After settings filtering:   8
    After built-in stripping:   8
    After scriptable stripping: 8
    Processed in 0.00 seconds
  Pass CopyDepth (vp, d3d11) finished in 0.01 seconds. Local cache hits 8 (0.07s CPU time), remote cache hits 0 (0.00s CPU time), compiled 0 variants (0.00s CPU time), skipped 0 variants.
    Prepared data for serialisation in 0.00s
  Pass CopyDepth (fp, d3d11) finished in 0.01 seconds. Local cache hits 8 (0.04s CPU time), remote cache hits 0 (0.00s CPU time), compiled 0 variants (0.00s CPU time), skipped 0 variants.
    Prepared data for serialisation in 0.00s
Serialized binary data for shader Hidden/Universal Render Pipeline/CopyDepth in 0.00s
    d3d11 (total internal programs: 16, unique: 16)
Compiling shader "Hidden/TerrainEngine/Details/UniversalPipeline/WavingDoublePass"
  Pass "ForwardLit" (vp)
    Target graphics API: d3d11
    Full variant space:         55.296
    After settings filtering:   768
    After built-in stripping:   6
    After scriptable stripping: 2
    Processed in 0.00 seconds
  Pass "ForwardLit" (fp)
    Target graphics API: d3d11
    Full variant space:         35.389.440
    After settings filtering:   1.536
    After built-in stripping:   12
    After scriptable stripping: 4
    Processed in 0.00 seconds
  Pass "GBuffer" (vp)
    Target graphics API: d3d11
    Full variant space:         1.152
    After settings filtering:   192
    After built-in stripping:   6
    After scriptable stripping: 0
    Processed in 0.01 seconds
  Pass "GBuffer" (fp)
    Target graphics API: d3d11
    Full variant space:         737.280
    After settings filtering:   384
    After built-in stripping:   12
    After scriptable stripping: 0
    Processed in 0.01 seconds
  Pass "DepthOnly" (vp)
    Target graphics API: d3d11
    Full variant space:         2
    After settings filtering:   2
    After built-in stripping:   1
    After scriptable stripping: 1
    Processed in 0.00 seconds
  Pass "DepthOnly" (fp)
    Target graphics API: d3d11
    Full variant space:         2
    After settings filtering:   2
    After built-in stripping:   1
    After scriptable stripping: 1
    Processed in 0.00 seconds
  Pass "DepthNormalsOnly" (vp)
    Target graphics API: d3d11
    Full variant space:         2
    After settings filtering:   2
    After built-in stripping:   1
    After scriptable stripping: 1
    Processed in 0.01 seconds
  Pass "DepthNormalsOnly" (fp)
    Target graphics API: d3d11
    Full variant space:         8
    After settings filtering:   2
    After built-in stripping:   1
    After scriptable stripping: 1
    Processed in 0.00 seconds
  Pass ForwardLit (vp, d3d11) finished in 0.03 seconds. Local cache hits 2 (0.00s CPU time), remote cache hits 0 (0.00s CPU time), compiled 0 variants (0.00s CPU time), skipped 0 variants.
    Prepared data for serialisation in 0.00s
  Pass ForwardLit (fp, d3d11) finished in 0.03 seconds. Local cache hits 4 (0.02s CPU time), remote cache hits 0 (0.00s CPU time), compiled 0 variants (0.00s CPU time), skipped 0 variants.
    Prepared data for serialisation in 0.00s
  Pass DepthOnly (vp, d3d11) finished in 0.01 seconds. Local cache hits 1 (0.00s CPU time), remote cache hits 0 (0.00s CPU time), compiled 0 variants (0.00s CPU time), skipped 0 variants.
    Prepared data for serialisation in 0.00s
  Pass DepthOnly (fp, d3d11) finished in 0.01 seconds. Local cache hits 1 (0.00s CPU time), remote cache hits 0 (0.00s CPU time), compiled 0 variants (0.00s CPU time), skipped 0 variants.
    Prepared data for serialisation in 0.00s
  Pass DepthNormalsOnly (vp, d3d11) finished in 0.00 seconds. Local cache hits 1 (0.00s CPU time), remote cache hits 0 (0.00s CPU time), compiled 0 variants (0.00s CPU time), skipped 0 variants.
    Prepared data for serialisation in 0.00s
  Pass DepthNormalsOnly (fp, d3d11) finished in 0.00 seconds. Local cache hits 1 (0.00s CPU time), remote cache hits 0 (0.00s CPU time), compiled 0 variants (0.00s CPU time), skipped 0 variants.
    Prepared data for serialisation in 0.00s
Serialized binary data for shader Hidden/TerrainEngine/Details/UniversalPipeline/WavingDoublePass in 0.00s
    d3d11 (total internal programs: 10, unique: 10)
Compiling shader "Hidden/Universal Render Pipeline/FallbackError"
  Pass "" (vp)
    Target graphics API: d3d11
    Full variant space:         6
    After settings filtering:   6
    After built-in stripping:   1
    After scriptable stripping: 1
    Processed in 0.01 seconds
  Pass "" (fp)
    Target graphics API: d3d11
    Full variant space:         6
    After settings filtering:   6
    After built-in stripping:   1
    After scriptable stripping: 1
    Processed in 0.00 seconds
  Pass  (vp, d3d11) finished in 0.00 seconds. Local cache hits 1 (0.00s CPU time), remote cache hits 0 (0.00s CPU time), compiled 0 variants (0.00s CPU time), skipped 0 variants.
    Prepared data for serialisation in 0.00s
  Pass  (fp, d3d11) finished in 0.00 seconds. Local cache hits 1 (0.00s CPU time), remote cache hits 0 (0.00s CPU time), compiled 0 variants (0.00s CPU time), skipped 0 variants.
    Prepared data for serialisation in 0.00s
Serialized binary data for shader Hidden/Universal Render Pipeline/FallbackError in 0.00s
    d3d11 (total internal programs: 2, unique: 2)
Compiling shader "Hidden/Universal Render Pipeline/StencilDeferred"
  Pass "Stencil Volume" (vp)
    Target graphics API: d3d11
    Full variant space:         2
    After settings filtering:   2
    After built-in stripping:   2
    After scriptable stripping: 0
    Processed in 0.01 seconds
  Pass "Stencil Volume" (fp)
    Target graphics API: d3d11
    Full variant space:         1
    After settings filtering:   1
    After built-in stripping:   1
    After scriptable stripping: 0
    Processed in 0.00 seconds
  Pass "Deferred Punctual Light (Lit)" (vp)
    Target graphics API: d3d11
    Full variant space:         4
    After settings filtering:   2
    After built-in stripping:   2
    After scriptable stripping: 0
    Processed in 0.00 seconds
  Pass "Deferred Punctual Light (Lit)" (fp)
    Target graphics API: d3d11
    Full variant space:         5.120
    After settings filtering:   16
    After built-in stripping:   4
    After scriptable stripping: 0
    Processed in 0.00 seconds
  Pass "Deferred Punctual Light (SimpleLit)" (vp)
    Target graphics API: d3d11
    Full variant space:         4
    After settings filtering:   2
    After built-in stripping:   2
    After scriptable stripping: 0
    Processed in 0.00 seconds
  Pass "Deferred Punctual Light (SimpleLit)" (fp)
    Target graphics API: d3d11
    Full variant space:         5.120
    After settings filtering:   16
    After built-in stripping:   4
    After scriptable stripping: 0
    Processed in 0.01 seconds
  Pass "Deferred Directional Light (Lit)" (vp)
    Target graphics API: d3d11
    Full variant space:         2
    After settings filtering:   1
    After built-in stripping:   1
    After scriptable stripping: 0
    Processed in 0.00 seconds
  Pass "Deferred Directional Light (Lit)" (fp)
    Target graphics API: d3d11
    Full variant space:         40.960
    After settings filtering:   16
    After built-in stripping:   4
    After scriptable stripping: 0
    Processed in 0.00 seconds
  Pass "Deferred Directional Light (SimpleLit)" (vp)
    Target graphics API: d3d11
    Full variant space:         2
    After settings filtering:   1
    After built-in stripping:   1
    After scriptable stripping: 0
    Processed in 0.01 seconds
  Pass "Deferred Directional Light (SimpleLit)" (fp)
    Target graphics API: d3d11
    Full variant space:         40.960
    After settings filtering:   16
    After built-in stripping:   4
    After scriptable stripping: 0
    Processed in 0.00 seconds
  Pass "Fog" (vp)
    Target graphics API: d3d11
    Full variant space:         4
    After settings filtering:   4
    After built-in stripping:   1
    After scriptable stripping: 0
    Processed in 0.00 seconds
  Pass "Fog" (fp)
    Target graphics API: d3d11
    Full variant space:         8
    After settings filtering:   4
    After built-in stripping:   1
    After scriptable stripping: 0
    Processed in 0.01 seconds
  Pass "SSAOOnly" (vp)
    Target graphics API: d3d11
    Full variant space:         2
    After settings filtering:   1
    After built-in stripping:   1
    After scriptable stripping: 0
    Processed in 0.00 seconds
  Pass "SSAOOnly" (fp)
    Target graphics API: d3d11
    Full variant space:         4
    After settings filtering:   1
    After built-in stripping:   1
    After scriptable stripping: 0
    Processed in 0.00 seconds
Serialized binary data for shader Hidden/Universal Render Pipeline/StencilDeferred in 0.00s
    d3d11 (total internal programs: 0, unique: 0)
Compiling shader "Hidden/Universal Render Pipeline/DBufferClear"
  Pass "DBufferClear" (vp)
    Target graphics API: d3d11
    Full variant space:         1
    After settings filtering:   1
    After built-in stripping:   1
    After scriptable stripping: 1
    Processed in 0.01 seconds
  Pass "DBufferClear" (fp)
    Target graphics API: d3d11
    Full variant space:         3
    After settings filtering:   1
    After built-in stripping:   1
    After scriptable stripping: 0
    Processed in 0.00 seconds
Serialized binary data for shader Hidden/Universal Render Pipeline/DBufferClear in 0.00s
    d3d11 (total internal programs: 0, unique: 0)
Compiling shader "Hidden/TerrainEngine/Details/UniversalPipeline/Vertexlit"
  Pass "TerrainDetailVertex" (vp)
    Target graphics API: d3d11
    Full variant space:         9.216
    After settings filtering:   128
    After built-in stripping:   2
    After scriptable stripping: 2
    Processed in 0.00 seconds
  Pass "TerrainDetailVertex" (fp)
    Target graphics API: d3d11
    Full variant space:         1.474.560
    After settings filtering:   256
    After built-in stripping:   4
    After scriptable stripping: 4
    Processed in 0.00 seconds
  Pass "TerrainDetailVertex - GBuffer" (vp)
    Target graphics API: d3d11
    Full variant space:         192
    After settings filtering:   32
    After built-in stripping:   8
    After scriptable stripping: 4
    Processed in 0.00 seconds
  Pass "TerrainDetailVertex - GBuffer" (fp)
    Target graphics API: d3d11
    Full variant space:         15.360
    After settings filtering:   32
    After built-in stripping:   8
    After scriptable stripping: 4
    Processed in 0.00 seconds
  Pass "DepthOnly" (vp)
    Target graphics API: d3d11
    Full variant space:         2
    After settings filtering:   2
    After built-in stripping:   1
    After scriptable stripping: 1
    Processed in 0.00 seconds
  Pass "DepthOnly" (fp)
    Target graphics API: d3d11
    Full variant space:         2
    After settings filtering:   2
    After built-in stripping:   1
    After scriptable stripping: 1
    Processed in 0.01 seconds
  Pass "DepthNormals" (vp)
    Target graphics API: d3d11
    Full variant space:         2
    After settings filtering:   2
    After built-in stripping:   1
    After scriptable stripping: 1
    Processed in 0.00 seconds
  Pass "DepthNormals" (fp)
    Target graphics API: d3d11
    Full variant space:         2
    After settings filtering:   2
    After built-in stripping:   1
    After scriptable stripping: 1
    Processed in 0.00 seconds
  Pass TerrainDetailVertex (vp, d3d11) finished in 0.03 seconds. Local cache hits 2 (0.03s CPU time), remote cache hits 0 (0.00s CPU time), compiled 0 variants (0.00s CPU time), skipped 0 variants.
    Prepared data for serialisation in 0.00s
  Pass TerrainDetailVertex (fp, d3d11) finished in 0.03 seconds. Local cache hits 4 (0.10s CPU time), remote cache hits 0 (0.00s CPU time), compiled 0 variants (0.00s CPU time), skipped 0 variants.
    Prepared data for serialisation in 0.00s
  Pass TerrainDetailVertex - GBuffer (vp, d3d11) finished in 0.03 seconds. Local cache hits 4 (0.09s CPU time), remote cache hits 0 (0.00s CPU time), compiled 0 variants (0.00s CPU time), skipped 0 variants.
    Prepared data for serialisation in 0.00s
  Pass TerrainDetailVertex - GBuffer (fp, d3d11) finished in 0.02 seconds. Local cache hits 4 (0.05s CPU time), remote cache hits 0 (0.00s CPU time), compiled 0 variants (0.00s CPU time), skipped 0 variants.
    Prepared data for serialisation in 0.00s
  Pass DepthOnly (vp, d3d11) finished in 0.01 seconds. Local cache hits 1 (0.00s CPU time), remote cache hits 0 (0.00s CPU time), compiled 0 variants (0.00s CPU time), skipped 0 variants.
    Prepared data for serialisation in 0.00s
  Pass DepthOnly (fp, d3d11) finished in 0.01 seconds. Local cache hits 1 (0.00s CPU time), remote cache hits 0 (0.00s CPU time), compiled 0 variants (0.00s CPU time), skipped 0 variants.
    Prepared data for serialisation in 0.00s
  Pass DepthNormals (vp, d3d11) finished in 0.01 seconds. Local cache hits 1 (0.00s CPU time), remote cache hits 0 (0.00s CPU time), compiled 0 variants (0.00s CPU time), skipped 0 variants.
    Prepared data for serialisation in 0.00s
  Pass DepthNormals (fp, d3d11) finished in 0.01 seconds. Local cache hits 1 (0.00s CPU time), remote cache hits 0 (0.00s CPU time), compiled 0 variants (0.00s CPU time), skipped 0 variants.
    Prepared data for serialisation in 0.00s
Serialized binary data for shader Hidden/TerrainEngine/Details/UniversalPipeline/Vertexlit in 0.00s
    d3d11 (total internal programs: 18, unique: 18)
Compiling shader "Hidden/Universal Render Pipeline/XR/XRMotionVector"
  Pass "XR Camera MotionVectors" (vp)
    Target graphics API: d3d11
    Full variant space:         1
    After settings filtering:   1
    After built-in stripping:   1
    After scriptable stripping: 0
    Processed in 0.00 seconds
  Pass "XR Camera MotionVectors" (fp)
    Target graphics API: d3d11
    Full variant space:         1
    After settings filtering:   1
    After built-in stripping:   1
    After scriptable stripping: 0
    Processed in 0.00 seconds
Serialized binary data for shader Hidden/Universal Render Pipeline/XR/XRMotionVector in 0.00s
    d3d11 (total internal programs: 0, unique: 0)
Compiling compute shader "ProbeVolumeSamplingDebugPositionNormal"
    starting stripping...
    finished in 0.01 seconds. 2 of 2 variants left
    2 variants, starting compilation...
    finished in 0.04 seconds. Local cache hits 2, remote cache hits 0, compiled 0 variants
Compiling compute shader "VrsTexture"
    starting stripping...
    finished in 0.00 seconds. 48 of 48 variants left
    48 variants, starting compilation...
    finished in 0.04 seconds. Local cache hits 48, remote cache hits 0, compiled 0 variants
Compiling shader "TextMeshPro/SRP/TMP_SDF-URP Lit"
  Pass "Universal Forward" (vp)
    Target graphics API: d3d11
    Full variant space:         884.736
    After settings filtering:   3.072
    After built-in stripping:   6
    After scriptable stripping: 2
    Processed in 0.00 seconds
  Pass "Universal Forward" (fp)
    Target graphics API: d3d11
    Full variant space:         18.119.393.280
    After settings filtering:   6.144
    After built-in stripping:   12
    After scriptable stripping: 4
    Processed in 0.01 seconds
  Pass "GBuffer" (vp)
    Target graphics API: d3d11
    Full variant space:         196.608
    After settings filtering:   2.048
    After built-in stripping:   4
    After scriptable stripping: 0
    Processed in 0.01 seconds
  Pass "GBuffer" (fp)
    Target graphics API: d3d11
    Full variant space:         503.316.480
    After settings filtering:   2.048
    After built-in stripping:   4
    After scriptable stripping: 0
    Processed in 0.00 seconds
  Pass "ShadowCaster" (vp)
    Target graphics API: d3d11
    Full variant space:         8
    After settings filtering:   8
    After built-in stripping:   2
    After scriptable stripping: 1
    Processed in 0.00 seconds
  Pass "ShadowCaster" (fp)
    Target graphics API: d3d11
    Full variant space:         4
    After settings filtering:   4
    After built-in stripping:   1
    After scriptable stripping: 1
    Processed in 0.01 seconds
  Pass "MotionVectors" (vp)
    Target graphics API: d3d11
    Full variant space:         4
    After settings filtering:   4
    After built-in stripping:   1
    After scriptable stripping: 1
    Processed in 0.01 seconds
  Pass "MotionVectors" (fp)
    Target graphics API: d3d11
    Full variant space:         8
    After settings filtering:   4
    After built-in stripping:   1
    After scriptable stripping: 1
    Processed in 0.00 seconds
  Pass "DepthNormals" (vp)
    Target graphics API: d3d11
    Full variant space:         4
    After settings filtering:   4
    After built-in stripping:   1
    After scriptable stripping: 1
    Processed in 0.00 seconds
  Pass "DepthNormals" (fp)
    Target graphics API: d3d11
    Full variant space:         8
    After settings filtering:   4
    After built-in stripping:   1
    After scriptable stripping: 1
    Processed in 0.01 seconds
  Pass "Universal 2D" (vp)
    Target graphics API: d3d11
    Full variant space:         1
    After settings filtering:   1
    After built-in stripping:   1
    After scriptable stripping: 1
    Processed in 0.00 seconds
  Pass "Universal 2D" (fp)
    Target graphics API: d3d11
    Full variant space:         1
    After settings filtering:   1
    After built-in stripping:   1
    After scriptable stripping: 1
    Processed in 0.00 seconds
  Pass Universal Forward (vp, d3d11) finished in 0.06 seconds. Local cache hits 2 (0.05s CPU time), remote cache hits 0 (0.00s CPU time), compiled 0 variants (0.00s CPU time), skipped 0 variants.
    Prepared data for serialisation in 0.00s
  Pass Universal Forward (fp, d3d11) finished in 0.06 seconds. Local cache hits 4 (0.19s CPU time), remote cache hits 0 (0.00s CPU time), compiled 0 variants (0.00s CPU time), skipped 0 variants.
    Prepared data for serialisation in 0.00s
  Pass ShadowCaster (vp, d3d11) finished in 0.04 seconds. Local cache hits 1 (0.00s CPU time), remote cache hits 0 (0.00s CPU time), compiled 0 variants (0.00s CPU time), skipped 0 variants.
    Prepared data for serialisation in 0.00s
  Pass ShadowCaster (fp, d3d11) finished in 0.03 seconds. Local cache hits 1 (0.00s CPU time), remote cache hits 0 (0.00s CPU time), compiled 0 variants (0.00s CPU time), skipped 0 variants.
    Prepared data for serialisation in 0.00s
  Pass MotionVectors (vp, d3d11) finished in 0.03 seconds. Local cache hits 1 (0.01s CPU time), remote cache hits 0 (0.00s CPU time), compiled 0 variants (0.00s CPU time), skipped 0 variants.
    Prepared data for serialisation in 0.00s
  Pass MotionVectors (fp, d3d11) finished in 0.07 seconds. Local cache hits 1 (0.07s CPU time), remote cache hits 0 (0.00s CPU time), compiled 0 variants (0.00s CPU time), skipped 0 variants.
    Prepared data for serialisation in 0.00s
  Pass DepthNormals (vp, d3d11) finished in 0.08 seconds. Local cache hits 1 (0.08s CPU time), remote cache hits 0 (0.00s CPU time), compiled 0 variants (0.00s CPU time), skipped 0 variants.
    Prepared data for serialisation in 0.00s
  Pass DepthNormals (fp, d3d11) finished in 0.07 seconds. Local cache hits 1 (0.03s CPU time), remote cache hits 0 (0.00s CPU time), compiled 0 variants (0.00s CPU time), skipped 0 variants.
    Prepared data for serialisation in 0.00s
  Pass Universal 2D (vp, d3d11) finished in 0.07 seconds. Local cache hits 1 (0.01s CPU time), remote cache hits 0 (0.00s CPU time), compiled 0 variants (0.00s CPU time), skipped 0 variants.
    Prepared data for serialisation in 0.00s
  Pass Universal 2D (fp, d3d11) finished in 0.06 seconds. Local cache hits 1 (0.05s CPU time), remote cache hits 0 (0.00s CPU time), compiled 0 variants (0.00s CPU time), skipped 0 variants.
    Prepared data for serialisation in 0.00s
Serialized binary data for shader TextMeshPro/SRP/TMP_SDF-URP Lit in 0.00s
    d3d11 (total internal programs: 14, unique: 14)
Compiling shader "TextMeshPro/SRP/TMP_SDF-HDRP LIT"
Serialized binary data for shader TextMeshPro/SRP/TMP_SDF-HDRP LIT in 0.00s
    d3d11 (total internal programs: 0, unique: 0)
Compiling shader "TextMeshPro/SRP/TMP_SDF-HDRP UNLIT"
Serialized binary data for shader TextMeshPro/SRP/TMP_SDF-HDRP UNLIT in 0.00s
    d3d11 (total internal programs: 0, unique: 0)
Compiling shader "TextMeshPro/Mobile/Distance Field - 2 Pass"
  Pass "Outline" (vp)
    Target graphics API: d3d11
    Full variant space:         8
    After settings filtering:   8
    After built-in stripping:   8
    After scriptable stripping: 8
    Processed in 0.00 seconds
  Pass "Outline" (fp)
    Target graphics API: d3d11
    Full variant space:         8
    After settings filtering:   8
    After built-in stripping:   8
    After scriptable stripping: 8
    Processed in 0.00 seconds
  Pass "Face" (vp)
    Target graphics API: d3d11
    Full variant space:         4
    After settings filtering:   4
    After built-in stripping:   4
    After scriptable stripping: 4
    Processed in 0.00 seconds
  Pass "Face" (fp)
    Target graphics API: d3d11
    Full variant space:         4
    After settings filtering:   4
    After built-in stripping:   4
    After scriptable stripping: 4
    Processed in 0.00 seconds
  Pass Outline (vp, d3d11) finished in 0.04 seconds. Local cache hits 8 (0.16s CPU time), remote cache hits 0 (0.00s CPU time), compiled 0 variants (0.00s CPU time), skipped 0 variants.
    Prepared data for serialisation in 0.00s
  Pass Outline (fp, d3d11) finished in 0.04 seconds. Local cache hits 8 (0.11s CPU time), remote cache hits 0 (0.00s CPU time), compiled 0 variants (0.00s CPU time), skipped 0 variants.
    Prepared data for serialisation in 0.00s
  Pass Face (vp, d3d11) finished in 0.03 seconds. Local cache hits 4 (0.07s CPU time), remote cache hits 0 (0.00s CPU time), compiled 0 variants (0.00s CPU time), skipped 0 variants.
    Prepared data for serialisation in 0.00s
  Pass Face (fp, d3d11) finished in 0.02 seconds. Local cache hits 4 (0.04s CPU time), remote cache hits 0 (0.00s CPU time), compiled 0 variants (0.00s CPU time), skipped 0 variants.
    Prepared data for serialisation in 0.00s
Serialized binary data for shader TextMeshPro/Mobile/Distance Field - 2 Pass in 0.00s
    d3d11 (total internal programs: 24, unique: 24)
Compiling shader "TextMeshPro/Distance Field"
  Pass "" (vp)
    Target graphics API: d3d11
    Full variant space:         16
    After settings filtering:   16
    After built-in stripping:   16
    After scriptable stripping: 16
    Processed in 0.00 seconds
  Pass "" (fp)
    Target graphics API: d3d11
    Full variant space:         16
    After settings filtering:   16
    After built-in stripping:   16
    After scriptable stripping: 16
    Processed in 0.00 seconds
  Pass  (vp, d3d11) finished in 0.02 seconds. Local cache hits 16 (0.20s CPU time), remote cache hits 0 (0.00s CPU time), compiled 0 variants (0.00s CPU time), skipped 0 variants.
    Prepared data for serialisation in 0.00s
  Pass  (fp, d3d11) finished in 0.04 seconds. Local cache hits 16 (0.15s CPU time), remote cache hits 0 (0.00s CPU time), compiled 0 variants (0.00s CPU time), skipped 0 variants.
    Prepared data for serialisation in 0.00s
Serialized binary data for shader TextMeshPro/Distance Field in 0.00s
    d3d11 (total internal programs: 32, unique: 32)
Compiling shader "TextMeshPro/Mobile/Distance Field (Surface)"
  Pass "FORWARD" (vp)
    Target graphics API: d3d11
    Full variant space:         24
    After settings filtering:   24
    After built-in stripping:   3
    After scriptable stripping: 3
    Processed in 0.00 seconds
  Pass "FORWARD" (fp)
    Target graphics API: d3d11
    Full variant space:         16
    After settings filtering:   16
    After built-in stripping:   2
    After scriptable stripping: 2
    Processed in 0.00 seconds
  Pass "Caster" (vp)
    Target graphics API: d3d11
    Full variant space:         2
    After settings filtering:   2
    After built-in stripping:   2
    After scriptable stripping: 2
    Processed in 0.00 seconds
  Pass "Caster" (fp)
    Target graphics API: d3d11
    Full variant space:         2
    After settings filtering:   2
    After built-in stripping:   2
    After scriptable stripping: 2
    Processed in 0.00 seconds
  Pass FORWARD (vp, d3d11) finished in 0.02 seconds. Local cache hits 3 (0.03s CPU time), remote cache hits 0 (0.00s CPU time), compiled 0 variants (0.00s CPU time), skipped 0 variants.
    Prepared data for serialisation in 0.00s
  Pass FORWARD (fp, d3d11) finished in 0.04 seconds. Local cache hits 2 (0.04s CPU time), remote cache hits 0 (0.00s CPU time), compiled 0 variants (0.00s CPU time), skipped 0 variants.
    Prepared data for serialisation in 0.00s
  Pass Caster (vp, d3d11) finished in 0.04 seconds. Local cache hits 2 (0.00s CPU time), remote cache hits 0 (0.00s CPU time), compiled 0 variants (0.00s CPU time), skipped 0 variants.
    Prepared data for serialisation in 0.00s
  Pass Caster (fp, d3d11) finished in 0.04 seconds. Local cache hits 2 (0.00s CPU time), remote cache hits 0 (0.00s CPU time), compiled 0 variants (0.00s CPU time), skipped 0 variants.
    Prepared data for serialisation in 0.00s
Serialized binary data for shader TextMeshPro/Mobile/Distance Field (Surface) in 0.00s
    d3d11 (total internal programs: 9, unique: 9)
Compiling shader "TextMeshPro/Mobile/Distance Field Overlay"
  Pass "" (vp)
    Target graphics API: d3d11
    Full variant space:         4
    After settings filtering:   4
    After built-in stripping:   4
    After scriptable stripping: 4
    Processed in 0.00 seconds
  Pass "" (fp)
    Target graphics API: d3d11
    Full variant space:         4
    After settings filtering:   4
    After built-in stripping:   4
    After scriptable stripping: 4
    Processed in 0.00 seconds
  Pass  (vp, d3d11) finished in 0.03 seconds. Local cache hits 4 (0.06s CPU time), remote cache hits 0 (0.00s CPU time), compiled 0 variants (0.00s CPU time), skipped 0 variants.
    Prepared data for serialisation in 0.00s
  Pass  (fp, d3d11) finished in 0.03 seconds. Local cache hits 4 (0.01s CPU time), remote cache hits 0 (0.00s CPU time), compiled 0 variants (0.00s CPU time), skipped 0 variants.
    Prepared data for serialisation in 0.00s
Serialized binary data for shader TextMeshPro/Mobile/Distance Field Overlay in 0.00s
    d3d11 (total internal programs: 8, unique: 8)
Compiling shader "TextMeshPro/Mobile/Distance Field - Masking"
  Pass "" (vp)
    Target graphics API: d3d11
    Full variant space:         4
    After settings filtering:   4
    After built-in stripping:   4
    After scriptable stripping: 4
    Processed in 0.00 seconds
  Pass "" (fp)
    Target graphics API: d3d11
    Full variant space:         4
    After settings filtering:   4
    After built-in stripping:   4
    After scriptable stripping: 4
    Processed in 0.00 seconds
  Pass  (vp, d3d11) finished in 0.01 seconds. Local cache hits 4 (0.02s CPU time), remote cache hits 0 (0.00s CPU time), compiled 0 variants (0.00s CPU time), skipped 0 variants.
    Prepared data for serialisation in 0.00s
  Pass  (fp, d3d11) finished in 0.01 seconds. Local cache hits 4 (0.00s CPU time), remote cache hits 0 (0.00s CPU time), compiled 0 variants (0.00s CPU time), skipped 0 variants.
    Prepared data for serialisation in 0.00s
Serialized binary data for shader TextMeshPro/Mobile/Distance Field - Masking in 0.00s
    d3d11 (total internal programs: 8, unique: 8)
Compiling shader "TextMeshPro/Sprite"
  Pass "Default" (vp)
    Target graphics API: d3d11
    Full variant space:         4
    After settings filtering:   4
    After built-in stripping:   4
    After scriptable stripping: 4
    Processed in 0.00 seconds
  Pass "Default" (fp)
    Target graphics API: d3d11
    Full variant space:         4
    After settings filtering:   4
    After built-in stripping:   4
    After scriptable stripping: 4
    Processed in 0.00 seconds
  Pass Default (vp, d3d11) finished in 0.00 seconds. Local cache hits 4 (0.01s CPU time), remote cache hits 0 (0.00s CPU time), compiled 0 variants (0.00s CPU time), skipped 0 variants.
    Prepared data for serialisation in 0.00s
  Pass Default (fp, d3d11) finished in 0.00 seconds. Local cache hits 4 (0.00s CPU time), remote cache hits 0 (0.00s CPU time), compiled 0 variants (0.00s CPU time), skipped 0 variants.
    Prepared data for serialisation in 0.00s
Serialized binary data for shader TextMeshPro/Sprite in 0.00s
    d3d11 (total internal programs: 8, unique: 8)
Compiling shader "Hidden/Shader Graph/FallbackError"
  Pass "" (vp)
    Target graphics API: d3d11
    Full variant space:         4
    After settings filtering:   4
    After built-in stripping:   1
    After scriptable stripping: 1
    Processed in 0.00 seconds
  Pass "" (fp)
    Target graphics API: d3d11
    Full variant space:         4
    After settings filtering:   4
    After built-in stripping:   1
    After scriptable stripping: 1
    Processed in 0.00 seconds
  Pass  (vp, d3d11) finished in 0.00 seconds. Local cache hits 1 (0.00s CPU time), remote cache hits 0 (0.00s CPU time), compiled 0 variants (0.00s CPU time), skipped 0 variants.
    Prepared data for serialisation in 0.00s
  Pass  (fp, d3d11) finished in 0.00 seconds. Local cache hits 1 (0.00s CPU time), remote cache hits 0 (0.00s CPU time), compiled 0 variants (0.00s CPU time), skipped 0 variants.
    Prepared data for serialisation in 0.00s
Serialized binary data for shader Hidden/Shader Graph/FallbackError in 0.00s
    d3d11 (total internal programs: 2, unique: 2)
Compiling shader "TextMeshPro/Distance Field (Surface)"
  Pass "FORWARD" (vp)
    Target graphics API: d3d11
    Full variant space:         48
    After settings filtering:   48
    After built-in stripping:   6
    After scriptable stripping: 6
    Processed in 0.00 seconds
  Pass "FORWARD" (fp)
    Target graphics API: d3d11
    Full variant space:         32
    After settings filtering:   32
    After built-in stripping:   4
    After scriptable stripping: 4
    Processed in 0.00 seconds
  Pass "FORWARD" (vp)
    Target graphics API: d3d11
    Full variant space:         40
    After settings filtering:   40
    After built-in stripping:   10
    After scriptable stripping: 10
    Processed in 0.00 seconds
  Pass "FORWARD" (fp)
    Target graphics API: d3d11
    Full variant space:         40
    After settings filtering:   40
    After built-in stripping:   10
    After scriptable stripping: 10
    Processed in 0.00 seconds
  Pass "Caster" (vp)
    Target graphics API: d3d11
    Full variant space:         2
    After settings filtering:   2
    After built-in stripping:   2
    After scriptable stripping: 2
    Processed in 0.00 seconds
  Pass "Caster" (fp)
    Target graphics API: d3d11
    Full variant space:         2
    After settings filtering:   2
    After built-in stripping:   2
    After scriptable stripping: 2
    Processed in 0.00 seconds
  Pass FORWARD (vp, d3d11) finished in 0.05 seconds. Local cache hits 6 (0.11s CPU time), remote cache hits 0 (0.00s CPU time), compiled 0 variants (0.00s CPU time), skipped 0 variants.
    Prepared data for serialisation in 0.00s
  Pass FORWARD (fp, d3d11) finished in 0.05 seconds. Local cache hits 4 (0.05s CPU time), remote cache hits 0 (0.00s CPU time), compiled 0 variants (0.00s CPU time), skipped 0 variants.
    Prepared data for serialisation in 0.00s
  Pass FORWARD (vp, d3d11) finished in 0.06 seconds. Local cache hits 10 (0.40s CPU time), remote cache hits 0 (0.00s CPU time), compiled 0 variants (0.00s CPU time), skipped 0 variants.
    Prepared data for serialisation in 0.00s
  Pass FORWARD (fp, d3d11) finished in 0.02 seconds. Local cache hits 10 (0.15s CPU time), remote cache hits 0 (0.00s CPU time), compiled 0 variants (0.00s CPU time), skipped 0 variants.
    Prepared data for serialisation in 0.00s
  Pass Caster (vp, d3d11) finished in 0.03 seconds. Local cache hits 2 (0.03s CPU time), remote cache hits 0 (0.00s CPU time), compiled 0 variants (0.00s CPU time), skipped 0 variants.
    Prepared data for serialisation in 0.00s
  Pass Caster (fp, d3d11) finished in 0.03 seconds. Local cache hits 2 (0.01s CPU time), remote cache hits 0 (0.00s CPU time), compiled 0 variants (0.00s CPU time), skipped 0 variants.
    Prepared data for serialisation in 0.00s
Serialized binary data for shader TextMeshPro/Distance Field (Surface) in 0.00s
    d3d11 (total internal programs: 34, unique: 34)
Compiling shader "TextMeshPro/Mobile/Distance Field"
  Pass "" (vp)
    Target graphics API: d3d11
    Full variant space:         16
    After settings filtering:   16
    After built-in stripping:   16
    After scriptable stripping: 16
    Processed in 0.00 seconds
  Pass "" (fp)
    Target graphics API: d3d11
    Full variant space:         16
    After settings filtering:   16
    After built-in stripping:   16
    After scriptable stripping: 16
    Processed in 0.00 seconds
  Pass  (vp, d3d11) finished in 0.12 seconds. Local cache hits 16 (0.58s CPU time), remote cache hits 0 (0.00s CPU time), compiled 0 variants (0.00s CPU time), skipped 0 variants.
    Prepared data for serialisation in 0.00s
  Pass  (fp, d3d11) finished in 0.11 seconds. Local cache hits 16 (0.49s CPU time), remote cache hits 0 (0.00s CPU time), compiled 0 variants (0.00s CPU time), skipped 0 variants.
    Prepared data for serialisation in 0.00s
Serialized binary data for shader TextMeshPro/Mobile/Distance Field in 0.00s
    d3d11 (total internal programs: 32, unique: 32)
Compressed shader 'TextMeshPro/Mobile/Distance Field' on d3d11 from 2.60MB to 0.23MB
Compressed shader 'TextMeshPro/Mobile/Distance Field' in 0.08s
Compiling shader "Legacy Shaders/VertexLit"
  Pass "" (vp)
    Target graphics API: d3d11
    Full variant space:         12
    After settings filtering:   12
    After built-in stripping:   3
    After scriptable stripping: 3
    Processed in 0.00 seconds
  Pass "" (fp)
    Target graphics API: d3d11
    Full variant space:         12
    After settings filtering:   12
    After built-in stripping:   3
    After scriptable stripping: 3
    Processed in 0.00 seconds
  Pass "" (vp)
    Target graphics API: d3d11
    Full variant space:         4
    After settings filtering:   4
    After built-in stripping:   1
    After scriptable stripping: 1
    Processed in 0.00 seconds
  Pass "" (fp)
    Target graphics API: d3d11
    Full variant space:         4
    After settings filtering:   4
    After built-in stripping:   1
    After scriptable stripping: 1
    Processed in 0.00 seconds
  Pass "ShadowCaster" (vp)
    Target graphics API: d3d11
    Full variant space:         4
    After settings filtering:   4
    After built-in stripping:   2
    After scriptable stripping: 2
    Processed in 0.00 seconds
  Pass "ShadowCaster" (fp)
    Target graphics API: d3d11
    Full variant space:         4
    After settings filtering:   4
    After built-in stripping:   2
    After scriptable stripping: 2
    Processed in 0.00 seconds
  Pass  (vp, d3d11) finished in 0.04 seconds. Local cache hits 3 (0.09s CPU time), remote cache hits 0 (0.00s CPU time), compiled 0 variants (0.00s CPU time), skipped 0 variants.
    Prepared data for serialisation in 0.00s
  Pass  (fp, d3d11) finished in 0.12 seconds. Local cache hits 3 (0.25s CPU time), remote cache hits 0 (0.00s CPU time), compiled 0 variants (0.00s CPU time), skipped 0 variants.
    Prepared data for serialisation in 0.00s
  Pass  (vp, d3d11) finished in 0.13 seconds. Local cache hits 1 (0.07s CPU time), remote cache hits 0 (0.00s CPU time), compiled 0 variants (0.00s CPU time), skipped 0 variants.
    Prepared data for serialisation in 0.00s
  Pass  (fp, d3d11) finished in 0.12 seconds. Local cache hits 1 (0.04s CPU time), remote cache hits 0 (0.00s CPU time), compiled 0 variants (0.00s CPU time), skipped 0 variants.
    Prepared data for serialisation in 0.00s
  Pass ShadowCaster (vp, d3d11) finished in 0.12 seconds. Local cache hits 2 (0.04s CPU time), remote cache hits 0 (0.00s CPU time), compiled 0 variants (0.00s CPU time), skipped 0 variants.
    Prepared data for serialisation in 0.00s
  Pass ShadowCaster (fp, d3d11) finished in 0.12 seconds. Local cache hits 2 (0.02s CPU time), remote cache hits 0 (0.00s CPU time), compiled 0 variants (0.00s CPU time), skipped 0 variants.
    Prepared data for serialisation in 0.00s
Serialized binary data for shader Legacy Shaders/VertexLit in 0.00s
    d3d11 (total internal programs: 12, unique: 12)
Compiling shader "Legacy Shaders/Diffuse"
  Pass "FORWARD" (vp)
    Target graphics API: d3d11
    Full variant space:         664
    After settings filtering:   664
    After built-in stripping:   8
    After scriptable stripping: 8
    Processed in 0.00 seconds
  Pass "FORWARD" (fp)
    Target graphics API: d3d11
    Full variant space:         504
    After settings filtering:   504
    After built-in stripping:   4
    After scriptable stripping: 4
    Processed in 0.00 seconds
  Pass "FORWARD" (vp)
    Target graphics API: d3d11
    Full variant space:         20
    After settings filtering:   20
    After built-in stripping:   5
    After scriptable stripping: 5
    Processed in 0.01 seconds
  Pass "FORWARD" (fp)
    Target graphics API: d3d11
    Full variant space:         20
    After settings filtering:   20
    After built-in stripping:   5
    After scriptable stripping: 5
    Processed in 0.00 seconds
  Pass "DEFERRED" (vp)
    Target graphics API: d3d11
    Full variant space:         76
    After settings filtering:   76
    After built-in stripping:   4
    After scriptable stripping: 4
    Processed in 0.00 seconds
  Pass "DEFERRED" (fp)
    Target graphics API: d3d11
    Full variant space:         76
    After settings filtering:   76
    After built-in stripping:   4
    After scriptable stripping: 4
    Processed in 0.00 seconds
  Pass FORWARD (vp, d3d11) finished in 0.09 seconds. Local cache hits 8 (0.52s CPU time), remote cache hits 0 (0.00s CPU time), compiled 0 variants (0.00s CPU time), skipped 0 variants.
    Prepared data for serialisation in 0.00s
  Pass FORWARD (fp, d3d11) finished in 0.09 seconds. Local cache hits 4 (0.22s CPU time), remote cache hits 0 (0.00s CPU time), compiled 0 variants (0.00s CPU time), skipped 0 variants.
    Prepared data for serialisation in 0.00s
  Pass FORWARD (vp, d3d11) finished in 0.13 seconds. Local cache hits 5 (0.27s CPU time), remote cache hits 0 (0.00s CPU time), compiled 0 variants (0.00s CPU time), skipped 0 variants.
    Prepared data for serialisation in 0.00s
  Pass FORWARD (fp, d3d11) finished in 0.11 seconds. Local cache hits 5 (0.20s CPU time), remote cache hits 0 (0.00s CPU time), compiled 0 variants (0.00s CPU time), skipped 0 variants.
    Prepared data for serialisation in 0.00s
  Pass DEFERRED (vp, d3d11) finished in 0.10 seconds. Local cache hits 4 (0.28s CPU time), remote cache hits 0 (0.00s CPU time), compiled 0 variants (0.00s CPU time), skipped 0 variants.
    Prepared data for serialisation in 0.00s
  Pass DEFERRED (fp, d3d11) finished in 0.10 seconds. Local cache hits 4 (0.22s CPU time), remote cache hits 0 (0.00s CPU time), compiled 0 variants (0.00s CPU time), skipped 0 variants.
    Prepared data for serialisation in 0.00s
Serialized binary data for shader Legacy Shaders/Diffuse in 0.00s
    d3d11 (total internal programs: 30, unique: 30)
Compiling shader "Hidden/Internal-StencilWrite"
  Pass "" (vp)
    Target graphics API: d3d11
    Full variant space:         1
    After settings filtering:   1
    After built-in stripping:   1
    After scriptable stripping: 1
    Processed in 0.00 seconds
  Pass "" (fp)
    Target graphics API: d3d11
    Full variant space:         1
    After settings filtering:   1
    After built-in stripping:   1
    After scriptable stripping: 1
    Processed in 0.00 seconds
  Pass  (vp, d3d11) finished in 0.01 seconds. Local cache hits 1 (0.01s CPU time), remote cache hits 0 (0.00s CPU time), compiled 0 variants (0.00s CPU time), skipped 0 variants.
    Prepared data for serialisation in 0.00s
  Pass  (fp, d3d11) finished in 0.02 seconds. Local cache hits 1 (0.02s CPU time), remote cache hits 0 (0.00s CPU time), compiled 0 variants (0.00s CPU time), skipped 0 variants.
    Prepared data for serialisation in 0.00s
Serialized binary data for shader Hidden/Internal-StencilWrite in 0.00s
    d3d11 (total internal programs: 2, unique: 2)
Compiling shader "Hidden/Internal-DepthNormalsTexture"
  Pass "" (vp)
    Target graphics API: d3d11
    Full variant space:         1
    After settings filtering:   1
    After built-in stripping:   1
    After scriptable stripping: 1
    Processed in 0.00 seconds
  Pass "" (fp)
    Target graphics API: d3d11
    Full variant space:         1
    After settings filtering:   1
    After built-in stripping:   1
    After scriptable stripping: 1
    Processed in 0.00 seconds
  Pass "" (vp)
    Target graphics API: d3d11
    Full variant space:         1
    After settings filtering:   1
    After built-in stripping:   1
    After scriptable stripping: 1
    Processed in 0.01 seconds
  Pass "" (fp)
    Target graphics API: d3d11
    Full variant space:         1
    After settings filtering:   1
    After built-in stripping:   1
    After scriptable stripping: 1
    Processed in 0.00 seconds
  Pass "" (vp)
    Target graphics API: d3d11
    Full variant space:         1
    After settings filtering:   1
    After built-in stripping:   1
    After scriptable stripping: 1
    Processed in 0.00 seconds
  Pass "" (fp)
    Target graphics API: d3d11
    Full variant space:         1
    After settings filtering:   1
    After built-in stripping:   1
    After scriptable stripping: 1
    Processed in 0.00 seconds
  Pass "" (vp)
    Target graphics API: d3d11
    Full variant space:         1
    After settings filtering:   1
    After built-in stripping:   1
    After scriptable stripping: 1
    Processed in 0.00 seconds
  Pass "" (fp)
    Target graphics API: d3d11
    Full variant space:         1
    After settings filtering:   1
    After built-in stripping:   1
    After scriptable stripping: 1
    Processed in 0.00 seconds
  Pass "" (vp)
    Target graphics API: d3d11
    Full variant space:         1
    After settings filtering:   1
    After built-in stripping:   1
    After scriptable stripping: 1
    Processed in 0.00 seconds
  Pass "" (fp)
    Target graphics API: d3d11
    Full variant space:         1
    After settings filtering:   1
    After built-in stripping:   1
    After scriptable stripping: 1
    Processed in 0.00 seconds
  Pass "" (vp)
    Target graphics API: d3d11
    Full variant space:         1
    After settings filtering:   1
    After built-in stripping:   1
    After scriptable stripping: 1
    Processed in 0.00 seconds
  Pass "" (fp)
    Target graphics API: d3d11
    Full variant space:         1
    After settings filtering:   1
    After built-in stripping:   1
    After scriptable stripping: 1
    Processed in 0.00 seconds
  Pass "" (vp)
    Target graphics API: d3d11
    Full variant space:         1
    After settings filtering:   1
    After built-in stripping:   1
    After scriptable stripping: 1
    Processed in 0.00 seconds
  Pass "" (fp)
    Target graphics API: d3d11
    Full variant space:         1
    After settings filtering:   1
    After built-in stripping:   1
    After scriptable stripping: 1
    Processed in 0.00 seconds
  Pass "" (vp)
    Target graphics API: d3d11
    Full variant space:         1
    After settings filtering:   1
    After built-in stripping:   1
    After scriptable stripping: 1
    Processed in 0.00 seconds
  Pass "" (fp)
    Target graphics API: d3d11
    Full variant space:         1
    After settings filtering:   1
    After built-in stripping:   1
    After scriptable stripping: 1
    Processed in 0.00 seconds
  Pass "" (vp)
    Target graphics API: d3d11
    Full variant space:         1
    After settings filtering:   1
    After built-in stripping:   1
    After scriptable stripping: 1
    Processed in 0.00 seconds
  Pass "" (fp)
    Target graphics API: d3d11
    Full variant space:         1
    After settings filtering:   1
    After built-in stripping:   1
    After scriptable stripping: 1
    Processed in 0.00 seconds
  Pass "" (vp)
    Target graphics API: d3d11
    Full variant space:         1
    After settings filtering:   1
    After built-in stripping:   1
    After scriptable stripping: 1
    Processed in 0.00 seconds
  Pass "" (fp)
    Target graphics API: d3d11
    Full variant space:         1
    After settings filtering:   1
    After built-in stripping:   1
    After scriptable stripping: 1
    Processed in 0.00 seconds
  Pass  (vp, d3d11) finished in 0.06 seconds. Local cache hits 1 (0.06s CPU time), remote cache hits 0 (0.00s CPU time), compiled 0 variants (0.00s CPU time), skipped 0 variants.
    Prepared data for serialisation in 0.00s
  Pass  (fp, d3d11) finished in 0.08 seconds. Local cache hits 1 (0.08s CPU time), remote cache hits 0 (0.00s CPU time), compiled 0 variants (0.00s CPU time), skipped 0 variants.
    Prepared data for serialisation in 0.00s
  Pass  (vp, d3d11) finished in 0.08 seconds. Local cache hits 1 (0.08s CPU time), remote cache hits 0 (0.00s CPU time), compiled 0 variants (0.00s CPU time), skipped 0 variants.
    Prepared data for serialisation in 0.00s
  Pass  (fp, d3d11) finished in 0.07 seconds. Local cache hits 1 (0.07s CPU time), remote cache hits 0 (0.00s CPU time), compiled 0 variants (0.00s CPU time), skipped 0 variants.
    Prepared data for serialisation in 0.00s
  Pass  (vp, d3d11) finished in 0.07 seconds. Local cache hits 1 (0.06s CPU time), remote cache hits 0 (0.00s CPU time), compiled 0 variants (0.00s CPU time), skipped 0 variants.
    Prepared data for serialisation in 0.00s
  Pass  (fp, d3d11) finished in 0.07 seconds. Local cache hits 1 (0.07s CPU time), remote cache hits 0 (0.00s CPU time), compiled 0 variants (0.00s CPU time), skipped 0 variants.
    Prepared data for serialisation in 0.00s
  Pass  (vp, d3d11) finished in 0.09 seconds. Local cache hits 1 (0.09s CPU time), remote cache hits 0 (0.00s CPU time), compiled 0 variants (0.00s CPU time), skipped 0 variants.
    Prepared data for serialisation in 0.00s
  Pass  (fp, d3d11) finished in 0.09 seconds. Local cache hits 1 (0.09s CPU time), remote cache hits 0 (0.00s CPU time), compiled 0 variants (0.00s CPU time), skipped 0 variants.
    Prepared data for serialisation in 0.00s
  Pass  (vp, d3d11) finished in 0.09 seconds. Local cache hits 1 (0.09s CPU time), remote cache hits 0 (0.00s CPU time), compiled 0 variants (0.00s CPU time), skipped 0 variants.
    Prepared data for serialisation in 0.00s
  Pass  (fp, d3d11) finished in 0.09 seconds. Local cache hits 1 (0.05s CPU time), remote cache hits 0 (0.00s CPU time), compiled 0 variants (0.00s CPU time), skipped 0 variants.
    Prepared data for serialisation in 0.00s
  Pass  (vp, d3d11) finished in 0.09 seconds. Local cache hits 1 (0.07s CPU time), remote cache hits 0 (0.00s CPU time), compiled 0 variants (0.00s CPU time), skipped 0 variants.
    Prepared data for serialisation in 0.00s
  Pass  (fp, d3d11) finished in 0.10 seconds. Local cache hits 1 (0.10s CPU time), remote cache hits 0 (0.00s CPU time), compiled 0 variants (0.00s CPU time), skipped 0 variants.
    Prepared data for serialisation in 0.00s
  Pass  (vp, d3d11) finished in 0.11 seconds. Local cache hits 1 (0.11s CPU time), remote cache hits 0 (0.00s CPU time), compiled 0 variants (0.00s CPU time), skipped 0 variants.
    Prepared data for serialisation in 0.00s
  Pass  (fp, d3d11) finished in 0.10 seconds. Local cache hits 1 (0.09s CPU time), remote cache hits 0 (0.00s CPU time), compiled 0 variants (0.00s CPU time), skipped 0 variants.
    Prepared data for serialisation in 0.00s
  Pass  (vp, d3d11) finished in 0.10 seconds. Local cache hits 1 (0.07s CPU time), remote cache hits 0 (0.00s CPU time), compiled 0 variants (0.00s CPU time), skipped 0 variants.
    Prepared data for serialisation in 0.00s
  Pass  (fp, d3d11) finished in 0.10 seconds. Local cache hits 1 (0.08s CPU time), remote cache hits 0 (0.00s CPU time), compiled 0 variants (0.00s CPU time), skipped 0 variants.
    Prepared data for serialisation in 0.00s
  Pass  (vp, d3d11) finished in 0.09 seconds. Local cache hits 1 (0.08s CPU time), remote cache hits 0 (0.00s CPU time), compiled 0 variants (0.00s CPU time), skipped 0 variants.
    Prepared data for serialisation in 0.00s
  Pass  (fp, d3d11) finished in 0.09 seconds. Local cache hits 1 (0.07s CPU time), remote cache hits 0 (0.00s CPU time), compiled 0 variants (0.00s CPU time), skipped 0 variants.
    Prepared data for serialisation in 0.00s
  Pass  (vp, d3d11) finished in 0.09 seconds. Local cache hits 1 (0.05s CPU time), remote cache hits 0 (0.00s CPU time), compiled 0 variants (0.00s CPU time), skipped 0 variants.
    Prepared data for serialisation in 0.00s
  Pass  (fp, d3d11) finished in 0.07 seconds. Local cache hits 1 (0.04s CPU time), remote cache hits 0 (0.00s CPU time), compiled 0 variants (0.00s CPU time), skipped 0 variants.
    Prepared data for serialisation in 0.00s
Serialized binary data for shader Hidden/Internal-DepthNormalsTexture in 0.00s
    d3d11 (total internal programs: 20, unique: 17)
Compiling shader "Hidden/Internal-ScreenSpaceShadows"
  Pass "" (vp)
    Target graphics API: d3d11
    Full variant space:         4
    After settings filtering:   4
    After built-in stripping:   4
    After scriptable stripping: 4
    Processed in 0.00 seconds
  Pass "" (fp)
    Target graphics API: d3d11
    Full variant space:         4
    After settings filtering:   4
    After built-in stripping:   4
    After scriptable stripping: 4
    Processed in 0.00 seconds
  Pass "" (vp)
    Target graphics API: d3d11
    Full variant space:         4
    After settings filtering:   4
    After built-in stripping:   4
    After scriptable stripping: 4
    Processed in 0.00 seconds
  Pass "" (fp)
    Target graphics API: d3d11
    Full variant space:         4
    After settings filtering:   4
    After built-in stripping:   4
    After scriptable stripping: 4
    Processed in 0.00 seconds
  Pass "" (vp)
    Target graphics API: d3d11
    Full variant space:         4
    After settings filtering:   4
    After built-in stripping:   4
    After scriptable stripping: 4
    Processed in 0.00 seconds
  Pass "" (fp)
    Target graphics API: d3d11
    Full variant space:         4
    After settings filtering:   4
    After built-in stripping:   4
    After scriptable stripping: 4
    Processed in 0.00 seconds
  Pass "" (vp)
    Target graphics API: d3d11
    Full variant space:         4
    After settings filtering:   4
    After built-in stripping:   4
    After scriptable stripping: 4
    Processed in 0.00 seconds
  Pass "" (fp)
    Target graphics API: d3d11
    Full variant space:         4
    After settings filtering:   4
    After built-in stripping:   4
    After scriptable stripping: 4
    Processed in 0.00 seconds
  Pass  (vp, d3d11) finished in 0.08 seconds. Local cache hits 4 (0.16s CPU time), remote cache hits 0 (0.00s CPU time), compiled 0 variants (0.00s CPU time), skipped 0 variants.
    Prepared data for serialisation in 0.00s
  Pass  (fp, d3d11) finished in 0.08 seconds. Local cache hits 4 (0.18s CPU time), remote cache hits 0 (0.00s CPU time), compiled 0 variants (0.00s CPU time), skipped 0 variants.
    Prepared data for serialisation in 0.00s
  Pass  (vp, d3d11) finished in 0.08 seconds. Local cache hits 4 (0.13s CPU time), remote cache hits 0 (0.00s CPU time), compiled 0 variants (0.00s CPU time), skipped 0 variants.
    Prepared data for serialisation in 0.00s
  Pass  (fp, d3d11) finished in 0.08 seconds. Local cache hits 4 (0.21s CPU time), remote cache hits 0 (0.00s CPU time), compiled 0 variants (0.00s CPU time), skipped 0 variants.
    Prepared data for serialisation in 0.00s
  Pass  (vp, d3d11) finished in 0.06 seconds. Local cache hits 4 (0.11s CPU time), remote cache hits 0 (0.00s CPU time), compiled 0 variants (0.00s CPU time), skipped 0 variants.
    Prepared data for serialisation in 0.00s
  Pass  (fp, d3d11) finished in 0.11 seconds. Local cache hits 4 (0.28s CPU time), remote cache hits 0 (0.00s CPU time), compiled 0 variants (0.00s CPU time), skipped 0 variants.
    Prepared data for serialisation in 0.00s
  Pass  (vp, d3d11) finished in 0.09 seconds. Local cache hits 4 (0.07s CPU time), remote cache hits 0 (0.00s CPU time), compiled 0 variants (0.00s CPU time), skipped 0 variants.
    Prepared data for serialisation in 0.00s
  Pass  (fp, d3d11) finished in 0.08 seconds. Local cache hits 4 (0.25s CPU time), remote cache hits 0 (0.00s CPU time), compiled 0 variants (0.00s CPU time), skipped 0 variants.
    Prepared data for serialisation in 0.00s
Serialized binary data for shader Hidden/Internal-ScreenSpaceShadows in 0.00s
    d3d11 (total internal programs: 32, unique: 20)
Compiling shader "Hidden/Internal-CombineDepthNormals"
  Pass "" (vp)
    Target graphics API: d3d11
    Full variant space:         1
    After settings filtering:   1
    After built-in stripping:   1
    After scriptable stripping: 1
    Processed in 0.00 seconds
  Pass "" (fp)
    Target graphics API: d3d11
    Full variant space:         1
    After settings filtering:   1
    After built-in stripping:   1
    After scriptable stripping: 1
    Processed in 0.00 seconds
  Pass  (vp, d3d11) finished in 0.02 seconds. Local cache hits 1 (0.02s CPU time), remote cache hits 0 (0.00s CPU time), compiled 0 variants (0.00s CPU time), skipped 0 variants.
    Prepared data for serialisation in 0.00s
  Pass  (fp, d3d11) finished in 0.02 seconds. Local cache hits 1 (0.02s CPU time), remote cache hits 0 (0.00s CPU time), compiled 0 variants (0.00s CPU time), skipped 0 variants.
    Prepared data for serialisation in 0.00s
Serialized binary data for shader Hidden/Internal-CombineDepthNormals in 0.00s
    d3d11 (total internal programs: 2, unique: 2)
Compiling shader "Hidden/BlitCopy"
  Pass "" (vp)
    Target graphics API: d3d11
    Full variant space:         1
    After settings filtering:   1
    After built-in stripping:   1
    After scriptable stripping: 1
    Processed in 0.00 seconds
  Pass "" (fp)
    Target graphics API: d3d11
    Full variant space:         1
    After settings filtering:   1
    After built-in stripping:   1
    After scriptable stripping: 1
    Processed in 0.00 seconds
  Pass  (vp, d3d11) finished in 0.00 seconds. Local cache hits 1 (0.00s CPU time), remote cache hits 0 (0.00s CPU time), compiled 0 variants (0.00s CPU time), skipped 0 variants.
    Prepared data for serialisation in 0.00s
  Pass  (fp, d3d11) finished in 0.00 seconds. Local cache hits 1 (0.00s CPU time), remote cache hits 0 (0.00s CPU time), compiled 0 variants (0.00s CPU time), skipped 0 variants.
    Prepared data for serialisation in 0.00s
Serialized binary data for shader Hidden/BlitCopy in 0.00s
    d3d11 (total internal programs: 2, unique: 2)
Compiling shader "Hidden/BlitCopyDepth"
  Pass "" (vp)
    Target graphics API: d3d11
    Full variant space:         1
    After settings filtering:   1
    After built-in stripping:   1
    After scriptable stripping: 1
    Processed in 0.00 seconds
  Pass "" (fp)
    Target graphics API: d3d11
    Full variant space:         1
    After settings filtering:   1
    After built-in stripping:   1
    After scriptable stripping: 1
    Processed in 0.00 seconds
  Pass  (vp, d3d11) finished in 0.03 seconds. Local cache hits 1 (0.03s CPU time), remote cache hits 0 (0.00s CPU time), compiled 0 variants (0.00s CPU time), skipped 0 variants.
    Prepared data for serialisation in 0.00s
  Pass  (fp, d3d11) finished in 0.03 seconds. Local cache hits 1 (0.02s CPU time), remote cache hits 0 (0.00s CPU time), compiled 0 variants (0.00s CPU time), skipped 0 variants.
    Prepared data for serialisation in 0.00s
Serialized binary data for shader Hidden/BlitCopyDepth in 0.00s
    d3d11 (total internal programs: 2, unique: 2)
Compiling shader "Hidden/ConvertTexture"
  Pass "" (vp)
    Target graphics API: d3d11
    Full variant space:         1
    After settings filtering:   1
    After built-in stripping:   1
    After scriptable stripping: 1
    Processed in 0.00 seconds
  Pass "" (fp)
    Target graphics API: d3d11
    Full variant space:         1
    After settings filtering:   1
    After built-in stripping:   1
    After scriptable stripping: 1
    Processed in 0.00 seconds
  Pass  (vp, d3d11) finished in 0.03 seconds. Local cache hits 1 (0.03s CPU time), remote cache hits 0 (0.00s CPU time), compiled 0 variants (0.00s CPU time), skipped 0 variants.
    Prepared data for serialisation in 0.00s
  Pass  (fp, d3d11) finished in 0.03 seconds. Local cache hits 1 (0.02s CPU time), remote cache hits 0 (0.00s CPU time), compiled 0 variants (0.00s CPU time), skipped 0 variants.
    Prepared data for serialisation in 0.00s
Serialized binary data for shader Hidden/ConvertTexture in 0.00s
    d3d11 (total internal programs: 2, unique: 2)
Compiling shader "Hidden/Internal-DeferredShading"
  Pass "" (vp)
    Target graphics API: d3d11
    Full variant space:         94
    After settings filtering:   94
    After built-in stripping:   26
    After scriptable stripping: 26
    Processed in 0.00 seconds
  Pass "" (fp)
    Target graphics API: d3d11
    Full variant space:         94
    After settings filtering:   94
    After built-in stripping:   26
    After scriptable stripping: 26
    Processed in 0.00 seconds
  Pass "" (vp)
    Target graphics API: d3d11
    Full variant space:         1
    After settings filtering:   1
    After built-in stripping:   1
    After scriptable stripping: 1
    Processed in 0.00 seconds
  Pass "" (fp)
    Target graphics API: d3d11
    Full variant space:         1
    After settings filtering:   1
    After built-in stripping:   1
    After scriptable stripping: 1
    Processed in 0.00 seconds
  Pass  (vp, d3d11) finished in 0.17 seconds. Local cache hits 26 (1.65s CPU time), remote cache hits 0 (0.00s CPU time), compiled 0 variants (0.00s CPU time), skipped 0 variants.
    Prepared data for serialisation in 0.00s
  Pass  (fp, d3d11) finished in 0.21 seconds. Local cache hits 26 (1.65s CPU time), remote cache hits 0 (0.00s CPU time), compiled 0 variants (0.00s CPU time), skipped 0 variants.
    Prepared data for serialisation in 0.00s
  Pass  (vp, d3d11) finished in 0.06 seconds. Local cache hits 1 (0.05s CPU time), remote cache hits 0 (0.00s CPU time), compiled 0 variants (0.00s CPU time), skipped 0 variants.
    Prepared data for serialisation in 0.00s
  Pass  (fp, d3d11) finished in 0.07 seconds. Local cache hits 1 (0.07s CPU time), remote cache hits 0 (0.00s CPU time), compiled 0 variants (0.00s CPU time), skipped 0 variants.
    Prepared data for serialisation in 0.00s
Serialized binary data for shader Hidden/Internal-DeferredShading in 0.00s
    d3d11 (total internal programs: 54, unique: 54)
Compiling shader "Hidden/Internal-DeferredReflections"
  Pass "" (vp)
    Target graphics API: d3d11
    Full variant space:         1
    After settings filtering:   1
    After built-in stripping:   1
    After scriptable stripping: 1
    Processed in 0.00 seconds
  Pass "" (fp)
    Target graphics API: d3d11
    Full variant space:         1
    After settings filtering:   1
    After built-in stripping:   1
    After scriptable stripping: 1
    Processed in 0.00 seconds
  Pass "" (vp)
    Target graphics API: d3d11
    Full variant space:         2
    After settings filtering:   2
    After built-in stripping:   2
    After scriptable stripping: 2
    Processed in 0.00 seconds
  Pass "" (fp)
    Target graphics API: d3d11
    Full variant space:         2
    After settings filtering:   2
    After built-in stripping:   2
    After scriptable stripping: 2
    Processed in 0.00 seconds
  Pass  (vp, d3d11) finished in 0.05 seconds. Local cache hits 1 (0.05s CPU time), remote cache hits 0 (0.00s CPU time), compiled 0 variants (0.00s CPU time), skipped 0 variants.
    Prepared data for serialisation in 0.00s
  Pass  (fp, d3d11) finished in 0.05 seconds. Local cache hits 1 (0.03s CPU time), remote cache hits 0 (0.00s CPU time), compiled 0 variants (0.00s CPU time), skipped 0 variants.
    Prepared data for serialisation in 0.00s
  Pass  (vp, d3d11) finished in 0.04 seconds. Local cache hits 2 (0.09s CPU time), remote cache hits 0 (0.00s CPU time), compiled 0 variants (0.00s CPU time), skipped 0 variants.
    Prepared data for serialisation in 0.00s
  Pass  (fp, d3d11) finished in 0.04 seconds. Local cache hits 2 (0.03s CPU time), remote cache hits 0 (0.00s CPU time), compiled 0 variants (0.00s CPU time), skipped 0 variants.
    Prepared data for serialisation in 0.00s
Serialized binary data for shader Hidden/Internal-DeferredReflections in 0.00s
    d3d11 (total internal programs: 6, unique: 6)
Compiling shader "Hidden/Internal-MotionVectors"
  Pass "" (vp)
    Target graphics API: d3d11
    Full variant space:         1
    After settings filtering:   1
    After built-in stripping:   1
    After scriptable stripping: 1
    Processed in 0.00 seconds
  Pass "" (fp)
    Target graphics API: d3d11
    Full variant space:         1
    After settings filtering:   1
    After built-in stripping:   1
    After scriptable stripping: 1
    Processed in 0.00 seconds
  Pass "" (vp)
    Target graphics API: d3d11
    Full variant space:         1
    After settings filtering:   1
    After built-in stripping:   1
    After scriptable stripping: 1
    Processed in 0.00 seconds
  Pass "" (fp)
    Target graphics API: d3d11
    Full variant space:         1
    After settings filtering:   1
    After built-in stripping:   1
    After scriptable stripping: 1
    Processed in 0.00 seconds
  Pass "" (vp)
    Target graphics API: d3d11
    Full variant space:         1
    After settings filtering:   1
    After built-in stripping:   1
    After scriptable stripping: 1
    Processed in 0.00 seconds
  Pass "" (fp)
    Target graphics API: d3d11
    Full variant space:         1
    After settings filtering:   1
    After built-in stripping:   1
    After scriptable stripping: 1
    Processed in 0.00 seconds
  Pass  (vp, d3d11) finished in 0.04 seconds. Local cache hits 1 (0.04s CPU time), remote cache hits 0 (0.00s CPU time), compiled 0 variants (0.00s CPU time), skipped 0 variants.
    Prepared data for serialisation in 0.00s
  Pass  (fp, d3d11) finished in 0.04 seconds. Local cache hits 1 (0.02s CPU time), remote cache hits 0 (0.00s CPU time), compiled 0 variants (0.00s CPU time), skipped 0 variants.
    Prepared data for serialisation in 0.00s
  Pass  (vp, d3d11) finished in 0.04 seconds. Local cache hits 1 (0.04s CPU time), remote cache hits 0 (0.00s CPU time), compiled 0 variants (0.00s CPU time), skipped 0 variants.
    Prepared data for serialisation in 0.00s
  Pass  (fp, d3d11) finished in 0.03 seconds. Local cache hits 1 (0.03s CPU time), remote cache hits 0 (0.00s CPU time), compiled 0 variants (0.00s CPU time), skipped 0 variants.
    Prepared data for serialisation in 0.00s
  Pass  (vp, d3d11) finished in 0.03 seconds. Local cache hits 1 (0.03s CPU time), remote cache hits 0 (0.00s CPU time), compiled 0 variants (0.00s CPU time), skipped 0 variants.
    Prepared data for serialisation in 0.00s
  Pass  (fp, d3d11) finished in 0.05 seconds. Local cache hits 1 (0.05s CPU time), remote cache hits 0 (0.00s CPU time), compiled 0 variants (0.00s CPU time), skipped 0 variants.
    Prepared data for serialisation in 0.00s
Serialized binary data for shader Hidden/Internal-MotionVectors in 0.00s
    d3d11 (total internal programs: 6, unique: 5)
Compiling shader "Hidden/Internal-Flare"
  Pass "" (vp)
    Target graphics API: d3d11
    Full variant space:         1
    After settings filtering:   1
    After built-in stripping:   1
    After scriptable stripping: 1
    Processed in 0.00 seconds
  Pass "" (fp)
    Target graphics API: d3d11
    Full variant space:         1
    After settings filtering:   1
    After built-in stripping:   1
    After scriptable stripping: 1
    Processed in 0.00 seconds
  Pass  (vp, d3d11) finished in 0.02 seconds. Local cache hits 1 (0.02s CPU time), remote cache hits 0 (0.00s CPU time), compiled 0 variants (0.00s CPU time), skipped 0 variants.
    Prepared data for serialisation in 0.00s
  Pass  (fp, d3d11) finished in 0.03 seconds. Local cache hits 1 (0.03s CPU time), remote cache hits 0 (0.00s CPU time), compiled 0 variants (0.00s CPU time), skipped 0 variants.
    Prepared data for serialisation in 0.00s
Serialized binary data for shader Hidden/Internal-Flare in 0.00s
    d3d11 (total internal programs: 2, unique: 2)
Compiling shader "Hidden/Internal-Halo"
  Pass "" (vp)
    Target graphics API: d3d11
    Full variant space:         4
    After settings filtering:   4
    After built-in stripping:   1
    After scriptable stripping: 1
    Processed in 0.00 seconds
  Pass "" (fp)
    Target graphics API: d3d11
    Full variant space:         4
    After settings filtering:   4
    After built-in stripping:   1
    After scriptable stripping: 1
    Processed in 0.00 seconds
  Pass  (vp, d3d11) finished in 0.03 seconds. Local cache hits 1 (0.03s CPU time), remote cache hits 0 (0.00s CPU time), compiled 0 variants (0.00s CPU time), skipped 0 variants.
    Prepared data for serialisation in 0.00s
  Pass  (fp, d3d11) finished in 0.03 seconds. Local cache hits 1 (0.02s CPU time), remote cache hits 0 (0.00s CPU time), compiled 0 variants (0.00s CPU time), skipped 0 variants.
    Prepared data for serialisation in 0.00s
Serialized binary data for shader Hidden/Internal-Halo in 0.00s
    d3d11 (total internal programs: 2, unique: 2)
Compiling shader "Skybox/Procedural"
  Pass "" (vp)
    Target graphics API: d3d11
    Full variant space:         3
    After settings filtering:   3
    After built-in stripping:   3
    After scriptable stripping: 3
    Processed in 0.00 seconds
  Pass "" (fp)
    Target graphics API: d3d11
    Full variant space:         3
    After settings filtering:   3
    After built-in stripping:   3
    After scriptable stripping: 3
    Processed in 0.00 seconds
  Pass  (vp, d3d11) finished in 0.03 seconds. Local cache hits 3 (0.06s CPU time), remote cache hits 0 (0.00s CPU time), compiled 0 variants (0.00s CPU time), skipped 0 variants.
    Prepared data for serialisation in 0.00s
  Pass  (fp, d3d11) finished in 0.03 seconds. Local cache hits 3 (0.05s CPU time), remote cache hits 0 (0.00s CPU time), compiled 0 variants (0.00s CPU time), skipped 0 variants.
    Prepared data for serialisation in 0.00s
Serialized binary data for shader Skybox/Procedural in 0.00s
    d3d11 (total internal programs: 6, unique: 6)
Compiling shader "Hidden/BlitCopyWithDepth"
  Pass "" (vp)
    Target graphics API: d3d11
    Full variant space:         1
    After settings filtering:   1
    After built-in stripping:   1
    After scriptable stripping: 1
    Processed in 0.01 seconds
  Pass "" (fp)
    Target graphics API: d3d11
    Full variant space:         1
    After settings filtering:   1
    After built-in stripping:   1
    After scriptable stripping: 1
    Processed in 0.00 seconds
  Pass  (vp, d3d11) finished in 0.00 seconds. Local cache hits 1 (0.00s CPU time), remote cache hits 0 (0.00s CPU time), compiled 0 variants (0.00s CPU time), skipped 0 variants.
    Prepared data for serialisation in 0.00s
  Pass  (fp, d3d11) finished in 0.01 seconds. Local cache hits 1 (0.01s CPU time), remote cache hits 0 (0.00s CPU time), compiled 0 variants (0.00s CPU time), skipped 0 variants.
    Prepared data for serialisation in 0.00s
Serialized binary data for shader Hidden/BlitCopyWithDepth in 0.00s
    d3d11 (total internal programs: 2, unique: 2)
Compiling shader "Hidden/BlitToDepth"
  Pass "" (vp)
    Target graphics API: d3d11
    Full variant space:         1
    After settings filtering:   1
    After built-in stripping:   1
    After scriptable stripping: 1
    Processed in 0.00 seconds
  Pass "" (fp)
    Target graphics API: d3d11
    Full variant space:         1
    After settings filtering:   1
    After built-in stripping:   1
    After scriptable stripping: 1
    Processed in 0.00 seconds
  Pass  (vp, d3d11) finished in 0.02 seconds. Local cache hits 1 (0.02s CPU time), remote cache hits 0 (0.00s CPU time), compiled 0 variants (0.00s CPU time), skipped 0 variants.
    Prepared data for serialisation in 0.00s
  Pass  (fp, d3d11) finished in 0.03 seconds. Local cache hits 1 (0.03s CPU time), remote cache hits 0 (0.00s CPU time), compiled 0 variants (0.00s CPU time), skipped 0 variants.
    Prepared data for serialisation in 0.00s
Serialized binary data for shader Hidden/BlitToDepth in 0.00s
    d3d11 (total internal programs: 2, unique: 2)
Compiling shader "Hidden/BlitToDepth_MSAA"
  Pass "" (vp)
    Target graphics API: d3d11
    Full variant space:         1
    After settings filtering:   1
    After built-in stripping:   1
    After scriptable stripping: 1
    Processed in 0.00 seconds
  Pass "" (fp)
    Target graphics API: d3d11
    Full variant space:         1
    After settings filtering:   1
    After built-in stripping:   1
    After scriptable stripping: 1
    Processed in 0.00 seconds
  Pass  (vp, d3d11) finished in 0.03 seconds. Local cache hits 1 (0.03s CPU time), remote cache hits 0 (0.00s CPU time), compiled 0 variants (0.00s CPU time), skipped 0 variants.
    Prepared data for serialisation in 0.00s
  Pass  (fp, d3d11) finished in 0.03 seconds. Local cache hits 1 (0.03s CPU time), remote cache hits 0 (0.00s CPU time), compiled 0 variants (0.00s CPU time), skipped 0 variants.
    Prepared data for serialisation in 0.00s
Serialized binary data for shader Hidden/BlitToDepth_MSAA in 0.00s
    d3d11 (total internal programs: 2, unique: 2)
Compiling shader "Hidden/BlitCopyHDRTonemap"
  Pass "" (vp)
    Target graphics API: d3d11
    Full variant space:         1
    After settings filtering:   1
    After built-in stripping:   1
    After scriptable stripping: 1
    Processed in 0.00 seconds
  Pass "" (fp)
    Target graphics API: d3d11
    Full variant space:         1
    After settings filtering:   1
    After built-in stripping:   1
    After scriptable stripping: 1
    Processed in 0.00 seconds
  Pass  (vp, d3d11) finished in 0.00 seconds. Local cache hits 1 (0.00s CPU time), remote cache hits 0 (0.00s CPU time), compiled 0 variants (0.00s CPU time), skipped 0 variants.
    Prepared data for serialisation in 0.00s
  Pass  (fp, d3d11) finished in 0.02 seconds. Local cache hits 1 (0.02s CPU time), remote cache hits 0 (0.00s CPU time), compiled 0 variants (0.00s CPU time), skipped 0 variants.
    Prepared data for serialisation in 0.00s
Serialized binary data for shader Hidden/BlitCopyHDRTonemap in 0.00s
    d3d11 (total internal programs: 2, unique: 2)
Compiling shader "Hidden/Internal-DebugPattern"
  Pass "Target Color and DepthStencil" (vp)
    Target graphics API: d3d11
    Full variant space:         1
    After settings filtering:   1
    After built-in stripping:   1
    After scriptable stripping: 1
    Processed in 0.00 seconds
  Pass "Target Color and DepthStencil" (fp)
    Target graphics API: d3d11
    Full variant space:         1
    After settings filtering:   1
    After built-in stripping:   1
    After scriptable stripping: 1
    Processed in 0.00 seconds
  Pass "Target only Color" (vp)
    Target graphics API: d3d11
    Full variant space:         1
    After settings filtering:   1
    After built-in stripping:   1
    After scriptable stripping: 1
    Processed in 0.00 seconds
  Pass "Target only Color" (fp)
    Target graphics API: d3d11
    Full variant space:         1
    After settings filtering:   1
    After built-in stripping:   1
    After scriptable stripping: 1
    Processed in 0.00 seconds
  Pass "Target only DepthStencil" (vp)
    Target graphics API: d3d11
    Full variant space:         1
    After settings filtering:   1
    After built-in stripping:   1
    After scriptable stripping: 1
    Processed in 0.00 seconds
  Pass "Target only DepthStencil" (fp)
    Target graphics API: d3d11
    Full variant space:         1
    After settings filtering:   1
    After built-in stripping:   1
    After scriptable stripping: 1
    Processed in 0.00 seconds
  Pass Target Color and DepthStencil (vp, d3d11) finished in 0.04 seconds. Local cache hits 1 (0.04s CPU time), remote cache hits 0 (0.00s CPU time), compiled 0 variants (0.00s CPU time), skipped 0 variants.
    Prepared data for serialisation in 0.00s
  Pass Target Color and DepthStencil (fp, d3d11) finished in 0.04 seconds. Local cache hits 1 (0.00s CPU time), remote cache hits 0 (0.00s CPU time), compiled 0 variants (0.00s CPU time), skipped 0 variants.
    Prepared data for serialisation in 0.00s
  Pass Target only Color (vp, d3d11) finished in 0.05 seconds. Local cache hits 1 (0.05s CPU time), remote cache hits 0 (0.00s CPU time), compiled 0 variants (0.00s CPU time), skipped 0 variants.
    Prepared data for serialisation in 0.00s
  Pass Target only Color (fp, d3d11) finished in 0.05 seconds. Local cache hits 1 (0.03s CPU time), remote cache hits 0 (0.00s CPU time), compiled 0 variants (0.00s CPU time), skipped 0 variants.
    Prepared data for serialisation in 0.00s
  Pass Target only DepthStencil (vp, d3d11) finished in 0.05 seconds. Local cache hits 1 (0.03s CPU time), remote cache hits 0 (0.00s CPU time), compiled 0 variants (0.00s CPU time), skipped 0 variants.
    Prepared data for serialisation in 0.00s
  Pass Target only DepthStencil (fp, d3d11) finished in 0.05 seconds. Local cache hits 1 (0.02s CPU time), remote cache hits 0 (0.00s CPU time), compiled 0 variants (0.00s CPU time), skipped 0 variants.
    Prepared data for serialisation in 0.00s
Serialized binary data for shader Hidden/Internal-DebugPattern in 0.00s
    d3d11 (total internal programs: 6, unique: 4)
Compiling shader "Hidden/Internal-GUITextureClip"
  Pass "" (vp)
    Target graphics API: d3d11
    Full variant space:         1
    After settings filtering:   1
    After built-in stripping:   1
    After scriptable stripping: 1
    Processed in 0.00 seconds
  Pass "" (fp)
    Target graphics API: d3d11
    Full variant space:         1
    After settings filtering:   1
    After built-in stripping:   1
    After scriptable stripping: 1
    Processed in 0.00 seconds
  Pass "" (vp)
    Target graphics API: d3d11
    Full variant space:         1
    After settings filtering:   1
    After built-in stripping:   1
    After scriptable stripping: 1
    Processed in 0.00 seconds
  Pass "" (fp)
    Target graphics API: d3d11
    Full variant space:         1
    After settings filtering:   1
    After built-in stripping:   1
    After scriptable stripping: 1
    Processed in 0.00 seconds
  Pass  (vp, d3d11) finished in 0.01 seconds. Local cache hits 1 (0.00s CPU time), remote cache hits 0 (0.00s CPU time), compiled 0 variants (0.00s CPU time), skipped 0 variants.
    Prepared data for serialisation in 0.00s
  Pass  (fp, d3d11) finished in 0.00 seconds. Local cache hits 1 (0.00s CPU time), remote cache hits 0 (0.00s CPU time), compiled 0 variants (0.00s CPU time), skipped 0 variants.
    Prepared data for serialisation in 0.00s
  Pass  (vp, d3d11) finished in 0.00 seconds. Local cache hits 1 (0.00s CPU time), remote cache hits 0 (0.00s CPU time), compiled 0 variants (0.00s CPU time), skipped 0 variants.
    Prepared data for serialisation in 0.00s
  Pass  (fp, d3d11) finished in 0.00 seconds. Local cache hits 1 (0.00s CPU time), remote cache hits 0 (0.00s CPU time), compiled 0 variants (0.00s CPU time), skipped 0 variants.
    Prepared data for serialisation in 0.00s
Serialized binary data for shader Hidden/Internal-GUITextureClip in 0.00s
    d3d11 (total internal programs: 4, unique: 2)
Compiling shader "Hidden/Internal-GUITextureClipText"
  Pass "" (vp)
    Target graphics API: d3d11
    Full variant space:         1
    After settings filtering:   1
    After built-in stripping:   1
    After scriptable stripping: 1
    Processed in 0.00 seconds
  Pass "" (fp)
    Target graphics API: d3d11
    Full variant space:         1
    After settings filtering:   1
    After built-in stripping:   1
    After scriptable stripping: 1
    Processed in 0.00 seconds
  Pass "" (vp)
    Target graphics API: d3d11
    Full variant space:         1
    After settings filtering:   1
    After built-in stripping:   1
    After scriptable stripping: 1
    Processed in 0.00 seconds
  Pass "" (fp)
    Target graphics API: d3d11
    Full variant space:         1
    After settings filtering:   1
    After built-in stripping:   1
    After scriptable stripping: 1
    Processed in 0.00 seconds
  Pass  (vp, d3d11) finished in 0.00 seconds. Local cache hits 1 (0.00s CPU time), remote cache hits 0 (0.00s CPU time), compiled 0 variants (0.00s CPU time), skipped 0 variants.
    Prepared data for serialisation in 0.00s
  Pass  (fp, d3d11) finished in 0.00 seconds. Local cache hits 1 (0.00s CPU time), remote cache hits 0 (0.00s CPU time), compiled 0 variants (0.00s CPU time), skipped 0 variants.
    Prepared data for serialisation in 0.00s
  Pass  (vp, d3d11) finished in 0.00 seconds. Local cache hits 1 (0.00s CPU time), remote cache hits 0 (0.00s CPU time), compiled 0 variants (0.00s CPU time), skipped 0 variants.
    Prepared data for serialisation in 0.00s
  Pass  (fp, d3d11) finished in 0.00 seconds. Local cache hits 1 (0.00s CPU time), remote cache hits 0 (0.00s CPU time), compiled 0 variants (0.00s CPU time), skipped 0 variants.
    Prepared data for serialisation in 0.00s
Serialized binary data for shader Hidden/Internal-GUITextureClipText in 0.00s
    d3d11 (total internal programs: 4, unique: 2)
Compiling shader "Hidden/Internal-GUITexture"
  Pass "" (vp)
    Target graphics API: d3d11
    Full variant space:         1
    After settings filtering:   1
    After built-in stripping:   1
    After scriptable stripping: 1
    Processed in 0.00 seconds
  Pass "" (fp)
    Target graphics API: d3d11
    Full variant space:         1
    After settings filtering:   1
    After built-in stripping:   1
    After scriptable stripping: 1
    Processed in 0.00 seconds
  Pass "" (vp)
    Target graphics API: d3d11
    Full variant space:         1
    After settings filtering:   1
    After built-in stripping:   1
    After scriptable stripping: 1
    Processed in 0.00 seconds
  Pass "" (fp)
    Target graphics API: d3d11
    Full variant space:         1
    After settings filtering:   1
    After built-in stripping:   1
    After scriptable stripping: 1
    Processed in 0.00 seconds
  Pass  (vp, d3d11) finished in 0.00 seconds. Local cache hits 1 (0.00s CPU time), remote cache hits 0 (0.00s CPU time), compiled 0 variants (0.00s CPU time), skipped 0 variants.
    Prepared data for serialisation in 0.00s
  Pass  (fp, d3d11) finished in 0.00 seconds. Local cache hits 1 (0.00s CPU time), remote cache hits 0 (0.00s CPU time), compiled 0 variants (0.00s CPU time), skipped 0 variants.
    Prepared data for serialisation in 0.00s
  Pass  (vp, d3d11) finished in 0.00 seconds. Local cache hits 1 (0.00s CPU time), remote cache hits 0 (0.00s CPU time), compiled 0 variants (0.00s CPU time), skipped 0 variants.
    Prepared data for serialisation in 0.00s
  Pass  (fp, d3d11) finished in 0.00 seconds. Local cache hits 1 (0.00s CPU time), remote cache hits 0 (0.00s CPU time), compiled 0 variants (0.00s CPU time), skipped 0 variants.
    Prepared data for serialisation in 0.00s
Serialized binary data for shader Hidden/Internal-GUITexture in 0.00s
    d3d11 (total internal programs: 4, unique: 2)
Compiling shader "Hidden/Internal-GUITextureBlit"
  Pass "" (vp)
    Target graphics API: d3d11
    Full variant space:         1
    After settings filtering:   1
    After built-in stripping:   1
    After scriptable stripping: 1
    Processed in 0.00 seconds
  Pass "" (fp)
    Target graphics API: d3d11
    Full variant space:         1
    After settings filtering:   1
    After built-in stripping:   1
    After scriptable stripping: 1
    Processed in 0.00 seconds
  Pass "" (vp)
    Target graphics API: d3d11
    Full variant space:         1
    After settings filtering:   1
    After built-in stripping:   1
    After scriptable stripping: 1
    Processed in 0.00 seconds
  Pass "" (fp)
    Target graphics API: d3d11
    Full variant space:         1
    After settings filtering:   1
    After built-in stripping:   1
    After scriptable stripping: 1
    Processed in 0.00 seconds
  Pass  (vp, d3d11) finished in 0.00 seconds. Local cache hits 1 (0.00s CPU time), remote cache hits 0 (0.00s CPU time), compiled 0 variants (0.00s CPU time), skipped 0 variants.
    Prepared data for serialisation in 0.00s
  Pass  (fp, d3d11) finished in 0.00 seconds. Local cache hits 1 (0.00s CPU time), remote cache hits 0 (0.00s CPU time), compiled 0 variants (0.00s CPU time), skipped 0 variants.
    Prepared data for serialisation in 0.00s
  Pass  (vp, d3d11) finished in 0.00 seconds. Local cache hits 1 (0.00s CPU time), remote cache hits 0 (0.00s CPU time), compiled 0 variants (0.00s CPU time), skipped 0 variants.
    Prepared data for serialisation in 0.00s
  Pass  (fp, d3d11) finished in 0.00 seconds. Local cache hits 1 (0.00s CPU time), remote cache hits 0 (0.00s CPU time), compiled 0 variants (0.00s CPU time), skipped 0 variants.
    Prepared data for serialisation in 0.00s
Serialized binary data for shader Hidden/Internal-GUITextureBlit in 0.00s
    d3d11 (total internal programs: 4, unique: 2)
Compiling shader "Hidden/Internal-GUIRoundedRect"
  Pass "" (vp)
    Target graphics API: d3d11
    Full variant space:         1
    After settings filtering:   1
    After built-in stripping:   1
    After scriptable stripping: 1
    Processed in 0.00 seconds
  Pass "" (fp)
    Target graphics API: d3d11
    Full variant space:         1
    After settings filtering:   1
    After built-in stripping:   1
    After scriptable stripping: 1
    Processed in 0.00 seconds
  Pass "" (vp)
    Target graphics API: d3d11
    Full variant space:         1
    After settings filtering:   1
    After built-in stripping:   1
    After scriptable stripping: 1
    Processed in 0.00 seconds
  Pass "" (fp)
    Target graphics API: d3d11
    Full variant space:         1
    After settings filtering:   1
    After built-in stripping:   1
    After scriptable stripping: 1
    Processed in 0.00 seconds
  Pass  (vp, d3d11) finished in 0.00 seconds. Local cache hits 1 (0.00s CPU time), remote cache hits 0 (0.00s CPU time), compiled 0 variants (0.00s CPU time), skipped 0 variants.
    Prepared data for serialisation in 0.00s
  Pass  (fp, d3d11) finished in 0.00 seconds. Local cache hits 1 (0.00s CPU time), remote cache hits 0 (0.00s CPU time), compiled 0 variants (0.00s CPU time), skipped 0 variants.
    Prepared data for serialisation in 0.00s
  Pass  (vp, d3d11) finished in 0.00 seconds. Local cache hits 1 (0.00s CPU time), remote cache hits 0 (0.00s CPU time), compiled 0 variants (0.00s CPU time), skipped 0 variants.
    Prepared data for serialisation in 0.00s
  Pass  (fp, d3d11) finished in 0.00 seconds. Local cache hits 1 (0.00s CPU time), remote cache hits 0 (0.00s CPU time), compiled 0 variants (0.00s CPU time), skipped 0 variants.
    Prepared data for serialisation in 0.00s
Serialized binary data for shader Hidden/Internal-GUIRoundedRect in 0.00s
    d3d11 (total internal programs: 4, unique: 2)
Compiling shader "Hidden/Internal-GUIRoundedRectWithColorPerBorder"
  Pass "" (vp)
    Target graphics API: d3d11
    Full variant space:         1
    After settings filtering:   1
    After built-in stripping:   1
    After scriptable stripping: 1
    Processed in 0.00 seconds
  Pass "" (fp)
    Target graphics API: d3d11
    Full variant space:         1
    After settings filtering:   1
    After built-in stripping:   1
    After scriptable stripping: 1
    Processed in 0.00 seconds
  Pass "" (vp)
    Target graphics API: d3d11
    Full variant space:         1
    After settings filtering:   1
    After built-in stripping:   1
    After scriptable stripping: 1
    Processed in 0.00 seconds
  Pass "" (fp)
    Target graphics API: d3d11
    Full variant space:         1
    After settings filtering:   1
    After built-in stripping:   1
    After scriptable stripping: 1
    Processed in 0.00 seconds
  Pass  (vp, d3d11) finished in 0.00 seconds. Local cache hits 1 (0.00s CPU time), remote cache hits 0 (0.00s CPU time), compiled 0 variants (0.00s CPU time), skipped 0 variants.
    Prepared data for serialisation in 0.00s
  Pass  (fp, d3d11) finished in 0.00 seconds. Local cache hits 1 (0.00s CPU time), remote cache hits 0 (0.00s CPU time), compiled 0 variants (0.00s CPU time), skipped 0 variants.
    Prepared data for serialisation in 0.00s
  Pass  (vp, d3d11) finished in 0.00 seconds. Local cache hits 1 (0.00s CPU time), remote cache hits 0 (0.00s CPU time), compiled 0 variants (0.00s CPU time), skipped 0 variants.
    Prepared data for serialisation in 0.00s
  Pass  (fp, d3d11) finished in 0.00 seconds. Local cache hits 1 (0.00s CPU time), remote cache hits 0 (0.00s CPU time), compiled 0 variants (0.00s CPU time), skipped 0 variants.
    Prepared data for serialisation in 0.00s
Serialized binary data for shader Hidden/Internal-GUIRoundedRectWithColorPerBorder in 0.00s
    d3d11 (total internal programs: 4, unique: 2)
Compiling shader "Hidden/Internal-UIRDefault"
  Pass "" (vp)
    Target graphics API: d3d11
    Full variant space:         40
    After settings filtering:   40
    After built-in stripping:   40
    After scriptable stripping: 40
    Processed in 0.00 seconds
  Pass "" (fp)
    Target graphics API: d3d11
    Full variant space:         40
    After settings filtering:   40
    After built-in stripping:   40
    After scriptable stripping: 40
    Processed in 0.00 seconds
  Pass  (vp, d3d11) finished in 0.21 seconds. Local cache hits 40 (2.10s CPU time), remote cache hits 0 (0.00s CPU time), compiled 0 variants (0.00s CPU time), skipped 0 variants.
    Prepared data for serialisation in 0.00s
  Pass  (fp, d3d11) finished in 0.21 seconds. Local cache hits 40 (1.97s CPU time), remote cache hits 0 (0.00s CPU time), compiled 0 variants (0.00s CPU time), skipped 0 variants.
    Prepared data for serialisation in 0.00s
Serialized binary data for shader Hidden/Internal-UIRDefault in 0.00s
    d3d11 (total internal programs: 80, unique: 80)
Compiling shader "Hidden/Internal-UIRAtlasBlitCopy"
  Pass "" (vp)
    Target graphics API: d3d11
    Full variant space:         1
    After settings filtering:   1
    After built-in stripping:   1
    After scriptable stripping: 1
    Processed in 0.00 seconds
  Pass "" (fp)
    Target graphics API: d3d11
    Full variant space:         1
    After settings filtering:   1
    After built-in stripping:   1
    After scriptable stripping: 1
    Processed in 0.00 seconds
  Pass  (vp, d3d11) finished in 0.00 seconds. Local cache hits 1 (0.00s CPU time), remote cache hits 0 (0.00s CPU time), compiled 0 variants (0.00s CPU time), skipped 0 variants.
    Prepared data for serialisation in 0.00s
  Pass  (fp, d3d11) finished in 0.00 seconds. Local cache hits 1 (0.00s CPU time), remote cache hits 0 (0.00s CPU time), compiled 0 variants (0.00s CPU time), skipped 0 variants.
    Prepared data for serialisation in 0.00s
Serialized binary data for shader Hidden/Internal-UIRAtlasBlitCopy in 0.00s
    d3d11 (total internal programs: 2, unique: 2)
Compiling shader "Hidden/Nature/Terrain/Utilities"
Serialized binary data for shader Hidden/Nature/Terrain/Utilities in 0.00s
    d3d11 (total internal programs: 0, unique: 0)
Compiling shader "Sprites/Default"
  Pass "" (vp)
    Target graphics API: d3d11
    Full variant space:         8
    After settings filtering:   8
    After built-in stripping:   4
    After scriptable stripping: 4
    Processed in 0.00 seconds
  Pass "" (fp)
    Target graphics API: d3d11
    Full variant space:         8
    After settings filtering:   8
    After built-in stripping:   4
    After scriptable stripping: 4
    Processed in 0.00 seconds
  Pass  (vp, d3d11) finished in 0.05 seconds. Local cache hits 4 (0.11s CPU time), remote cache hits 0 (0.00s CPU time), compiled 0 variants (0.00s CPU time), skipped 0 variants.
    Prepared data for serialisation in 0.00s
  Pass  (fp, d3d11) finished in 0.05 seconds. Local cache hits 4 (0.10s CPU time), remote cache hits 0 (0.00s CPU time), compiled 0 variants (0.00s CPU time), skipped 0 variants.
    Prepared data for serialisation in 0.00s
Serialized binary data for shader Sprites/Default in 0.00s
    d3d11 (total internal programs: 8, unique: 8)
Compiling shader "Sprites/Mask"
  Pass "" (vp)
    Target graphics API: d3d11
    Full variant space:         4
    After settings filtering:   4
    After built-in stripping:   4
    After scriptable stripping: 4
    Processed in 0.00 seconds
  Pass "" (fp)
    Target graphics API: d3d11
    Full variant space:         4
    After settings filtering:   4
    After built-in stripping:   4
    After scriptable stripping: 4
    Processed in 0.00 seconds
  Pass  (vp, d3d11) finished in 0.05 seconds. Local cache hits 4 (0.11s CPU time), remote cache hits 0 (0.00s CPU time), compiled 0 variants (0.00s CPU time), skipped 0 variants.
    Prepared data for serialisation in 0.00s
  Pass  (fp, d3d11) finished in 0.05 seconds. Local cache hits 4 (0.14s CPU time), remote cache hits 0 (0.00s CPU time), compiled 0 variants (0.00s CPU time), skipped 0 variants.
    Prepared data for serialisation in 0.00s
Serialized binary data for shader Sprites/Mask in 0.00s
    d3d11 (total internal programs: 8, unique: 8)
Compiling shader "UI/Default"
  Pass "Default" (vp)
    Target graphics API: d3d11
    Full variant space:         4
    After settings filtering:   4
    After built-in stripping:   4
    After scriptable stripping: 4
    Processed in 0.00 seconds
  Pass "Default" (fp)
    Target graphics API: d3d11
    Full variant space:         4
    After settings filtering:   4
    After built-in stripping:   4
    After scriptable stripping: 4
    Processed in 0.00 seconds
  Pass Default (vp, d3d11) finished in 0.05 seconds. Local cache hits 4 (0.12s CPU time), remote cache hits 0 (0.00s CPU time), compiled 0 variants (0.00s CPU time), skipped 0 variants.
    Prepared data for serialisation in 0.00s
  Pass Default (fp, d3d11) finished in 0.05 seconds. Local cache hits 4 (0.12s CPU time), remote cache hits 0 (0.00s CPU time), compiled 0 variants (0.00s CPU time), skipped 0 variants.
    Prepared data for serialisation in 0.00s
Serialized binary data for shader UI/Default in 0.00s
    d3d11 (total internal programs: 8, unique: 8)
Compiling shader "UI/DefaultETC1"
  Pass "Default" (vp)
    Target graphics API: d3d11
    Full variant space:         4
    After settings filtering:   4
    After built-in stripping:   4
    After scriptable stripping: 4
    Processed in 0.00 seconds
  Pass "Default" (fp)
    Target graphics API: d3d11
    Full variant space:         4
    After settings filtering:   4
    After built-in stripping:   4
    After scriptable stripping: 4
    Processed in 0.00 seconds
  Pass Default (vp, d3d11) finished in 0.01 seconds. Local cache hits 4 (0.02s CPU time), remote cache hits 0 (0.00s CPU time), compiled 0 variants (0.00s CPU time), skipped 0 variants.
    Prepared data for serialisation in 0.00s
  Pass Default (fp, d3d11) finished in 0.04 seconds. Local cache hits 4 (0.09s CPU time), remote cache hits 0 (0.00s CPU time), compiled 0 variants (0.00s CPU time), skipped 0 variants.
    Prepared data for serialisation in 0.00s
Serialized binary data for shader UI/DefaultETC1 in 0.00s
    d3d11 (total internal programs: 8, unique: 8)
Compiling shader "Hidden/CubeBlur"
  Pass "" (vp)
    Target graphics API: d3d11
    Full variant space:         1
    After settings filtering:   1
    After built-in stripping:   1
    After scriptable stripping: 1
    Processed in 0.00 seconds
  Pass "" (fp)
    Target graphics API: d3d11
    Full variant space:         1
    After settings filtering:   1
    After built-in stripping:   1
    After scriptable stripping: 1
    Processed in 0.00 seconds
  Pass "" (vp)
    Target graphics API: d3d11
    Full variant space:         1
    After settings filtering:   1
    After built-in stripping:   1
    After scriptable stripping: 1
    Processed in 0.00 seconds
  Pass "" (fp)
    Target graphics API: d3d11
    Full variant space:         1
    After settings filtering:   1
    After built-in stripping:   1
    After scriptable stripping: 1
    Processed in 0.00 seconds
  Pass  (vp, d3d11) finished in 0.03 seconds. Local cache hits 1 (0.03s CPU time), remote cache hits 0 (0.00s CPU time), compiled 0 variants (0.00s CPU time), skipped 0 variants.
    Prepared data for serialisation in 0.00s
  Pass  (fp, d3d11) finished in 0.04 seconds. Local cache hits 1 (0.04s CPU time), remote cache hits 0 (0.00s CPU time), compiled 0 variants (0.00s CPU time), skipped 0 variants.
    Prepared data for serialisation in 0.00s
  Pass  (vp, d3d11) finished in 0.04 seconds. Local cache hits 1 (0.03s CPU time), remote cache hits 0 (0.00s CPU time), compiled 0 variants (0.00s CPU time), skipped 0 variants.
    Prepared data for serialisation in 0.00s
  Pass  (fp, d3d11) finished in 0.04 seconds. Local cache hits 1 (0.04s CPU time), remote cache hits 0 (0.00s CPU time), compiled 0 variants (0.00s CPU time), skipped 0 variants.
    Prepared data for serialisation in 0.00s
Serialized binary data for shader Hidden/CubeBlur in 0.00s
    d3d11 (total internal programs: 4, unique: 3)
Compiling shader "Hidden/CubeCopy"
  Pass "" (vp)
    Target graphics API: d3d11
    Full variant space:         1
    After settings filtering:   1
    After built-in stripping:   1
    After scriptable stripping: 1
    Processed in 0.00 seconds
  Pass "" (fp)
    Target graphics API: d3d11
    Full variant space:         1
    After settings filtering:   1
    After built-in stripping:   1
    After scriptable stripping: 1
    Processed in 0.00 seconds
  Pass "" (vp)
    Target graphics API: d3d11
    Full variant space:         1
    After settings filtering:   1
    After built-in stripping:   1
    After scriptable stripping: 1
    Processed in 0.01 seconds
  Pass "" (fp)
    Target graphics API: d3d11
    Full variant space:         1
    After settings filtering:   1
    After built-in stripping:   1
    After scriptable stripping: 1
    Processed in 0.00 seconds
  Pass  (vp, d3d11) finished in 0.01 seconds. Local cache hits 1 (0.01s CPU time), remote cache hits 0 (0.00s CPU time), compiled 0 variants (0.00s CPU time), skipped 0 variants.
    Prepared data for serialisation in 0.00s
  Pass  (fp, d3d11) finished in 0.01 seconds. Local cache hits 1 (0.01s CPU time), remote cache hits 0 (0.00s CPU time), compiled 0 variants (0.00s CPU time), skipped 0 variants.
    Prepared data for serialisation in 0.00s
  Pass  (vp, d3d11) finished in 0.01 seconds. Local cache hits 1 (0.01s CPU time), remote cache hits 0 (0.00s CPU time), compiled 0 variants (0.00s CPU time), skipped 0 variants.
    Prepared data for serialisation in 0.00s
  Pass  (fp, d3d11) finished in 0.01 seconds. Local cache hits 1 (0.00s CPU time), remote cache hits 0 (0.00s CPU time), compiled 0 variants (0.00s CPU time), skipped 0 variants.
    Prepared data for serialisation in 0.00s
Serialized binary data for shader Hidden/CubeCopy in 0.00s
    d3d11 (total internal programs: 4, unique: 2)
Compiling shader "Hidden/CubeBlend"
  Pass "" (vp)
    Target graphics API: d3d11
    Full variant space:         1
    After settings filtering:   1
    After built-in stripping:   1
    After scriptable stripping: 1
    Processed in 0.00 seconds
  Pass "" (fp)
    Target graphics API: d3d11
    Full variant space:         1
    After settings filtering:   1
    After built-in stripping:   1
    After scriptable stripping: 1
    Processed in 0.00 seconds
  Pass "" (vp)
    Target graphics API: d3d11
    Full variant space:         1
    After settings filtering:   1
    After built-in stripping:   1
    After scriptable stripping: 1
    Processed in 0.00 seconds
  Pass "" (fp)
    Target graphics API: d3d11
    Full variant space:         1
    After settings filtering:   1
    After built-in stripping:   1
    After scriptable stripping: 1
    Processed in 0.00 seconds
  Pass  (vp, d3d11) finished in 0.04 seconds. Local cache hits 1 (0.04s CPU time), remote cache hits 0 (0.00s CPU time), compiled 0 variants (0.00s CPU time), skipped 0 variants.
    Prepared data for serialisation in 0.00s
  Pass  (fp, d3d11) finished in 0.04 seconds. Local cache hits 1 (0.04s CPU time), remote cache hits 0 (0.00s CPU time), compiled 0 variants (0.00s CPU time), skipped 0 variants.
    Prepared data for serialisation in 0.00s
  Pass  (vp, d3d11) finished in 0.03 seconds. Local cache hits 1 (0.03s CPU time), remote cache hits 0 (0.00s CPU time), compiled 0 variants (0.00s CPU time), skipped 0 variants.
    Prepared data for serialisation in 0.00s
  Pass  (fp, d3d11) finished in 0.03 seconds. Local cache hits 1 (0.03s CPU time), remote cache hits 0 (0.00s CPU time), compiled 0 variants (0.00s CPU time), skipped 0 variants.
    Prepared data for serialisation in 0.00s
Serialized binary data for shader Hidden/CubeBlend in 0.00s
    d3d11 (total internal programs: 4, unique: 2)
Compiling shader "Hidden/VR/BlitTexArraySlice"
  Pass "" (vp)
    Target graphics API: d3d11
    Full variant space:         1
    After settings filtering:   1
    After built-in stripping:   1
    After scriptable stripping: 1
    Processed in 0.00 seconds
  Pass "" (fp)
    Target graphics API: d3d11
    Full variant space:         1
    After settings filtering:   1
    After built-in stripping:   1
    After scriptable stripping: 1
    Processed in 0.00 seconds
  Pass  (vp, d3d11) finished in 0.01 seconds. Local cache hits 1 (0.01s CPU time), remote cache hits 0 (0.00s CPU time), compiled 0 variants (0.00s CPU time), skipped 0 variants.
    Prepared data for serialisation in 0.00s
  Pass  (fp, d3d11) finished in 0.05 seconds. Local cache hits 1 (0.05s CPU time), remote cache hits 0 (0.00s CPU time), compiled 0 variants (0.00s CPU time), skipped 0 variants.
    Prepared data for serialisation in 0.00s
Serialized binary data for shader Hidden/VR/BlitTexArraySlice in 0.00s
    d3d11 (total internal programs: 2, unique: 2)
Compiling shader "Hidden/Internal-ODSWorldTexture"
  Pass "" (vp)
    Target graphics API: d3d11
    Full variant space:         1
    After settings filtering:   1
    After built-in stripping:   1
    After scriptable stripping: 1
    Processed in 0.00 seconds
  Pass "" (fp)
    Target graphics API: d3d11
    Full variant space:         1
    After settings filtering:   1
    After built-in stripping:   1
    After scriptable stripping: 1
    Processed in 0.00 seconds
  Pass "" (vp)
    Target graphics API: d3d11
    Full variant space:         1
    After settings filtering:   1
    After built-in stripping:   1
    After scriptable stripping: 1
    Processed in 0.00 seconds
  Pass "" (fp)
    Target graphics API: d3d11
    Full variant space:         1
    After settings filtering:   1
    After built-in stripping:   1
    After scriptable stripping: 1
    Processed in 0.00 seconds
  Pass "" (vp)
    Target graphics API: d3d11
    Full variant space:         1
    After settings filtering:   1
    After built-in stripping:   1
    After scriptable stripping: 1
    Processed in 0.00 seconds
  Pass "" (fp)
    Target graphics API: d3d11
    Full variant space:         1
    After settings filtering:   1
    After built-in stripping:   1
    After scriptable stripping: 1
    Processed in 0.00 seconds
  Pass "" (vp)
    Target graphics API: d3d11
    Full variant space:         1
    After settings filtering:   1
    After built-in stripping:   1
    After scriptable stripping: 1
    Processed in 0.00 seconds
  Pass "" (fp)
    Target graphics API: d3d11
    Full variant space:         1
    After settings filtering:   1
    After built-in stripping:   1
    After scriptable stripping: 1
    Processed in 0.00 seconds
  Pass "" (vp)
    Target graphics API: d3d11
    Full variant space:         1
    After settings filtering:   1
    After built-in stripping:   1
    After scriptable stripping: 1
    Processed in 0.00 seconds
  Pass "" (fp)
    Target graphics API: d3d11
    Full variant space:         1
    After settings filtering:   1
    After built-in stripping:   1
    After scriptable stripping: 1
    Processed in 0.00 seconds
  Pass "" (vp)
    Target graphics API: d3d11
    Full variant space:         1
    After settings filtering:   1
    After built-in stripping:   1
    After scriptable stripping: 1
    Processed in 0.00 seconds
  Pass "" (fp)
    Target graphics API: d3d11
    Full variant space:         1
    After settings filtering:   1
    After built-in stripping:   1
    After scriptable stripping: 1
    Processed in 0.00 seconds
  Pass "" (vp)
    Target graphics API: d3d11
    Full variant space:         1
    After settings filtering:   1
    After built-in stripping:   1
    After scriptable stripping: 1
    Processed in 0.00 seconds
  Pass "" (fp)
    Target graphics API: d3d11
    Full variant space:         1
    After settings filtering:   1
    After built-in stripping:   1
    After scriptable stripping: 1
    Processed in 0.01 seconds
  Pass "" (vp)
    Target graphics API: d3d11
    Full variant space:         1
    After settings filtering:   1
    After built-in stripping:   1
    After scriptable stripping: 1
    Processed in 0.00 seconds
  Pass "" (fp)
    Target graphics API: d3d11
    Full variant space:         1
    After settings filtering:   1
    After built-in stripping:   1
    After scriptable stripping: 1
    Processed in 0.00 seconds
  Pass "" (vp)
    Target graphics API: d3d11
    Full variant space:         1
    After settings filtering:   1
    After built-in stripping:   1
    After scriptable stripping: 1
    Processed in 0.00 seconds
  Pass "" (fp)
    Target graphics API: d3d11
    Full variant space:         1
    After settings filtering:   1
    After built-in stripping:   1
    After scriptable stripping: 1
    Processed in 0.00 seconds
  Pass "" (vp)
    Target graphics API: d3d11
    Full variant space:         1
    After settings filtering:   1
    After built-in stripping:   1
    After scriptable stripping: 1
    Processed in 0.00 seconds
  Pass "" (fp)
    Target graphics API: d3d11
    Full variant space:         1
    After settings filtering:   1
    After built-in stripping:   1
    After scriptable stripping: 1
    Processed in 0.00 seconds
  Pass  (vp, d3d11) finished in 0.07 seconds. Local cache hits 1 (0.07s CPU time), remote cache hits 0 (0.00s CPU time), compiled 0 variants (0.00s CPU time), skipped 0 variants.
    Prepared data for serialisation in 0.00s
  Pass  (fp, d3d11) finished in 0.07 seconds. Local cache hits 1 (0.05s CPU time), remote cache hits 0 (0.00s CPU time), compiled 0 variants (0.00s CPU time), skipped 0 variants.
    Prepared data for serialisation in 0.00s
  Pass  (vp, d3d11) finished in 0.07 seconds. Local cache hits 1 (0.04s CPU time), remote cache hits 0 (0.00s CPU time), compiled 0 variants (0.00s CPU time), skipped 0 variants.
    Prepared data for serialisation in 0.00s
  Pass  (fp, d3d11) finished in 0.07 seconds. Local cache hits 1 (0.04s CPU time), remote cache hits 0 (0.00s CPU time), compiled 0 variants (0.00s CPU time), skipped 0 variants.
    Prepared data for serialisation in 0.00s
  Pass  (vp, d3d11) finished in 0.07 seconds. Local cache hits 1 (0.04s CPU time), remote cache hits 0 (0.00s CPU time), compiled 0 variants (0.00s CPU time), skipped 0 variants.
    Prepared data for serialisation in 0.00s
  Pass  (fp, d3d11) finished in 0.07 seconds. Local cache hits 1 (0.03s CPU time), remote cache hits 0 (0.00s CPU time), compiled 0 variants (0.00s CPU time), skipped 0 variants.
    Prepared data for serialisation in 0.00s
  Pass  (vp, d3d11) finished in 0.07 seconds. Local cache hits 1 (0.07s CPU time), remote cache hits 0 (0.00s CPU time), compiled 0 variants (0.00s CPU time), skipped 0 variants.
    Prepared data for serialisation in 0.00s
  Pass  (fp, d3d11) finished in 0.07 seconds. Local cache hits 1 (0.04s CPU time), remote cache hits 0 (0.00s CPU time), compiled 0 variants (0.00s CPU time), skipped 0 variants.
    Prepared data for serialisation in 0.00s
  Pass  (vp, d3d11) finished in 0.07 seconds. Local cache hits 1 (0.04s CPU time), remote cache hits 0 (0.00s CPU time), compiled 0 variants (0.00s CPU time), skipped 0 variants.
    Prepared data for serialisation in 0.00s
  Pass  (fp, d3d11) finished in 0.06 seconds. Local cache hits 1 (0.03s CPU time), remote cache hits 0 (0.00s CPU time), compiled 0 variants (0.00s CPU time), skipped 0 variants.
    Prepared data for serialisation in 0.00s
  Pass  (vp, d3d11) finished in 0.05 seconds. Local cache hits 1 (0.02s CPU time), remote cache hits 0 (0.00s CPU time), compiled 0 variants (0.00s CPU time), skipped 0 variants.
    Prepared data for serialisation in 0.00s
  Pass  (fp, d3d11) finished in 0.04 seconds. Local cache hits 1 (0.04s CPU time), remote cache hits 0 (0.00s CPU time), compiled 0 variants (0.00s CPU time), skipped 0 variants.
    Prepared data for serialisation in 0.00s
  Pass  (vp, d3d11) finished in 0.05 seconds. Local cache hits 1 (0.05s CPU time), remote cache hits 0 (0.00s CPU time), compiled 0 variants (0.00s CPU time), skipped 0 variants.
    Prepared data for serialisation in 0.00s
  Pass  (fp, d3d11) finished in 0.05 seconds. Local cache hits 1 (0.04s CPU time), remote cache hits 0 (0.00s CPU time), compiled 0 variants (0.00s CPU time), skipped 0 variants.
    Prepared data for serialisation in 0.00s
  Pass  (vp, d3d11) finished in 0.05 seconds. Local cache hits 1 (0.03s CPU time), remote cache hits 0 (0.00s CPU time), compiled 0 variants (0.00s CPU time), skipped 0 variants.
    Prepared data for serialisation in 0.00s
  Pass  (fp, d3d11) finished in 0.05 seconds. Local cache hits 1 (0.04s CPU time), remote cache hits 0 (0.00s CPU time), compiled 0 variants (0.00s CPU time), skipped 0 variants.
    Prepared data for serialisation in 0.00s
  Pass  (vp, d3d11) finished in 0.05 seconds. Local cache hits 1 (0.03s CPU time), remote cache hits 0 (0.00s CPU time), compiled 0 variants (0.00s CPU time), skipped 0 variants.
    Prepared data for serialisation in 0.00s
  Pass  (fp, d3d11) finished in 0.07 seconds. Local cache hits 1 (0.07s CPU time), remote cache hits 0 (0.00s CPU time), compiled 0 variants (0.00s CPU time), skipped 0 variants.
    Prepared data for serialisation in 0.00s
  Pass  (vp, d3d11) finished in 0.07 seconds. Local cache hits 1 (0.05s CPU time), remote cache hits 0 (0.00s CPU time), compiled 0 variants (0.00s CPU time), skipped 0 variants.
    Prepared data for serialisation in 0.00s
  Pass  (fp, d3d11) finished in 0.07 seconds. Local cache hits 1 (0.05s CPU time), remote cache hits 0 (0.00s CPU time), compiled 0 variants (0.00s CPU time), skipped 0 variants.
    Prepared data for serialisation in 0.00s
Serialized binary data for shader Hidden/Internal-ODSWorldTexture in 0.00s
    d3d11 (total internal programs: 20, unique: 15)
Compiling shader "Hidden/Internal-CubemapToEquirect"
  Pass "" (vp)
    Target graphics API: d3d11
    Full variant space:         1
    After settings filtering:   1
    After built-in stripping:   1
    After scriptable stripping: 1
    Processed in 0.00 seconds
  Pass "" (fp)
    Target graphics API: d3d11
    Full variant space:         1
    After settings filtering:   1
    After built-in stripping:   1
    After scriptable stripping: 1
    Processed in 0.00 seconds
  Pass  (vp, d3d11) finished in 0.01 seconds. Local cache hits 1 (0.01s CPU time), remote cache hits 0 (0.00s CPU time), compiled 0 variants (0.00s CPU time), skipped 0 variants.
    Prepared data for serialisation in 0.00s
  Pass  (fp, d3d11) finished in 0.02 seconds. Local cache hits 1 (0.02s CPU time), remote cache hits 0 (0.00s CPU time), compiled 0 variants (0.00s CPU time), skipped 0 variants.
    Prepared data for serialisation in 0.00s
Serialized binary data for shader Hidden/Internal-CubemapToEquirect in 0.00s
    d3d11 (total internal programs: 2, unique: 2)
Compiling shader "Hidden/VR/BlitFromTex2DToTexArraySlice"
  Pass "" (vp)
    Target graphics API: d3d11
    Full variant space:         1
    After settings filtering:   1
    After built-in stripping:   1
    After scriptable stripping: 1
    Processed in 0.00 seconds
  Pass "" (fp)
    Target graphics API: d3d11
    Full variant space:         1
    After settings filtering:   1
    After built-in stripping:   1
    After scriptable stripping: 1
    Processed in 0.00 seconds
  Pass "" (vp)
    Target graphics API: d3d11
    Full variant space:         1
    After settings filtering:   1
    After built-in stripping:   1
    After scriptable stripping: 1
    Processed in 0.00 seconds
  Pass "" (fp)
    Target graphics API: d3d11
    Full variant space:         1
    After settings filtering:   1
    After built-in stripping:   1
    After scriptable stripping: 1
    Processed in 0.00 seconds
  Pass "" (gp)
    Target graphics API: d3d11
    Full variant space:         1
    After settings filtering:   1
    After built-in stripping:   1
    After scriptable stripping: 1
    Processed in 0.00 seconds
  Pass  (vp, d3d11) finished in 0.04 seconds. Local cache hits 1 (0.04s CPU time), remote cache hits 0 (0.00s CPU time), compiled 0 variants (0.00s CPU time), skipped 0 variants.
    Prepared data for serialisation in 0.00s
  Pass  (fp, d3d11) finished in 0.04 seconds. Local cache hits 1 (0.04s CPU time), remote cache hits 0 (0.00s CPU time), compiled 0 variants (0.00s CPU time), skipped 0 variants.
    Prepared data for serialisation in 0.00s
  Pass  (vp, d3d11) finished in 0.04 seconds. Local cache hits 1 (0.01s CPU time), remote cache hits 0 (0.00s CPU time), compiled 0 variants (0.00s CPU time), skipped 0 variants.
    Prepared data for serialisation in 0.00s
  Pass  (fp, d3d11) finished in 0.03 seconds. Local cache hits 1 (0.03s CPU time), remote cache hits 0 (0.00s CPU time), compiled 0 variants (0.00s CPU time), skipped 0 variants.
    Prepared data for serialisation in 0.00s
  Pass  (gp, d3d11) finished in 0.03 seconds. Local cache hits 1 (0.02s CPU time), remote cache hits 0 (0.00s CPU time), compiled 0 variants (0.00s CPU time), skipped 0 variants.
    Prepared data for serialisation in 0.00s
Serialized binary data for shader Hidden/VR/BlitFromTex2DToTexArraySlice in 0.00s
    d3d11 (total internal programs: 5, unique: 5)
Compiling shader "Hidden/VideoComposite"
  Pass "Default" (vp)
    Target graphics API: d3d11
    Full variant space:         1
    After settings filtering:   1
    After built-in stripping:   1
    After scriptable stripping: 1
    Processed in 0.01 seconds
  Pass "Default" (fp)
    Target graphics API: d3d11
    Full variant space:         1
    After settings filtering:   1
    After built-in stripping:   1
    After scriptable stripping: 1
    Processed in 0.00 seconds
  Pass Default (vp, d3d11) finished in 0.05 seconds. Local cache hits 1 (0.05s CPU time), remote cache hits 0 (0.00s CPU time), compiled 0 variants (0.00s CPU time), skipped 0 variants.
    Prepared data for serialisation in 0.00s
  Pass Default (fp, d3d11) finished in 0.05 seconds. Local cache hits 1 (0.03s CPU time), remote cache hits 0 (0.00s CPU time), compiled 0 variants (0.00s CPU time), skipped 0 variants.
    Prepared data for serialisation in 0.00s
Serialized binary data for shader Hidden/VideoComposite in 0.00s
    d3d11 (total internal programs: 2, unique: 2)
Compiling shader "Hidden/VideoDecode"
  Pass "YCbCr_To_RGB1" (vp)
    Target graphics API: d3d11
    Full variant space:         2
    After settings filtering:   2
    After built-in stripping:   2
    After scriptable stripping: 2
    Processed in 0.00 seconds
  Pass "YCbCr_To_RGB1" (fp)
    Target graphics API: d3d11
    Full variant space:         2
    After settings filtering:   2
    After built-in stripping:   2
    After scriptable stripping: 2
    Processed in 0.00 seconds
  Pass "YCbCrA_To_RGBAFull" (vp)
    Target graphics API: d3d11
    Full variant space:         2
    After settings filtering:   2
    After built-in stripping:   2
    After scriptable stripping: 2
    Processed in 0.00 seconds
  Pass "YCbCrA_To_RGBAFull" (fp)
    Target graphics API: d3d11
    Full variant space:         2
    After settings filtering:   2
    After built-in stripping:   2
    After scriptable stripping: 2
    Processed in 0.00 seconds
  Pass "YCbCrA_To_RGBA" (vp)
    Target graphics API: d3d11
    Full variant space:         2
    After settings filtering:   2
    After built-in stripping:   2
    After scriptable stripping: 2
    Processed in 0.00 seconds
  Pass "YCbCrA_To_RGBA" (fp)
    Target graphics API: d3d11
    Full variant space:         2
    After settings filtering:   2
    After built-in stripping:   2
    After scriptable stripping: 2
    Processed in 0.00 seconds
  Pass "Flip_RGBA_To_RGBA" (vp)
    Target graphics API: d3d11
    Full variant space:         2
    After settings filtering:   2
    After built-in stripping:   2
    After scriptable stripping: 2
    Processed in 0.00 seconds
  Pass "Flip_RGBA_To_RGBA" (fp)
    Target graphics API: d3d11
    Full variant space:         2
    After settings filtering:   2
    After built-in stripping:   2
    After scriptable stripping: 2
    Processed in 0.00 seconds
  Pass "Flip_RGBASplit_To_RGBA" (vp)
    Target graphics API: d3d11
    Full variant space:         2
    After settings filtering:   2
    After built-in stripping:   2
    After scriptable stripping: 2
    Processed in 0.00 seconds
  Pass "Flip_RGBASplit_To_RGBA" (fp)
    Target graphics API: d3d11
    Full variant space:         2
    After settings filtering:   2
    After built-in stripping:   2
    After scriptable stripping: 2
    Processed in 0.00 seconds
  Pass "Flip_NV12_To_RGB1" (vp)
    Target graphics API: d3d11
    Full variant space:         2
    After settings filtering:   2
    After built-in stripping:   2
    After scriptable stripping: 2
    Processed in 0.00 seconds
  Pass "Flip_NV12_To_RGB1" (fp)
    Target graphics API: d3d11
    Full variant space:         2
    After settings filtering:   2
    After built-in stripping:   2
    After scriptable stripping: 2
    Processed in 0.01 seconds
  Pass "Flip_NV12_To_RGBA" (vp)
    Target graphics API: d3d11
    Full variant space:         2
    After settings filtering:   2
    After built-in stripping:   2
    After scriptable stripping: 2
    Processed in 0.00 seconds
  Pass "Flip_NV12_To_RGBA" (fp)
    Target graphics API: d3d11
    Full variant space:         2
    After settings filtering:   2
    After built-in stripping:   2
    After scriptable stripping: 2
    Processed in 0.01 seconds
  Pass "Flip_P010_To_RGB1" (vp)
    Target graphics API: d3d11
    Full variant space:         1
    After settings filtering:   1
    After built-in stripping:   1
    After scriptable stripping: 1
    Processed in 0.00 seconds
  Pass "Flip_P010_To_RGB1" (fp)
    Target graphics API: d3d11
    Full variant space:         1
    After settings filtering:   1
    After built-in stripping:   1
    After scriptable stripping: 1
    Processed in 0.00 seconds
  Pass YCbCr_To_RGB1 (vp, d3d11) finished in 0.19 seconds. Local cache hits 2 (0.27s CPU time), remote cache hits 0 (0.00s CPU time), compiled 0 variants (0.00s CPU time), skipped 0 variants.
    Prepared data for serialisation in 0.00s
  Pass YCbCr_To_RGB1 (fp, d3d11) finished in 0.19 seconds. Local cache hits 2 (0.23s CPU time), remote cache hits 0 (0.00s CPU time), compiled 0 variants (0.00s CPU time), skipped 0 variants.
    Prepared data for serialisation in 0.00s
  Pass YCbCrA_To_RGBAFull (vp, d3d11) finished in 0.19 seconds. Local cache hits 2 (0.25s CPU time), remote cache hits 0 (0.00s CPU time), compiled 0 variants (0.00s CPU time), skipped 0 variants.
    Prepared data for serialisation in 0.00s
  Pass YCbCrA_To_RGBAFull (fp, d3d11) finished in 0.19 seconds. Local cache hits 2 (0.16s CPU time), remote cache hits 0 (0.00s CPU time), compiled 0 variants (0.00s CPU time), skipped 0 variants.
    Prepared data for serialisation in 0.00s
  Pass YCbCrA_To_RGBA (vp, d3d11) finished in 0.19 seconds. Local cache hits 2 (0.22s CPU time), remote cache hits 0 (0.00s CPU time), compiled 0 variants (0.00s CPU time), skipped 0 variants.
    Prepared data for serialisation in 0.00s
  Pass YCbCrA_To_RGBA (fp, d3d11) finished in 0.18 seconds. Local cache hits 2 (0.04s CPU time), remote cache hits 0 (0.00s CPU time), compiled 0 variants (0.00s CPU time), skipped 0 variants.
    Prepared data for serialisation in 0.00s
  Pass Flip_RGBA_To_RGBA (vp, d3d11) finished in 0.15 seconds. Local cache hits 2 (0.05s CPU time), remote cache hits 0 (0.00s CPU time), compiled 0 variants (0.00s CPU time), skipped 0 variants.
    Prepared data for serialisation in 0.00s
  Pass Flip_RGBA_To_RGBA (fp, d3d11) finished in 0.13 seconds. Local cache hits 2 (0.03s CPU time), remote cache hits 0 (0.00s CPU time), compiled 0 variants (0.00s CPU time), skipped 0 variants.
    Prepared data for serialisation in 0.00s
  Pass Flip_RGBASplit_To_RGBA (vp, d3d11) finished in 0.13 seconds. Local cache hits 2 (0.02s CPU time), remote cache hits 0 (0.00s CPU time), compiled 0 variants (0.00s CPU time), skipped 0 variants.
    Prepared data for serialisation in 0.00s
  Pass Flip_RGBASplit_To_RGBA (fp, d3d11) finished in 0.12 seconds. Local cache hits 2 (0.21s CPU time), remote cache hits 0 (0.00s CPU time), compiled 0 variants (0.00s CPU time), skipped 0 variants.
    Prepared data for serialisation in 0.00s
  Pass Flip_NV12_To_RGB1 (vp, d3d11) finished in 0.12 seconds. Local cache hits 2 (0.02s CPU time), remote cache hits 0 (0.00s CPU time), compiled 0 variants (0.00s CPU time), skipped 0 variants.
    Prepared data for serialisation in 0.00s
  Pass Flip_NV12_To_RGB1 (fp, d3d11) finished in 0.18 seconds. Local cache hits 2 (0.29s CPU time), remote cache hits 0 (0.00s CPU time), compiled 0 variants (0.00s CPU time), skipped 0 variants.
    Prepared data for serialisation in 0.00s
  Pass Flip_NV12_To_RGBA (vp, d3d11) finished in 0.17 seconds. Local cache hits 2 (0.03s CPU time), remote cache hits 0 (0.00s CPU time), compiled 0 variants (0.00s CPU time), skipped 0 variants.
    Prepared data for serialisation in 0.00s
  Pass Flip_NV12_To_RGBA (fp, d3d11) finished in 0.16 seconds. Local cache hits 2 (0.11s CPU time), remote cache hits 0 (0.00s CPU time), compiled 0 variants (0.00s CPU time), skipped 0 variants.
    Prepared data for serialisation in 0.00s
  Pass Flip_P010_To_RGB1 (vp, d3d11) finished in 0.16 seconds. Local cache hits 1 (0.10s CPU time), remote cache hits 0 (0.00s CPU time), compiled 0 variants (0.00s CPU time), skipped 0 variants.
    Prepared data for serialisation in 0.00s
  Pass Flip_P010_To_RGB1 (fp, d3d11) finished in 0.14 seconds. Local cache hits 1 (0.08s CPU time), remote cache hits 0 (0.00s CPU time), compiled 0 variants (0.00s CPU time), skipped 0 variants.
    Prepared data for serialisation in 0.00s
Serialized binary data for shader Hidden/VideoDecode in 0.00s
    d3d11 (total internal programs: 30, unique: 19)
Compiling shader "Hidden/TextCore/Distance Field SSD"
  Pass "" (vp)
    Target graphics API: d3d11
    Full variant space:         1
    After settings filtering:   1
    After built-in stripping:   1
    After scriptable stripping: 1
    Processed in 0.00 seconds
  Pass "" (fp)
    Target graphics API: d3d11
    Full variant space:         1
    After settings filtering:   1
    After built-in stripping:   1
    After scriptable stripping: 1
    Processed in 0.00 seconds
  Pass  (vp, d3d11) finished in 0.00 seconds. Local cache hits 1 (0.00s CPU time), remote cache hits 0 (0.00s CPU time), compiled 0 variants (0.00s CPU time), skipped 0 variants.
    Prepared data for serialisation in 0.00s
  Pass  (fp, d3d11) finished in 0.00 seconds. Local cache hits 1 (0.00s CPU time), remote cache hits 0 (0.00s CPU time), compiled 0 variants (0.00s CPU time), skipped 0 variants.
    Prepared data for serialisation in 0.00s
Serialized binary data for shader Hidden/TextCore/Distance Field SSD in 0.00s
    d3d11 (total internal programs: 2, unique: 2)
Compiling shader "Hidden/Physics2D/SDF_CircleGeometry"
  Pass "" (vp)
    Target graphics API: d3d11
    Full variant space:         2
    After settings filtering:   2
    After built-in stripping:   1
    After scriptable stripping: 1
    Processed in 0.00 seconds
  Pass "" (fp)
    Target graphics API: d3d11
    Full variant space:         2
    After settings filtering:   2
    After built-in stripping:   1
    After scriptable stripping: 1
    Processed in 0.00 seconds
  Pass  (vp, d3d11) finished in 0.06 seconds. Local cache hits 1 (0.06s CPU time), remote cache hits 0 (0.00s CPU time), compiled 0 variants (0.00s CPU time), skipped 0 variants.
    Prepared data for serialisation in 0.00s
  Pass  (fp, d3d11) finished in 0.06 seconds. Local cache hits 1 (0.04s CPU time), remote cache hits 0 (0.00s CPU time), compiled 0 variants (0.00s CPU time), skipped 0 variants.
    Prepared data for serialisation in 0.00s
Serialized binary data for shader Hidden/Physics2D/SDF_CircleGeometry in 0.00s
    d3d11 (total internal programs: 2, unique: 2)
Compiling shader "Hidden/Physics2D/SDF_CapsuleGeometry"
  Pass "" (vp)
    Target graphics API: d3d11
    Full variant space:         2
    After settings filtering:   2
    After built-in stripping:   1
    After scriptable stripping: 1
    Processed in 0.00 seconds
  Pass "" (fp)
    Target graphics API: d3d11
    Full variant space:         2
    After settings filtering:   2
    After built-in stripping:   1
    After scriptable stripping: 1
    Processed in 0.00 seconds
  Pass  (vp, d3d11) finished in 0.05 seconds. Local cache hits 1 (0.05s CPU time), remote cache hits 0 (0.00s CPU time), compiled 0 variants (0.00s CPU time), skipped 0 variants.
    Prepared data for serialisation in 0.00s
  Pass  (fp, d3d11) finished in 0.05 seconds. Local cache hits 1 (0.04s CPU time), remote cache hits 0 (0.00s CPU time), compiled 0 variants (0.00s CPU time), skipped 0 variants.
    Prepared data for serialisation in 0.00s
Serialized binary data for shader Hidden/Physics2D/SDF_CapsuleGeometry in 0.00s
    d3d11 (total internal programs: 2, unique: 2)
Compiling shader "Hidden/Physics2D/SDF_PolygonGeometry"
  Pass "" (vp)
    Target graphics API: d3d11
    Full variant space:         2
    After settings filtering:   2
    After built-in stripping:   1
    After scriptable stripping: 1
    Processed in 0.00 seconds
  Pass "" (fp)
    Target graphics API: d3d11
    Full variant space:         2
    After settings filtering:   2
    After built-in stripping:   1
    After scriptable stripping: 1
    Processed in 0.00 seconds
  Pass  (vp, d3d11) finished in 0.04 seconds. Local cache hits 1 (0.04s CPU time), remote cache hits 0 (0.00s CPU time), compiled 0 variants (0.00s CPU time), skipped 0 variants.
    Prepared data for serialisation in 0.00s
  Pass  (fp, d3d11) finished in 0.04 seconds. Local cache hits 1 (0.03s CPU time), remote cache hits 0 (0.00s CPU time), compiled 0 variants (0.00s CPU time), skipped 0 variants.
    Prepared data for serialisation in 0.00s
Serialized binary data for shader Hidden/Physics2D/SDF_PolygonGeometry in 0.00s
    d3d11 (total internal programs: 2, unique: 2)
Compiling shader "Hidden/Physics2D/SDF_Line"
  Pass "" (vp)
    Target graphics API: d3d11
    Full variant space:         2
    After settings filtering:   2
    After built-in stripping:   1
    After scriptable stripping: 1
    Processed in 0.01 seconds
  Pass "" (fp)
    Target graphics API: d3d11
    Full variant space:         2
    After settings filtering:   2
    After built-in stripping:   1
    After scriptable stripping: 1
    Processed in 0.00 seconds
  Pass  (vp, d3d11) finished in 0.02 seconds. Local cache hits 1 (0.02s CPU time), remote cache hits 0 (0.00s CPU time), compiled 0 variants (0.00s CPU time), skipped 0 variants.
    Prepared data for serialisation in 0.00s
  Pass  (fp, d3d11) finished in 0.02 seconds. Local cache hits 1 (0.02s CPU time), remote cache hits 0 (0.00s CPU time), compiled 0 variants (0.00s CPU time), skipped 0 variants.
    Prepared data for serialisation in 0.00s
Serialized binary data for shader Hidden/Physics2D/SDF_Line in 0.00s
    d3d11 (total internal programs: 2, unique: 2)
Compiling shader "Hidden/Physics2D/SDF_Point"
  Pass "" (vp)
    Target graphics API: d3d11
    Full variant space:         2
    After settings filtering:   2
    After built-in stripping:   1
    After scriptable stripping: 1
    Processed in 0.00 seconds
  Pass "" (fp)
    Target graphics API: d3d11
    Full variant space:         2
    After settings filtering:   2
    After built-in stripping:   1
    After scriptable stripping: 1
    Processed in 0.00 seconds
  Pass  (vp, d3d11) finished in 0.03 seconds. Local cache hits 1 (0.03s CPU time), remote cache hits 0 (0.00s CPU time), compiled 0 variants (0.00s CPU time), skipped 0 variants.
    Prepared data for serialisation in 0.00s
  Pass  (fp, d3d11) finished in 0.03 seconds. Local cache hits 1 (0.03s CPU time), remote cache hits 0 (0.00s CPU time), compiled 0 variants (0.00s CPU time), skipped 0 variants.
    Prepared data for serialisation in 0.00s
Serialized binary data for shader Hidden/Physics2D/SDF_Point in 0.00s
    d3d11 (total internal programs: 2, unique: 2)
Compiling shader "Hidden/Universal Render Pipeline/FallbackError"
  Pass "" (vp)
    Target graphics API: d3d11
    Full variant space:         6
    After settings filtering:   6
    After built-in stripping:   1
    After scriptable stripping: 1
    Processed in 0.00 seconds
  Pass "" (fp)
    Target graphics API: d3d11
    Full variant space:         6
    After settings filtering:   6
    After built-in stripping:   1
    After scriptable stripping: 1
    Processed in 0.00 seconds
  Pass  (vp, d3d11) finished in 0.00 seconds. Local cache hits 1 (0.00s CPU time), remote cache hits 0 (0.00s CPU time), compiled 0 variants (0.00s CPU time), skipped 0 variants.
    Prepared data for serialisation in 0.00s
  Pass  (fp, d3d11) finished in 0.00 seconds. Local cache hits 1 (0.00s CPU time), remote cache hits 0 (0.00s CPU time), compiled 0 variants (0.00s CPU time), skipped 0 variants.
    Prepared data for serialisation in 0.00s
Serialized binary data for shader Hidden/Universal Render Pipeline/FallbackError in 0.00s
    d3d11 (total internal programs: 2, unique: 2)
Compiling shader "Universal Render Pipeline/Lit"
  Pass "ForwardLit" (vp)
    Target graphics API: d3d11
    Full variant space:         884.736
    After settings filtering:   6.144
    After built-in stripping:   12
    After scriptable stripping: 4
    Processed in 0.00 seconds
  Pass "ForwardLit" (fp)
    Target graphics API: d3d11
    Full variant space:         36.238.786.560
    After settings filtering:   12.288
    After built-in stripping:   24
    After scriptable stripping: 8
    Processed in 0.01 seconds
  Pass "ShadowCaster" (vp)
    Target graphics API: d3d11
    Full variant space:         16
    After settings filtering:   16
    After built-in stripping:   4
    After scriptable stripping: 2
    Processed in 0.00 seconds
  Pass "ShadowCaster" (fp)
    Target graphics API: d3d11
    Full variant space:         8
    After settings filtering:   8
    After built-in stripping:   2
    After scriptable stripping: 2
    Processed in 0.00 seconds
  Pass "GBuffer" (vp)
    Target graphics API: d3d11
    Full variant space:         36.864
    After settings filtering:   1.536
    After built-in stripping:   12
    After scriptable stripping: 0
    Processed in 0.00 seconds
  Pass "GBuffer" (fp)
    Target graphics API: d3d11
    Full variant space:         188.743.680
    After settings filtering:   1.536
    After built-in stripping:   12
    After scriptable stripping: 0
    Processed in 0.00 seconds
  Pass "DepthOnly" (vp)
    Target graphics API: d3d11
    Full variant space:         8
    After settings filtering:   8
    After built-in stripping:   2
    After scriptable stripping: 2
    Processed in 0.01 seconds
  Pass "DepthOnly" (fp)
    Target graphics API: d3d11
    Full variant space:         8
    After settings filtering:   8
    After built-in stripping:   2
    After scriptable stripping: 2
    Processed in 0.00 seconds
  Pass "DepthNormals" (vp)
    Target graphics API: d3d11
    Full variant space:         8
    After settings filtering:   8
    After built-in stripping:   2
    After scriptable stripping: 2
    Processed in 0.00 seconds
  Pass "DepthNormals" (fp)
    Target graphics API: d3d11
    Full variant space:         16
    After settings filtering:   8
    After built-in stripping:   2
    After scriptable stripping: 2
    Processed in 0.01 seconds
  Pass "Universal2D" (vp)
    Target graphics API: d3d11
    Full variant space:         2
    After settings filtering:   2
    After built-in stripping:   1
    After scriptable stripping: 0
    Processed in 0.00 seconds
  Pass "Universal2D" (fp)
    Target graphics API: d3d11
    Full variant space:         2
    After settings filtering:   2
    After built-in stripping:   1
    After scriptable stripping: 0
    Processed in 0.00 seconds
  Pass "MotionVectors" (vp)
    Target graphics API: d3d11
    Full variant space:         8
    After settings filtering:   8
    After built-in stripping:   2
    After scriptable stripping: 2
    Processed in 0.01 seconds
  Pass "MotionVectors" (fp)
    Target graphics API: d3d11
    Full variant space:         8
    After settings filtering:   8
    After built-in stripping:   2
    After scriptable stripping: 2
    Processed in 0.00 seconds
  Pass "XRMotionVectors" (vp)
    Target graphics API: d3d11
    Full variant space:         8
    After settings filtering:   8
    After built-in stripping:   2
    After scriptable stripping: 0
    Processed in 0.00 seconds
  Pass "XRMotionVectors" (fp)
    Target graphics API: d3d11
    Full variant space:         8
    After settings filtering:   8
    After built-in stripping:   2
    After scriptable stripping: 0
    Processed in 0.00 seconds
  Pass ForwardLit (vp, d3d11) finished in 0.09 seconds. Local cache hits 4 (0.02s CPU time), remote cache hits 0 (0.00s CPU time), compiled 0 variants (0.00s CPU time), skipped 0 variants.
    Prepared data for serialisation in 0.00s
  Pass ForwardLit (fp, d3d11) finished in 0.08 seconds. Local cache hits 8 (0.01s CPU time), remote cache hits 0 (0.00s CPU time), compiled 0 variants (0.00s CPU time), skipped 0 variants.
    Prepared data for serialisation in 0.00s
  Pass ShadowCaster (vp, d3d11) finished in 0.07 seconds. Local cache hits 2 (0.00s CPU time), remote cache hits 0 (0.00s CPU time), compiled 0 variants (0.00s CPU time), skipped 0 variants.
    Prepared data for serialisation in 0.00s
  Pass ShadowCaster (fp, d3d11) finished in 0.07 seconds. Local cache hits 2 (0.01s CPU time), remote cache hits 0 (0.00s CPU time), compiled 0 variants (0.00s CPU time), skipped 0 variants.
    Prepared data for serialisation in 0.00s
  Pass DepthOnly (vp, d3d11) finished in 0.05 seconds. Local cache hits 2 (0.00s CPU time), remote cache hits 0 (0.00s CPU time), compiled 0 variants (0.00s CPU time), skipped 0 variants.
    Prepared data for serialisation in 0.00s
  Pass DepthOnly (fp, d3d11) finished in 0.04 seconds. Local cache hits 2 (0.00s CPU time), remote cache hits 0 (0.00s CPU time), compiled 0 variants (0.00s CPU time), skipped 0 variants.
    Prepared data for serialisation in 0.00s
  Pass DepthNormals (vp, d3d11) finished in 0.04 seconds. Local cache hits 2 (0.00s CPU time), remote cache hits 0 (0.00s CPU time), compiled 0 variants (0.00s CPU time), skipped 0 variants.
    Prepared data for serialisation in 0.00s
  Pass DepthNormals (fp, d3d11) finished in 0.03 seconds. Local cache hits 2 (0.00s CPU time), remote cache hits 0 (0.00s CPU time), compiled 0 variants (0.00s CPU time), skipped 0 variants.
    Prepared data for serialisation in 0.00s
  Pass MotionVectors (vp, d3d11) finished in 0.01 seconds. Local cache hits 2 (0.00s CPU time), remote cache hits 0 (0.00s CPU time), compiled 0 variants (0.00s CPU time), skipped 0 variants.
    Prepared data for serialisation in 0.00s
  Pass MotionVectors (fp, d3d11) finished in 0.01 seconds. Local cache hits 2 (0.00s CPU time), remote cache hits 0 (0.00s CPU time), compiled 0 variants (0.00s CPU time), skipped 0 variants.
    Prepared data for serialisation in 0.00s
Serialized binary data for shader Universal Render Pipeline/Lit in 0.00s
    d3d11 (total internal programs: 28, unique: 28)
Compiling shader "Universal Render Pipeline/Terrain/Lit"
  Pass "ForwardLit" (vp)
    Target graphics API: d3d11
    Full variant space:         110.592
    After settings filtering:   1.536
    After built-in stripping:   6
    After scriptable stripping: 2
    Processed in 0.01 seconds
  Pass "ForwardLit" (fp)
    Target graphics API: d3d11
    Full variant space:         4.529.848.320
    After settings filtering:   6.144
    After built-in stripping:   24
    After scriptable stripping: 8
    Processed in 0.01 seconds
  Pass "ShadowCaster" (vp)
    Target graphics API: d3d11
    Full variant space:         4
    After settings filtering:   4
    After built-in stripping:   2
    After scriptable stripping: 1
    Processed in 0.00 seconds
  Pass "ShadowCaster" (fp)
    Target graphics API: d3d11
    Full variant space:         4
    After settings filtering:   4
    After built-in stripping:   2
    After scriptable stripping: 2
    Processed in 0.01 seconds
  Pass "GBuffer" (vp)
    Target graphics API: d3d11
    Full variant space:         4.608
    After settings filtering:   384
    After built-in stripping:   6
    After scriptable stripping: 0
    Processed in 0.00 seconds
  Pass "GBuffer" (fp)
    Target graphics API: d3d11
    Full variant space:         23.592.960
    After settings filtering:   768
    After built-in stripping:   12
    After scriptable stripping: 0
    Processed in 0.00 seconds
  Pass "DepthOnly" (vp)
    Target graphics API: d3d11
    Full variant space:         2
    After settings filtering:   2
    After built-in stripping:   1
    After scriptable stripping: 1
    Processed in 0.01 seconds
  Pass "DepthOnly" (fp)
    Target graphics API: d3d11
    Full variant space:         4
    After settings filtering:   4
    After built-in stripping:   2
    After scriptable stripping: 2
    Processed in 0.00 seconds
  Pass "DepthNormals" (vp)
    Target graphics API: d3d11
    Full variant space:         2
    After settings filtering:   2
    After built-in stripping:   1
    After scriptable stripping: 1
    Processed in 0.01 seconds
  Pass "DepthNormals" (fp)
    Target graphics API: d3d11
    Full variant space:         8
    After settings filtering:   4
    After built-in stripping:   2
    After scriptable stripping: 2
    Processed in 0.00 seconds
  Pass ForwardLit (vp, d3d11) finished in 0.05 seconds. Local cache hits 2 (0.00s CPU time), remote cache hits 0 (0.00s CPU time), compiled 0 variants (0.00s CPU time), skipped 0 variants.
    Prepared data for serialisation in 0.00s
  Pass ForwardLit (fp, d3d11) finished in 0.05 seconds. Local cache hits 8 (0.01s CPU time), remote cache hits 0 (0.00s CPU time), compiled 0 variants (0.00s CPU time), skipped 0 variants.
    Prepared data for serialisation in 0.00s
  Pass ShadowCaster (vp, d3d11) finished in 0.05 seconds. Local cache hits 1 (0.00s CPU time), remote cache hits 0 (0.00s CPU time), compiled 0 variants (0.00s CPU time), skipped 0 variants.
    Prepared data for serialisation in 0.00s
  Pass ShadowCaster (fp, d3d11) finished in 0.04 seconds. Local cache hits 2 (0.00s CPU time), remote cache hits 0 (0.00s CPU time), compiled 0 variants (0.00s CPU time), skipped 0 variants.
    Prepared data for serialisation in 0.00s
  Pass DepthOnly (vp, d3d11) finished in 0.02 seconds. Local cache hits 1 (0.00s CPU time), remote cache hits 0 (0.00s CPU time), compiled 0 variants (0.00s CPU time), skipped 0 variants.
    Prepared data for serialisation in 0.00s
  Pass DepthOnly (fp, d3d11) finished in 0.02 seconds. Local cache hits 2 (0.00s CPU time), remote cache hits 0 (0.00s CPU time), compiled 0 variants (0.00s CPU time), skipped 0 variants.
    Prepared data for serialisation in 0.00s
  Pass DepthNormals (vp, d3d11) finished in 0.01 seconds. Local cache hits 1 (0.01s CPU time), remote cache hits 0 (0.00s CPU time), compiled 0 variants (0.00s CPU time), skipped 0 variants.
    Prepared data for serialisation in 0.00s
  Pass DepthNormals (fp, d3d11) finished in 0.00 seconds. Local cache hits 2 (0.00s CPU time), remote cache hits 0 (0.00s CPU time), compiled 0 variants (0.00s CPU time), skipped 0 variants.
    Prepared data for serialisation in 0.00s
Serialized binary data for shader Universal Render Pipeline/Terrain/Lit in 0.00s
    d3d11 (total internal programs: 19, unique: 19)
Compiling shader "Hidden/Core/FallbackError"
  Pass "" (vp)
    Target graphics API: d3d11
    Full variant space:         3
    After settings filtering:   3
    After built-in stripping:   1
    After scriptable stripping: 1
    Processed in 0.00 seconds
  Pass "" (fp)
    Target graphics API: d3d11
    Full variant space:         3
    After settings filtering:   3
    After built-in stripping:   1
    After scriptable stripping: 1
    Processed in 0.00 seconds
  Pass  (vp, d3d11) finished in 0.00 seconds. Local cache hits 1 (0.00s CPU time), remote cache hits 0 (0.00s CPU time), compiled 0 variants (0.00s CPU time), skipped 0 variants.
    Prepared data for serialisation in 0.00s
  Pass  (fp, d3d11) finished in 0.00 seconds. Local cache hits 1 (0.00s CPU time), remote cache hits 0 (0.00s CPU time), compiled 0 variants (0.00s CPU time), skipped 0 variants.
    Prepared data for serialisation in 0.00s
Serialized binary data for shader Hidden/Core/FallbackError in 0.00s
    d3d11 (total internal programs: 2, unique: 2)
Compiling shader "Hidden/Universal Render Pipeline/Terrain/Lit (Base Pass)"
  Pass "ForwardLit" (vp)
    Target graphics API: d3d11
    Full variant space:         12.288
    After settings filtering:   512
    After built-in stripping:   2
    After scriptable stripping: 2
    Processed in 0.00 seconds
  Pass "ForwardLit" (fp)
    Target graphics API: d3d11
    Full variant space:         125.829.120
    After settings filtering:   2.048
    After built-in stripping:   8
    After scriptable stripping: 8
    Processed in 0.00 seconds
  Pass "ShadowCaster" (vp)
    Target graphics API: d3d11
    Full variant space:         2
    After settings filtering:   2
    After built-in stripping:   1
    After scriptable stripping: 1
    Processed in 0.00 seconds
  Pass "ShadowCaster" (fp)
    Target graphics API: d3d11
    Full variant space:         4
    After settings filtering:   4
    After built-in stripping:   2
    After scriptable stripping: 2
    Processed in 0.01 seconds
  Pass "GBuffer" (vp)
    Target graphics API: d3d11
    Full variant space:         512
    After settings filtering:   128
    After built-in stripping:   2
    After scriptable stripping: 0
    Processed in 0.00 seconds
  Pass "GBuffer" (fp)
    Target graphics API: d3d11
    Full variant space:         1.310.720
    After settings filtering:   256
    After built-in stripping:   4
    After scriptable stripping: 0
    Processed in 0.00 seconds
  Pass "DepthOnly" (vp)
    Target graphics API: d3d11
    Full variant space:         2
    After settings filtering:   2
    After built-in stripping:   1
    After scriptable stripping: 1
    Processed in 0.00 seconds
  Pass "DepthOnly" (fp)
    Target graphics API: d3d11
    Full variant space:         4
    After settings filtering:   4
    After built-in stripping:   2
    After scriptable stripping: 2
    Processed in 0.00 seconds
  Pass "DepthNormals" (vp)
    Target graphics API: d3d11
    Full variant space:         2
    After settings filtering:   2
    After built-in stripping:   1
    After scriptable stripping: 1
    Processed in 0.00 seconds
  Pass "DepthNormals" (fp)
    Target graphics API: d3d11
    Full variant space:         4
    After settings filtering:   4
    After built-in stripping:   2
    After scriptable stripping: 2
    Processed in 0.00 seconds
  Pass ForwardLit (vp, d3d11) finished in 0.04 seconds. Local cache hits 2 (0.00s CPU time), remote cache hits 0 (0.00s CPU time), compiled 0 variants (0.00s CPU time), skipped 0 variants.
    Prepared data for serialisation in 0.00s
  Pass ForwardLit (fp, d3d11) finished in 0.04 seconds. Local cache hits 8 (0.02s CPU time), remote cache hits 0 (0.00s CPU time), compiled 0 variants (0.00s CPU time), skipped 0 variants.
    Prepared data for serialisation in 0.00s
  Pass ShadowCaster (vp, d3d11) finished in 0.03 seconds. Local cache hits 1 (0.00s CPU time), remote cache hits 0 (0.00s CPU time), compiled 0 variants (0.00s CPU time), skipped 0 variants.
    Prepared data for serialisation in 0.00s
  Pass ShadowCaster (fp, d3d11) finished in 0.02 seconds. Local cache hits 2 (0.00s CPU time), remote cache hits 0 (0.00s CPU time), compiled 0 variants (0.00s CPU time), skipped 0 variants.
    Prepared data for serialisation in 0.00s
  Pass DepthOnly (vp, d3d11) finished in 0.01 seconds. Local cache hits 1 (0.00s CPU time), remote cache hits 0 (0.00s CPU time), compiled 0 variants (0.00s CPU time), skipped 0 variants.
    Prepared data for serialisation in 0.00s
  Pass DepthOnly (fp, d3d11) finished in 0.01 seconds. Local cache hits 2 (0.00s CPU time), remote cache hits 0 (0.00s CPU time), compiled 0 variants (0.00s CPU time), skipped 0 variants.
    Prepared data for serialisation in 0.00s
  Pass DepthNormals (vp, d3d11) finished in 0.00 seconds. Local cache hits 1 (0.00s CPU time), remote cache hits 0 (0.00s CPU time), compiled 0 variants (0.00s CPU time), skipped 0 variants.
    Prepared data for serialisation in 0.00s
  Pass DepthNormals (fp, d3d11) finished in 0.00 seconds. Local cache hits 2 (0.00s CPU time), remote cache hits 0 (0.00s CPU time), compiled 0 variants (0.00s CPU time), skipped 0 variants.
    Prepared data for serialisation in 0.00s
Serialized binary data for shader Hidden/Universal Render Pipeline/Terrain/Lit (Base Pass) in 0.00s
    d3d11 (total internal programs: 19, unique: 19)
Compiling shader "Hidden/Universal Render Pipeline/Terrain/Lit (Basemap Gen)"
  Pass "" (vp)
    Target graphics API: d3d11
    Full variant space:         1
    After settings filtering:   1
    After built-in stripping:   1
    After scriptable stripping: 1
    Processed in 0.00 seconds
  Pass "" (fp)
    Target graphics API: d3d11
    Full variant space:         1
    After settings filtering:   1
    After built-in stripping:   1
    After scriptable stripping: 1
    Processed in 0.00 seconds
  Pass "" (vp)
    Target graphics API: d3d11
    Full variant space:         1
    After settings filtering:   1
    After built-in stripping:   1
    After scriptable stripping: 1
    Processed in 0.00 seconds
  Pass "" (fp)
    Target graphics API: d3d11
    Full variant space:         1
    After settings filtering:   1
    After built-in stripping:   1
    After scriptable stripping: 1
    Processed in 0.00 seconds
  Pass  (vp, d3d11) finished in 0.00 seconds. Local cache hits 1 (0.00s CPU time), remote cache hits 0 (0.00s CPU time), compiled 0 variants (0.00s CPU time), skipped 0 variants.
    Prepared data for serialisation in 0.00s
  Pass  (fp, d3d11) finished in 0.00 seconds. Local cache hits 1 (0.00s CPU time), remote cache hits 0 (0.00s CPU time), compiled 0 variants (0.00s CPU time), skipped 0 variants.
    Prepared data for serialisation in 0.00s
  Pass  (vp, d3d11) finished in 0.00 seconds. Local cache hits 1 (0.00s CPU time), remote cache hits 0 (0.00s CPU time), compiled 0 variants (0.00s CPU time), skipped 0 variants.
    Prepared data for serialisation in 0.00s
  Pass  (fp, d3d11) finished in 0.00 seconds. Local cache hits 1 (0.00s CPU time), remote cache hits 0 (0.00s CPU time), compiled 0 variants (0.00s CPU time), skipped 0 variants.
    Prepared data for serialisation in 0.00s
Serialized binary data for shader Hidden/Universal Render Pipeline/Terrain/Lit (Basemap Gen) in 0.00s
    d3d11 (total internal programs: 4, unique: 3)
Compiling shader "Hidden/Universal Render Pipeline/Terrain/Lit (Add Pass)"
  Pass "ForwardLit" (vp)
    Target graphics API: d3d11
    Full variant space:         18.432
    After settings filtering:   256
    After built-in stripping:   2
    After scriptable stripping: 2
    Processed in 0.00 seconds
  Pass "ForwardLit" (fp)
    Target graphics API: d3d11
    Full variant space:         47.185.920
    After settings filtering:   1.024
    After built-in stripping:   8
    After scriptable stripping: 8
    Processed in 0.00 seconds
  Pass "GBuffer" (vp)
    Target graphics API: d3d11
    Full variant space:         768
    After settings filtering:   64
    After built-in stripping:   2
    After scriptable stripping: 0
    Processed in 0.00 seconds
  Pass "GBuffer" (fp)
    Target graphics API: d3d11
    Full variant space:         491.520
    After settings filtering:   128
    After built-in stripping:   4
    After scriptable stripping: 0
    Processed in 0.00 seconds
  Pass ForwardLit (vp, d3d11) finished in 0.01 seconds. Local cache hits 2 (0.00s CPU time), remote cache hits 0 (0.00s CPU time), compiled 0 variants (0.00s CPU time), skipped 0 variants.
    Prepared data for serialisation in 0.00s
  Pass ForwardLit (fp, d3d11) finished in 0.01 seconds. Local cache hits 8 (0.01s CPU time), remote cache hits 0 (0.00s CPU time), compiled 0 variants (0.00s CPU time), skipped 0 variants.
    Prepared data for serialisation in 0.00s
Serialized binary data for shader Hidden/Universal Render Pipeline/Terrain/Lit (Add Pass) in 0.00s
    d3d11 (total internal programs: 10, unique: 10)
info: Microsoft.AspNetCore.Hosting.Diagnostics[1]
      Request starting HTTP/2 POST http://ilpp/UnityILPP.PostProcessing/Ping application/grpc -
info: Microsoft.AspNetCore.Routing.EndpointMiddleware[0]
      Executing endpoint 'gRPC - /UnityILPP.PostProcessing/Ping'
info: Microsoft.AspNetCore.Routing.EndpointMiddleware[1]
      Executed endpoint 'gRPC - /UnityILPP.PostProcessing/Ping'
info: Microsoft.AspNetCore.Hosting.Diagnostics[2]
      Request finished HTTP/2 POST http://ilpp/UnityILPP.PostProcessing/Ping application/grpc - - 200 - application/grpc 0.2597ms
Duplicate assembly 'Microsoft.Bcl.Numerics.dll' with different versions detected, using 'Assets/Plugins/x86_64/Microsoft.Bcl.Numerics.dll, AssemblyName=Microsoft.Bcl.Numerics, Version=10.0.0.5, Culture=neutral, PublicKeyToken=cc7b13ffcd2ddd51' and ignoring 'Assets/Plugins/NuGet/Microsoft.Bcl.Numerics.dll, AssemblyName=Microsoft.Bcl.Numerics, Version=10.0.0.0, Culture=neutral, PublicKeyToken=cc7b13ffcd2ddd51'.Duplicate assembly 'System.Text.Json.dll' with different versions detected, using 'Assets/Plugins/x86_64/System.Text.Json.dll, AssemblyName=System.Text.Json, Version=10.0.0.0, Culture=neutral, PublicKeyToken=cc7b13ffcd2ddd51' and ignoring 'Assets/Plugins/NuGet/System.Text.Json.dll, AssemblyName=System.Text.Json, Version=8.0.0.0, Culture=neutral, PublicKeyToken=cc7b13ffcd2ddd51'.Starting: E:\Program Files\Unity\Hub\Editor\6000.3.13f1\Editor\Data\Tools\BuildPipeline\bee_backend.exe --ipc --dagfile="Library/Bee/Playerc88799a1.dag" --profile="Library/Bee/backend1.traceevents" Player
WorkingDir: D:/projects/alcyone-ember-rpg
DisplayProgressbar: Incremental Player Build
[ 201/1210  0s] CopyFiles Builds/Windows64/alcyone-ember-rpg_Data/app.info
[ 202/1210  0s] CopyFiles Builds/Windows64/UnityCrashHandler64.exe
[ 203/1210  0s] CopyFiles Builds/Windows64/MonoBleedingEdge/etc/mono/config
[ 204/1210  0s] CopyFiles Builds/Windows64/MonoBleedingEdge/etc/mono/mconfig/config.xml
[ 205/1210  0s] CopyFiles Builds/Windows64/MonoBleedingEdge/etc/mono/4.5/DefaultWsdlHelpGenerator.aspx
[ 206/1210  0s] CopyFiles Builds/Windows64/MonoBleedingEdge/etc/mono/browscap.ini
[ 207/1210  0s] CopyFiles Builds/Windows64/MonoBleedingEdge/etc/mono/4.5/machine.config
[ 208/1210  0s] CopyFiles Builds/Windows64/MonoBleedingEdge/etc/mono/4.5/Browsers/Compat.browser
[ 209/1210  0s] CopyFiles Builds/Windows64/MonoBleedingEdge/etc/mono/4.5/web.config
[ 210/1210  0s] CopyFiles Builds/Windows64/MonoBleedingEdge/etc/mono/4.5/settings.map
[ 211/1210  0s] CopyFiles Builds/Windows64/MonoBleedingEdge/etc/mono/2.0/web.config
[ 212/1210  0s] CopyFiles Builds/Windows64/MonoBleedingEdge/etc/mono/4.0/web.config
[ 213/1210  0s] CopyFiles Builds/Windows64/MonoBleedingEdge/etc/mono/4.0/settings.map
[ 214/1210  0s] CopyFiles Builds/Windows64/MonoBleedingEdge/etc/mono/4.0/machine.config
[ 215/1210  0s] CopyFiles Builds/Windows64/MonoBleedingEdge/etc/mono/4.0/Browsers/Compat.browser
[ 216/1210  0s] CopyFiles Builds/Windows64/MonoBleedingEdge/etc/mono/4.0/DefaultWsdlHelpGenerator.aspx
[ 217/1210  0s] CopyFiles Builds/Windows64/MonoBleedingEdge/EmbedRuntime/MonoPosixHelper.dll
[ 218/1210  0s] CopyFiles Builds/Windows64/alcyone-ember-rpg.exe
[ 219/1210  0s] CopyFiles Builds/Windows64/alcyone-ember-rpg_Data/Resources/unity default resources
[ 220/1210  0s] CopyFiles Builds/Windows64/D3D12/D3D12Core.dll
[ 221/1210  0s] CopyFiles Builds/Windows64/MonoBleedingEdge/EmbedRuntime/mono-2.0-bdwgc.dll
[ 222/1210  0s] CopyFiles Builds/Windows64/MonoBleedingEdge/etc/mono/2.0/DefaultWsdlHelpGenerator.aspx
[ 223/1210  0s] CopyFiles Builds/Windows64/MonoBleedingEdge/etc/mono/2.0/settings.map
[ 224/1210  0s] CopyFiles Builds/Windows64/MonoBleedingEdge/etc/mono/2.0/Browsers/Compat.browser
[ 225/1210  0s] CopyFiles Builds/Windows64/MonoBleedingEdge/etc/mono/2.0/machine.config
[ 226/1210  0s] CopyFiles Builds/Windows64/alcyone-ember-rpg_Data/Plugins/x86_64/cudnn64_9.dll
[ 227/1210  0s] CopyFiles Builds/Windows64/alcyone-ember-rpg_Data/Plugins/x86_64/cudnn_engines_runtime_compiled64_9.dll
[ 228/1210  0s] CopyFiles Builds/Windows64/alcyone-ember-rpg_Data/Plugins/x86_64/llama.dll
[ 229/1210  0s] CopyFiles Builds/Windows64/alcyone-ember-rpg_Data/Plugins/x86_64/ggml-base.dll
[ 230/1210  0s] CopyFiles Builds/Windows64/alcyone-ember-rpg_Data/Plugins/x86_64/ggml-cpu.dll
[ 231/1210  0s] CopyFiles Builds/Windows64/alcyone-ember-rpg_Data/Plugins/x86_64/mtmd.dll
[ 232/1210  0s] CopyFiles Builds/Windows64/alcyone-ember-rpg_Data/Plugins/x86_64/onnxruntime_providers_shared.dll
[ 233/1210  0s] CopyFiles Builds/Windows64/alcyone-ember-rpg_Data/Plugins/x86_64/cudnn_cnn64_9.dll
[ 234/1210  0s] CopyFiles Builds/Windows64/alcyone-ember-rpg_Data/Plugins/x86_64/cudnn_ops64_9.dll
[ 235/1210  0s] CopyFiles Builds/Windows64/alcyone-ember-rpg_Data/Plugins/x86_64/cudnn_ext64_9.dll
[ 236/1210  0s] CopyFiles Builds/Windows64/alcyone-ember-rpg_Data/StreamingAssets/Models/tts/piper/piper_phonemize.dll
[ 237/1210  0s] CopyFiles Builds/Windows64/alcyone-ember-rpg_Data/StreamingAssets/Models/tts/piper/piper.exe
[ 238/1210  0s] CopyFiles Builds/Windows64/alcyone-ember-rpg_Data/StreamingAssets/Models/tts/piper/onnxruntime_providers_shared.dll
[ 239/1210  0s] CopyFiles Builds/Windows64/alcyone-ember-rpg_Data/Plugins/x86_64/cudnn_engines_tensor_ir64_9.dll
[ 240/1210  0s] CopyFiles Builds/Windows64/alcyone-ember-rpg_Data/Plugins/x86_64/onnxruntime_providers_tensorrt.dll
[ 241/1210  0s] CopyFiles Builds/Windows64/alcyone-ember-rpg_Data/StreamingAssets/Models/tts/piper/espeak-ng.dll
[ 242/1210  0s] CopyFiles Builds/Windows64/alcyone-ember-rpg_Data/Plugins/x86_64/ggml.dll
[ 243/1210  0s] CopyFiles Builds/Windows64/alcyone-ember-rpg_Data/StreamingAssets/Models/tts/piper/espeak-ng-data/voices/!v/zac
[ 244/1210  0s] CopyFiles Builds/Windows64/alcyone-ember-rpg_Data/StreamingAssets/Models/tts/piper/espeak-ng-data/voices/!v/whisperf
[ 245/1210  0s] CopyFiles Builds/Windows64/alcyone-ember-rpg_Data/StreamingAssets/Models/tts/piper/espeak-ng-data/yue_dict
[ 246/1210  0s] CopyFiles Builds/Windows64/alcyone-ember-rpg_Data/StreamingAssets/Models/tts/piper/onnxruntime.dll
[ 247/1210  0s] CopyFiles Builds/Windows64/alcyone-ember-rpg_Data/Plugins/x86_64/cudnn_graph64_9.dll
[ 248/1210  0s] CopyFiles Builds/Windows64/alcyone-ember-rpg_Data/StreamingAssets/Models/tts/piper/espeak-ng-data/voices/!v/Tweaky
[ 249/1210  0s] CopyFiles Builds/Windows64/alcyone-ember-rpg_Data/StreamingAssets/Models/tts/piper/espeak-ng-data/voices/!v/travis
[ 250/1210  0s] CopyFiles Builds/Windows64/alcyone-ember-rpg_Data/StreamingAssets/Models/tts/piper/libtashkeel_model.ort
[ 251/1210  0s] CopyFiles Builds/Windows64/alcyone-ember-rpg_Data/StreamingAssets/Models/tts/piper/espeak-ng-data/voices/!v/whisper
[ 252/1210  0s] CopyFiles Builds/Windows64/alcyone-ember-rpg_Data/StreamingAssets/Models/tts/piper/espeak-ng-data/voices/!v/UniRobot
[ 253/1210  0s] CopyFiles Builds/Windows64/alcyone-ember-rpg_Data/StreamingAssets/Models/tts/piper/espeak-ng-data/voices/!v/Storm
[ 254/1210  0s] CopyFiles Builds/Windows64/alcyone-ember-rpg_Data/StreamingAssets/Models/tts/piper/espeak-ng-data/voices/!v/victor
[ 255/1210  0s] CopyFiles Builds/Windows64/alcyone-ember-rpg_Data/StreamingAssets/Models/tts/piper/espeak-ng-data/voices/!v/steph3
[ 256/1210  0s] CopyFiles Builds/Windows64/alcyone-ember-rpg_Data/StreamingAssets/Models/tts/piper/espeak-ng-data/voices/!v/shelby
[ 257/1210  0s] CopyFiles Builds/Windows64/alcyone-ember-rpg_Data/StreamingAssets/Models/tts/piper/espeak-ng-data/voices/!v/steph
[ 258/1210  0s] CopyFiles Builds/Windows64/alcyone-ember-rpg_Data/StreamingAssets/Models/tts/piper/espeak-ng-data/voices/!v/robosoft8
[ 259/1210  0s] CopyFiles Builds/Windows64/alcyone-ember-rpg_Data/StreamingAssets/Models/tts/piper/espeak-ng-data/voices/!v/steph2
[ 260/1210  0s] CopyFiles Builds/Windows64/alcyone-ember-rpg_Data/StreamingAssets/Models/tts/piper/espeak-ng-data/voices/!v/sandro
[ 261/1210  0s] CopyFiles Builds/Windows64/alcyone-ember-rpg_Data/Plugins/x86_64/cudnn_heuristic64_9.dll
[ 262/1210  0s] CopyFiles Builds/Windows64/alcyone-ember-rpg_Data/Plugins/x86_64/onnxruntime.dll
[ 263/1210  0s] CopyFiles Builds/Windows64/alcyone-ember-rpg_Data/StreamingAssets/Models/tts/piper/espeak-ng-data/voices/!v/robosoft5
[ 264/1210  0s] CopyFiles Builds/Windows64/alcyone-ember-rpg_Data/StreamingAssets/Models/tts/piper/espeak-ng-data/voices/!v/robosoft7
[ 265/1210  0s] CopyFiles Builds/Windows64/alcyone-ember-rpg_Data/StreamingAssets/Models/tts/piper/espeak-ng-data/voices/!v/robert
[ 266/1210  0s] CopyFiles Builds/Windows64/alcyone-ember-rpg_Data/StreamingAssets/Models/tts/piper/espeak-ng-data/voices/!v/robosoft4
[ 267/1210  0s] CopyFiles Builds/Windows64/alcyone-ember-rpg_Data/StreamingAssets/Models/tts/piper/espeak-ng-data/voices/!v/robosoft3
[ 268/1210  0s] CopyFiles Builds/Windows64/alcyone-ember-rpg_Data/StreamingAssets/Models/tts/piper/espeak-ng-data/voices/!v/robosoft2
[ 269/1210  0s] CopyFiles Builds/Windows64/alcyone-ember-rpg_Data/StreamingAssets/Models/tts/piper/espeak-ng-data/voices/!v/RicishayMax3
[ 270/1210  0s] CopyFiles Builds/Windows64/alcyone-ember-rpg_Data/StreamingAssets/Models/tts/piper/espeak-ng-data/voices/!v/rob
[ 271/1210  0s] CopyFiles Builds/Windows64/alcyone-ember-rpg_Data/StreamingAssets/Models/tts/piper/espeak-ng-data/voices/!v/robosoft6
[ 272/1210  0s] CopyFiles Builds/Windows64/alcyone-ember-rpg_Data/StreamingAssets/Models/tts/piper/espeak-ng-data/voices/!v/Reed
[ 273/1210  0s] CopyFiles Builds/Windows64/alcyone-ember-rpg_Data/StreamingAssets/Models/tts/piper/espeak-ng-data/voices/!v/RicishayMax2
[ 274/1210  0s] CopyFiles Builds/Windows64/alcyone-ember-rpg_Data/StreamingAssets/Models/tts/piper/espeak-ng-data/voices/!v/RicishayMax
[ 275/1210  0s] CopyFiles Builds/Windows64/alcyone-ember-rpg_Data/StreamingAssets/Models/tts/piper/espeak-ng-data/voices/!v/pedro
[ 276/1210  0s] CopyFiles Builds/Windows64/alcyone-ember-rpg_Data/StreamingAssets/Models/tts/piper/espeak-ng-data/voices/!v/quincy
[ 277/1210  0s] CopyFiles Builds/Windows64/alcyone-ember-rpg_Data/StreamingAssets/Models/tts/piper/espeak-ng-data/voices/!v/paul
[ 278/1210  0s] CopyFiles Builds/Windows64/alcyone-ember-rpg_Data/StreamingAssets/Models/tts/piper/espeak-ng-data/voices/!v/robosoft
[ 279/1210  0s] CopyFiles Builds/Windows64/alcyone-ember-rpg_Data/StreamingAssets/Models/tts/piper/espeak-ng-data/voices/!v/norbert
[ 280/1210  0s] CopyFiles Builds/Windows64/alcyone-ember-rpg_Data/Plugins/x86_64/cudnn_engines_precompiled64_9.dll
[ 281/1210  0s] CopyFiles Builds/Windows64/alcyone-ember-rpg_Data/StreamingAssets/Models/tts/piper/espeak-ng-data/voices/!v/Michael
[ 282/1210  1s] CopyFiles Builds/Windows64/alcyone-ember-rpg_Data/Plugins/x86_64/onnxruntime_providers_cuda.dll
[ 283/1210  0s] CopyFiles Builds/Windows64/alcyone-ember-rpg_Data/StreamingAssets/Models/tts/piper/espeak-ng-data/voices/!v/miguel
[ 284/1210  0s] CopyFiles Builds/Windows64/alcyone-ember-rpg_Data/StreamingAssets/Models/tts/piper/espeak-ng-data/voices/!v/pablo
[ 285/1210  0s] CopyFiles Builds/Windows64/alcyone-ember-rpg_Data/StreamingAssets/Models/tts/piper/espeak-ng-data/voices/!v/Mario
[ 286/1210  0s] CopyFiles Builds/Windows64/alcyone-ember-rpg_Data/StreamingAssets/Models/tts/piper/espeak-ng-data/voices/!v/Mike
[ 287/1210  0s] CopyFiles Builds/Windows64/alcyone-ember-rpg_Data/StreamingAssets/Models/tts/piper/espeak-ng-data/voices/!v/m8
[ 288/1210  0s] CopyFiles Builds/Windows64/alcyone-ember-rpg_Data/StreamingAssets/Models/tts/piper/espeak-ng-data/voices/!v/max
[ 289/1210  0s] CopyFiles Builds/Windows64/alcyone-ember-rpg_Data/StreamingAssets/Models/tts/piper/espeak-ng-data/voices/!v/m7
[ 290/1210  0s] CopyFiles Builds/Windows64/alcyone-ember-rpg_Data/StreamingAssets/Models/tts/piper/espeak-ng-data/voices/!v/marcelo
[ 291/1210  0s] CopyFiles Builds/Windows64/alcyone-ember-rpg_Data/StreamingAssets/Models/tts/piper/espeak-ng-data/voices/!v/m6
[ 292/1210  0s] CopyFiles Builds/Windows64/alcyone-ember-rpg_Data/StreamingAssets/Models/tts/piper/espeak-ng-data/voices/!v/m5
[ 293/1210  0s] CopyFiles Builds/Windows64/alcyone-ember-rpg_Data/StreamingAssets/Models/tts/piper/espeak-ng-data/voices/!v/m4
[ 294/1210  0s] CopyFiles Builds/Windows64/alcyone-ember-rpg_Data/StreamingAssets/Models/tts/piper/espeak-ng-data/voices/!v/m2
[ 295/1210  0s] CopyFiles Builds/Windows64/alcyone-ember-rpg_Data/StreamingAssets/Models/tts/piper/espeak-ng-data/voices/!v/m3
[ 296/1210  0s] CopyFiles Builds/Windows64/alcyone-ember-rpg_Data/StreamingAssets/Models/tts/piper/espeak-ng-data/voices/!v/michel
[ 297/1210  0s] CopyFiles Builds/Windows64/alcyone-ember-rpg_Data/StreamingAssets/Models/tts/piper/espeak-ng-data/voices/!v/m1
[ 298/1210  0s] CopyFiles Builds/Windows64/alcyone-ember-rpg_Data/StreamingAssets/Models/tts/piper/espeak-ng-data/voices/!v/linda
[ 299/1210  1s] CopyFiles Builds/Windows64/alcyone-ember-rpg_Data/Plugins/x86_64/cudnn_adv64_9.dll
[ 300/1210  0s] CopyFiles Builds/Windows64/alcyone-ember-rpg_Data/StreamingAssets/Models/tts/piper/espeak-ng-data/voices/!v/mike2
[ 301/1210  0s] CopyFiles Builds/Windows64/alcyone-ember-rpg_Data/StreamingAssets/Models/tts/piper/espeak-ng-data/voices/!v/Marco
[ 302/1210  0s] CopyFiles Builds/Windows64/alcyone-ember-rpg_Data/StreamingAssets/Models/tts/piper/espeak-ng-data/voices/!v/klatt5
[ 303/1210  0s] CopyFiles Builds/Windows64/alcyone-ember-rpg_Data/StreamingAssets/Models/tts/piper/espeak-ng-data/voices/!v/Lee
[ 304/1210  0s] CopyFiles Builds/Windows64/alcyone-ember-rpg_Data/StreamingAssets/Models/tts/piper/espeak-ng-data/voices/!v/klatt2
[ 305/1210  0s] CopyFiles Builds/Windows64/alcyone-ember-rpg_Data/StreamingAssets/Models/tts/piper/espeak-ng-data/voices/!v/klatt3
[ 306/1210  0s] CopyFiles Builds/Windows64/alcyone-ember-rpg_Data/StreamingAssets/Models/tts/piper/espeak-ng-data/voices/!v/klatt6
[ 307/1210  0s] CopyFiles Builds/Windows64/alcyone-ember-rpg_Data/StreamingAssets/Models/tts/piper/espeak-ng-data/voices/!v/klatt4
[ 308/1210  0s] CopyFiles Builds/Windows64/alcyone-ember-rpg_Data/StreamingAssets/Models/tts/piper/espeak-ng-data/voices/!v/kaukovalta
[ 309/1210  0s] CopyFiles Builds/Windows64/alcyone-ember-rpg_Data/StreamingAssets/Models/tts/piper/espeak-ng-data/voices/!v/klatt
[ 310/1210  0s] CopyFiles Builds/Windows64/alcyone-ember-rpg_Data/StreamingAssets/Models/tts/piper/espeak-ng-data/voices/!v/Nguyen
[ 311/1210  0s] CopyFiles Builds/Windows64/alcyone-ember-rpg_Data/StreamingAssets/Models/tts/piper/espeak-ng-data/voices/!v/Jacky
[ 312/1210  0s] CopyFiles Builds/Windows64/alcyone-ember-rpg_Data/StreamingAssets/Models/tts/piper/espeak-ng-data/voices/!v/john
[ 313/1210  0s] CopyFiles Builds/Windows64/alcyone-ember-rpg_Data/StreamingAssets/Models/tts/piper/espeak-ng-data/voices/!v/Mr serious
[ 314/1210  0s] CopyFiles Builds/Windows64/alcyone-ember-rpg_Data/StreamingAssets/Models/tts/piper/espeak-ng-data/voices/!v/grandpa
[ 315/1210  0s] CopyFiles Builds/Windows64/alcyone-ember-rpg_Data/StreamingAssets/Models/tts/piper/espeak-ng-data/voices/!v/ian
[ 316/1210  0s] CopyFiles Builds/Windows64/alcyone-ember-rpg_Data/StreamingAssets/Models/tts/piper/espeak-ng-data/voices/!v/iven4
[ 317/1210  0s] CopyFiles Builds/Windows64/alcyone-ember-rpg_Data/StreamingAssets/Models/tts/piper/espeak-ng-data/voices/!v/Hugo
[ 318/1210  0s] CopyFiles Builds/Windows64/alcyone-ember-rpg_Data/StreamingAssets/Models/tts/piper/espeak-ng-data/voices/!v/gustave
[ 319/1210  0s] CopyFiles Builds/Windows64/alcyone-ember-rpg_Data/StreamingAssets/Models/tts/piper/espeak-ng-data/voices/!v/Gene2
[ 320/1210  0s] CopyFiles Builds/Windows64/alcyone-ember-rpg_Data/StreamingAssets/Models/tts/piper/espeak-ng-data/voices/!v/fast
[ 321/1210  0s] CopyFiles Builds/Windows64/alcyone-ember-rpg_Data/StreamingAssets/Models/tts/piper/espeak-ng-data/voices/!v/Gene
[ 322/1210  0s] CopyFiles Builds/Windows64/alcyone-ember-rpg_Data/StreamingAssets/Models/tts/piper/espeak-ng-data/voices/!v/f4
[ 323/1210  0s] CopyFiles Builds/Windows64/alcyone-ember-rpg_Data/StreamingAssets/Models/tts/piper/espeak-ng-data/voices/!v/Henrique
[ 324/1210  0s] CopyFiles Builds/Windows64/alcyone-ember-rpg_Data/StreamingAssets/Models/tts/piper/espeak-ng-data/voices/!v/iven3
[ 325/1210  0s] CopyFiles Builds/Windows64/alcyone-ember-rpg_Data/StreamingAssets/Models/tts/piper/espeak-ng-data/voices/!v/iven
[ 326/1210  0s] CopyFiles Builds/Windows64/alcyone-ember-rpg_Data/StreamingAssets/Models/tts/piper/espeak-ng-data/voices/!v/f3
[ 327/1210  0s] CopyFiles Builds/Windows64/alcyone-ember-rpg_Data/StreamingAssets/Models/tts/piper/espeak-ng-data/voices/!v/f2
[ 328/1210  0s] CopyFiles Builds/Windows64/alcyone-ember-rpg_Data/StreamingAssets/Models/tts/piper/espeak-ng-data/voices/!v/iven2
[ 329/1210  0s] CopyFiles Builds/Windows64/alcyone-ember-rpg_Data/StreamingAssets/Models/tts/piper/espeak-ng-data/voices/!v/f1
[ 330/1210  0s] CopyFiles Builds/Windows64/alcyone-ember-rpg_Data/StreamingAssets/Models/tts/piper/espeak-ng-data/voices/!v/edward2
[ 331/1210  0s] CopyFiles Builds/Windows64/alcyone-ember-rpg_Data/StreamingAssets/Models/tts/piper/espeak-ng-data/voices/!v/Denis
[ 332/1210  0s] CopyFiles Builds/Windows64/alcyone-ember-rpg_Data/StreamingAssets/Models/tts/piper/espeak-ng-data/voices/!v/f5
[ 333/1210  0s] CopyFiles Builds/Windows64/alcyone-ember-rpg_Data/StreamingAssets/Models/tts/piper/espeak-ng-data/voices/!v/ed
[ 334/1210  0s] CopyFiles Builds/Windows64/alcyone-ember-rpg_Data/StreamingAssets/Models/tts/piper/espeak-ng-data/voices/!v/Diogo
[ 335/1210  0s] CopyFiles Builds/Windows64/alcyone-ember-rpg_Data/StreamingAssets/Models/tts/piper/espeak-ng-data/voices/!v/Demonic
[ 336/1210  0s] CopyFiles Builds/Windows64/alcyone-ember-rpg_Data/StreamingAssets/Models/tts/piper/espeak-ng-data/voices/!v/edward
[ 337/1210  0s] CopyFiles Builds/Windows64/alcyone-ember-rpg_Data/StreamingAssets/Models/tts/piper/espeak-ng-data/voices/!v/caleb
[ 338/1210  0s] CopyFiles Builds/Windows64/alcyone-ember-rpg_Data/StreamingAssets/Models/tts/piper/espeak-ng-data/voices/!v/david
[ 339/1210  0s] CopyFiles Builds/Windows64/alcyone-ember-rpg_Data/StreamingAssets/Models/tts/piper/espeak-ng-data/voices/!v/belinda
[ 340/1210  0s] CopyFiles Builds/Windows64/alcyone-ember-rpg_Data/StreamingAssets/Models/tts/piper/espeak-ng-data/voices/!v/croak
[ 341/1210  0s] CopyFiles Builds/Windows64/alcyone-ember-rpg_Data/StreamingAssets/Models/tts/piper/espeak-ng-data/voices/!v/AnxiousAndy
[ 342/1210  0s] CopyFiles Builds/Windows64/alcyone-ember-rpg_Data/StreamingAssets/Models/tts/piper/espeak-ng-data/voices/!v/boris
[ 343/1210  0s] CopyFiles Builds/Windows64/alcyone-ember-rpg_Data/StreamingAssets/Models/tts/piper/espeak-ng-data/voices/!v/benjamin
[ 344/1210  0s] CopyFiles Builds/Windows64/alcyone-ember-rpg_Data/StreamingAssets/Models/tts/piper/espeak-ng-data/voices/!v/antonio
[ 345/1210  0s] CopyFiles Builds/Windows64/alcyone-ember-rpg_Data/StreamingAssets/Models/tts/piper/espeak-ng-data/voices/!v/announcer
[ 346/1210  0s] CopyFiles Builds/Windows64/alcyone-ember-rpg_Data/StreamingAssets/Models/tts/piper/espeak-ng-data/voices/!v/Annie
[ 347/1210  0s] CopyFiles Builds/Windows64/alcyone-ember-rpg_Data/StreamingAssets/Models/tts/piper/espeak-ng-data/voices/!v/aunty
[ 348/1210  0s] CopyFiles Builds/Windows64/alcyone-ember-rpg_Data/StreamingAssets/Models/tts/piper/espeak-ng-data/vi_dict
[ 349/1210  0s] CopyFiles Builds/Windows64/alcyone-ember-rpg_Data/StreamingAssets/Models/tts/piper/espeak-ng-data/voices/!v/Andy
[ 350/1210  0s] CopyFiles Builds/Windows64/alcyone-ember-rpg_Data/StreamingAssets/Models/tts/piper/espeak-ng-data/ur_dict
[ 351/1210  0s] CopyFiles Builds/Windows64/alcyone-ember-rpg_Data/StreamingAssets/Models/tts/piper/espeak-ng-data/uz_dict
[ 352/1210  0s] CopyFiles Builds/Windows64/alcyone-ember-rpg_Data/StreamingAssets/Models/tts/piper/espeak-ng-data/voices/!v/anikaRobot
[ 353/1210  0s] CopyFiles Builds/Windows64/alcyone-ember-rpg_Data/StreamingAssets/Models/tts/piper/espeak-ng-data/voices/!v/Alicia
[ 354/1210  0s] CopyFiles Builds/Windows64/alcyone-ember-rpg_Data/StreamingAssets/Models/tts/piper/espeak-ng-data/voices/!v/Andrea
[ 355/1210  0s] CopyFiles Builds/Windows64/alcyone-ember-rpg_Data/StreamingAssets/Models/tts/piper/espeak-ng-data/voices/!v/anika
[ 356/1210  0s] CopyFiles Builds/Windows64/alcyone-ember-rpg_Data/StreamingAssets/Models/tts/piper/espeak-ng-data/voices/!v/Alex
[ 357/1210  0s] CopyFiles Builds/Windows64/alcyone-ember-rpg_Data/StreamingAssets/Models/tts/piper/espeak-ng-data/voices/!v/adam
[ 358/1210  0s] CopyFiles Builds/Windows64/alcyone-ember-rpg_Data/StreamingAssets/Models/tts/piper/espeak-ng-data/voices/!v/grandma
[ 359/1210  0s] CopyFiles Builds/Windows64/alcyone-ember-rpg_Data/StreamingAssets/Models/tts/piper/espeak-ng-data/uk_dict
[ 360/1210  0s] CopyFiles Builds/Windows64/alcyone-ember-rpg_Data/StreamingAssets/Models/tts/piper/espeak-ng-data/ug_dict
[ 361/1210  0s] CopyFiles Builds/Windows64/alcyone-ember-rpg_Data/StreamingAssets/Models/tts/piper/espeak-ng-data/sw_dict
[ 362/1210  0s] CopyFiles Builds/Windows64/alcyone-ember-rpg_Data/StreamingAssets/Models/tts/piper/espeak-ng-data/tk_dict
[ 363/1210  0s] CopyFiles Builds/Windows64/alcyone-ember-rpg_Data/StreamingAssets/Models/tts/piper/espeak-ng-data/tr_dict
[ 364/1210  0s] CopyFiles Builds/Windows64/alcyone-ember-rpg_Data/StreamingAssets/Models/tts/piper/espeak-ng-data/sv_dict
[ 365/1210  0s] CopyFiles Builds/Windows64/alcyone-ember-rpg_Data/StreamingAssets/Models/tts/piper/espeak-ng-data/tn_dict
[ 366/1210  2s] AddBootConfigGUID Library/Bee/artifacts/WinPlayerBuildProgram/boot.config
[ 367/1210  0s] CopyFiles Builds/Windows64/alcyone-ember-rpg_Data/boot.config
[ 368/1210  0s] CopyFiles Builds/Windows64/alcyone-ember-rpg_Data/StreamingAssets/Models/tts/piper/espeak-ng-data/sr_dict
[ 369/1210  0s] CopyFiles Builds/Windows64/alcyone-ember-rpg_Data/StreamingAssets/Models/tts/piper/espeak-ng-data/ta_dict
[ 370/1210  0s] CopyFiles Builds/Windows64/alcyone-ember-rpg_Data/StreamingAssets/Models/tts/piper/espeak-ng-data/sjn_dict
[ 371/1210  0s] CopyFiles Builds/Windows64/alcyone-ember-rpg_Data/StreamingAssets/Models/tts/piper/espeak-ng-data/sq_dict
[ 372/1210  0s] CopyFiles Builds/Windows64/alcyone-ember-rpg_Data/StreamingAssets/Models/tts/piper/espeak-ng-data/sl_dict
[ 373/1210  0s] CopyFiles Builds/Windows64/alcyone-ember-rpg_Data/StreamingAssets/Models/tts/piper/espeak-ng-data/sk_dict
[ 374/1210  0s] CopyFiles Builds/Windows64/alcyone-ember-rpg_Data/StreamingAssets/Models/tts/piper/espeak-ng-data/smj_dict
[ 375/1210  0s] CopyFiles Builds/Windows64/alcyone-ember-rpg_Data/StreamingAssets/Models/tts/piper/espeak-ng-data/te_dict
[ 376/1210  0s] CopyFiles Builds/Windows64/alcyone-ember-rpg_Data/StreamingAssets/Models/tts/piper/espeak-ng-data/th_dict
[ 377/1210  0s] CopyFiles Builds/Windows64/alcyone-ember-rpg_Data/StreamingAssets/Models/tts/piper/espeak-ng-data/tt_dict
[ 378/1210  0s] CopyFiles Builds/Windows64/alcyone-ember-rpg_Data/StreamingAssets/Models/tts/piper/espeak-ng-data/si_dict
[ 379/1210  0s] CopyFiles Builds/Windows64/alcyone-ember-rpg_Data/StreamingAssets/Models/tts/piper/espeak-ng-data/shn_dict
[ 380/1210  0s] CopyFiles Builds/Windows64/alcyone-ember-rpg_Data/StreamingAssets/Models/tts/piper/espeak-ng-data/qu_dict
[ 381/1210  0s] CopyFiles Builds/Windows64/alcyone-ember-rpg_Data/StreamingAssets/Models/tts/piper/espeak-ng-data/sd_dict
[ 382/1210  0s] CopyFiles Builds/Windows64/alcyone-ember-rpg_Data/StreamingAssets/Models/tts/piper/espeak-ng-data/ru_dict
[ 383/1210  0s] CopyFiles Builds/Windows64/alcyone-ember-rpg_Data/StreamingAssets/Models/tts/piper/espeak-ng-data/piqd_dict
[ 384/1210  0s] CopyFiles Builds/Windows64/alcyone-ember-rpg_Data/StreamingAssets/Models/tts/piper/espeak-ng-data/pl_dict
[ 385/1210  0s] CopyFiles Builds/Windows64/alcyone-ember-rpg_Data/StreamingAssets/Models/tts/piper/espeak-ng-data/phontab
[ 386/1210  0s] CopyFiles Builds/Windows64/alcyone-ember-rpg_Data/StreamingAssets/Models/tts/piper/espeak-ng-data/ro_dict
[ 387/1210  0s] CopyFiles Builds/Windows64/alcyone-ember-rpg_Data/StreamingAssets/Models/tts/piper/espeak-ng-data/phondata-manifest
[ 388/1210  0s] CopyFiles Builds/Windows64/alcyone-ember-rpg_Data/StreamingAssets/Models/tts/piper/espeak-ng-data/phonindex
[ 389/1210  0s] CopyFiles Builds/Windows64/alcyone-ember-rpg_Data/StreamingAssets/Models/tts/piper/espeak-ng-data/pa_dict
[ 390/1210  0s] CopyFiles Builds/Windows64/alcyone-ember-rpg_Data/StreamingAssets/Models/tts/piper/espeak-ng-data/qdb_dict
[ 391/1210  0s] CopyFiles Builds/Windows64/alcyone-ember-rpg_Data/StreamingAssets/Models/tts/piper/espeak-ng-data/qya_dict
[ 392/1210  0s] CopyFiles Builds/Windows64/alcyone-ember-rpg_Data/StreamingAssets/Models/tts/piper/espeak-ng-data/pap_dict
[ 393/1210  0s] CopyFiles Builds/Windows64/alcyone-ember-rpg_Data/StreamingAssets/Models/tts/piper/espeak-ng-data/om_dict
[ 394/1210  0s] CopyFiles Builds/Windows64/alcyone-ember-rpg_Data/StreamingAssets/Models/tts/piper/espeak-ng-data/nog_dict
[ 395/1210  0s] CopyFiles Builds/Windows64/alcyone-ember-rpg_Data/StreamingAssets/Models/tts/piper/espeak-ng-data/quc_dict
[ 396/1210  0s] CopyFiles Builds/Windows64/alcyone-ember-rpg_Data/StreamingAssets/Models/tts/piper/espeak-ng-data/phondata
[ 397/1210  0s] CopyFiles Builds/Windows64/alcyone-ember-rpg_Data/StreamingAssets/Models/tts/piper/espeak-ng-data/py_dict
[ 398/1210  0s] CopyFiles Builds/Windows64/alcyone-ember-rpg_Data/StreamingAssets/Models/tts/piper/espeak-ng-data/pt_dict
[ 399/1210  0s] CopyFiles Builds/Windows64/alcyone-ember-rpg_Data/StreamingAssets/Models/tts/piper/espeak-ng-data/no_dict
[ 400/1210  0s] CopyFiles Builds/Windows64/alcyone-ember-rpg_Data/StreamingAssets/Models/tts/piper/espeak-ng-data/or_dict
[ 401/1210  0s] CopyFiles Builds/Windows64/alcyone-ember-rpg_Data/StreamingAssets/Models/tts/piper/espeak-ng-data/nl_dict
[ 402/1210  0s] CopyFiles Builds/Windows64/alcyone-ember-rpg_Data/StreamingAssets/Models/tts/piper/espeak-ng-data/mt_dict
[ 403/1210  0s] CopyFiles Builds/Windows64/alcyone-ember-rpg_Data/StreamingAssets/Models/tts/piper/espeak-ng-data/ms_dict
[ 404/1210  0s] CopyFiles Builds/Windows64/alcyone-ember-rpg_Data/StreamingAssets/Models/tts/piper/espeak-ng-data/nci_dict
[ 405/1210  0s] CopyFiles Builds/Windows64/alcyone-ember-rpg_Data/StreamingAssets/Models/tts/piper/espeak-ng-data/ne_dict
[ 406/1210  0s] CopyFiles Builds/Windows64/alcyone-ember-rpg_Data/StreamingAssets/Models/tts/piper/espeak-ng-data/mk_dict
[ 407/1210  0s] CopyFiles Builds/Windows64/alcyone-ember-rpg_Data/StreamingAssets/Models/tts/piper/espeak-ng-data/my_dict
[ 408/1210  0s] CopyFiles Builds/Windows64/alcyone-ember-rpg_Data/StreamingAssets/Models/tts/piper/espeak-ng-data/lv_dict
[ 409/1210  0s] CopyFiles Builds/Windows64/alcyone-ember-rpg_Data/StreamingAssets/Models/tts/piper/espeak-ng-data/mi_dict
[ 410/1210  0s] CopyFiles Builds/Windows64/alcyone-ember-rpg_Data/StreamingAssets/Models/tts/piper/espeak-ng-data/mto_dict
[ 411/1210  0s] CopyFiles Builds/Windows64/alcyone-ember-rpg_Data/StreamingAssets/Models/tts/piper/espeak-ng-data/lfn_dict
[ 412/1210  0s] CopyFiles Builds/Windows64/alcyone-ember-rpg_Data/StreamingAssets/Models/tts/piper/espeak-ng-data/lt_dict
[ 413/1210  0s] CopyFiles Builds/Windows64/alcyone-ember-rpg_Data/StreamingAssets/Models/tts/piper/espeak-ng-data/mr_dict
[ 414/1210  0s] CopyFiles Builds/Windows64/alcyone-ember-rpg_Data/StreamingAssets/Models/tts/piper/espeak-ng-data/la_dict
[ 415/1210  0s] CopyFiles Builds/Windows64/alcyone-ember-rpg_Data/StreamingAssets/Models/tts/piper/espeak-ng-data/ml_dict
[ 416/1210  0s] CopyFiles Builds/Windows64/alcyone-ember-rpg_Data/StreamingAssets/Models/tts/piper/espeak-ng-data/lb_dict
[ 417/1210  0s] CopyFiles Builds/Windows64/alcyone-ember-rpg_Data/StreamingAssets/Models/tts/piper/espeak-ng-data/lang/zlw/pl
[ 418/1210  0s] CopyFiles Builds/Windows64/alcyone-ember-rpg_Data/StreamingAssets/Models/tts/piper/espeak-ng-data/lang/zlw/sk
[ 419/1210  0s] CopyFiles Builds/Windows64/alcyone-ember-rpg_Data/StreamingAssets/Models/tts/piper/espeak-ng-data/lang/zle/ru-cl
[ 420/1210  0s] CopyFiles Builds/Windows64/alcyone-ember-rpg_Data/StreamingAssets/Models/tts/piper/espeak-ng-data/lang/zle/uk
[ 421/1210  0s] CopyFiles Builds/Windows64/alcyone-ember-rpg_Data/StreamingAssets/Models/tts/piper/espeak-ng-data/lang/zle/ru
[ 422/1210  0s] CopyFiles Builds/Windows64/alcyone-ember-rpg_Data/StreamingAssets/Models/tts/piper/espeak-ng-data/lang/zlw/cs
[ 423/1210  0s] CopyFiles Builds/Windows64/alcyone-ember-rpg_Data/StreamingAssets/Models/tts/piper/espeak-ng-data/lang/zls/mk
[ 424/1210  0s] CopyFiles Builds/Windows64/alcyone-ember-rpg_Data/StreamingAssets/Models/tts/piper/espeak-ng-data/lang/zle/ru-LV
[ 425/1210  0s] CopyFiles Builds/Windows64/alcyone-ember-rpg_Data/StreamingAssets/Models/tts/piper/espeak-ng-data/lang/zls/bg
[ 426/1210  0s] CopyFiles Builds/Windows64/alcyone-ember-rpg_Data/StreamingAssets/Models/tts/piper/espeak-ng-data/lang/urj/smj
[ 427/1210  0s] CopyFiles Builds/Windows64/alcyone-ember-rpg_Data/StreamingAssets/Models/tts/piper/espeak-ng-data/lang/zls/sl
[ 428/1210  0s] CopyFiles Builds/Windows64/alcyone-ember-rpg_Data/StreamingAssets/Models/tts/piper/espeak-ng-data/lang/zls/hr
[ 429/1210  0s] CopyFiles Builds/Windows64/alcyone-ember-rpg_Data/StreamingAssets/Models/tts/piper/espeak-ng-data/lang/zle/be
[ 430/1210  0s] CopyFiles Builds/Windows64/alcyone-ember-rpg_Data/StreamingAssets/Models/tts/piper/espeak-ng-data/lang/zls/bs
[ 431/1210  0s] CopyFiles Builds/Windows64/alcyone-ember-rpg_Data/StreamingAssets/Models/tts/piper/espeak-ng-data/lang/zls/sr
[ 432/1210  0s] CopyFiles Builds/Windows64/alcyone-ember-rpg_Data/StreamingAssets/Models/tts/piper/espeak-ng-data/lang/urj/hu
[ 433/1210  0s] CopyFiles Builds/Windows64/alcyone-ember-rpg_Data/StreamingAssets/Models/tts/piper/espeak-ng-data/lang/urj/et
[ 434/1210  0s] CopyFiles Builds/Windows64/alcyone-ember-rpg_Data/StreamingAssets/Models/tts/piper/espeak-ng-data/lang/urj/fi
[ 435/1210  0s] CopyFiles Builds/Windows64/alcyone-ember-rpg_Data/StreamingAssets/Models/tts/piper/espeak-ng-data/lang/trk/uz
[ 436/1210  0s] CopyFiles Builds/Windows64/alcyone-ember-rpg_Data/StreamingAssets/Models/tts/piper/espeak-ng-data/lang/trk/tk
[ 437/1210  0s] CopyFiles Builds/Windows64/alcyone-ember-rpg_Data/StreamingAssets/Models/tts/piper/espeak-ng-data/lang/trk/nog
[ 438/1210  0s] CopyFiles Builds/Windows64/alcyone-ember-rpg_Data/StreamingAssets/Models/tts/piper/espeak-ng-data/lang/trk/ba
[ 439/1210  0s] CopyFiles Builds/Windows64/alcyone-ember-rpg_Data/StreamingAssets/Models/tts/piper/espeak-ng-data/lang/trk/tt
[ 440/1210  0s] CopyFiles Builds/Windows64/alcyone-ember-rpg_Data/StreamingAssets/Models/tts/piper/espeak-ng-data/lang/trk/tr
[ 441/1210  0s] CopyFiles Builds/Windows64/alcyone-ember-rpg_Data/StreamingAssets/Models/tts/piper/espeak-ng-data/lang/trk/kk
[ 442/1210  0s] CopyFiles Builds/Windows64/alcyone-ember-rpg_Data/StreamingAssets/Models/tts/piper/espeak-ng-data/lang/trk/ky
[ 443/1210  0s] CopyFiles Builds/Windows64/alcyone-ember-rpg_Data/StreamingAssets/Models/tts/piper/espeak-ng-data/lang/sit/yue-Latn-jyutping
[ 444/1210  0s] CopyFiles Builds/Windows64/alcyone-ember-rpg_Data/StreamingAssets/Models/tts/piper/espeak-ng-data/lang/tai/th
[ 445/1210  0s] CopyFiles Builds/Windows64/alcyone-ember-rpg_Data/StreamingAssets/Models/tts/piper/espeak-ng-data/lang/trk/ug
[ 446/1210  0s] CopyFiles Builds/Windows64/alcyone-ember-rpg_Data/StreamingAssets/Models/tts/piper/espeak-ng-data/lang/trk/cv
[ 447/1210  0s] CopyFiles Builds/Windows64/alcyone-ember-rpg_Data/StreamingAssets/Models/tts/piper/espeak-ng-data/lang/sit/yue
[ 448/1210  0s] CopyFiles Builds/Windows64/alcyone-ember-rpg_Data/StreamingAssets/Models/tts/piper/espeak-ng-data/lang/tai/shn
[ 449/1210  0s] CopyFiles Builds/Windows64/alcyone-ember-rpg_Data/StreamingAssets/Models/tts/piper/espeak-ng-data/lang/trk/az
[ 450/1210  0s] CopyFiles Builds/Windows64/alcyone-ember-rpg_Data/StreamingAssets/Models/tts/piper/espeak-ng-data/lang/sai/gn
[ 451/1210  0s] CopyFiles Builds/Windows64/alcyone-ember-rpg_Data/StreamingAssets/Models/tts/piper/espeak-ng-data/lang/sem/mt
[ 452/1210  0s] CopyFiles Builds/Windows64/alcyone-ember-rpg_Data/StreamingAssets/Models/tts/piper/espeak-ng-data/lang/sem/he
[ 453/1210  0s] CopyFiles Builds/Windows64/alcyone-ember-rpg_Data/StreamingAssets/Models/tts/piper/espeak-ng-data/lang/sem/am
[ 454/1210  0s] CopyFiles Builds/Windows64/alcyone-ember-rpg_Data/StreamingAssets/Models/tts/piper/espeak-ng-data/lang/roa/it
[ 455/1210  0s] CopyFiles Builds/Windows64/alcyone-ember-rpg_Data/StreamingAssets/Models/tts/piper/espeak-ng-data/lang/roa/ro
[ 456/1210  0s] CopyFiles Builds/Windows64/alcyone-ember-rpg_Data/StreamingAssets/Models/tts/piper/espeak-ng-data/lang/roa/fr-CH
[ 457/1210  0s] CopyFiles Builds/Windows64/alcyone-ember-rpg_Data/StreamingAssets/Models/tts/piper/espeak-ng-data/lang/roa/ht
[ 458/1210  0s] CopyFiles Builds/Windows64/alcyone-ember-rpg_Data/StreamingAssets/Models/tts/piper/espeak-ng-data/lang/roa/pap
[ 459/1210  0s] CopyFiles Builds/Windows64/alcyone-ember-rpg_Data/StreamingAssets/Models/tts/piper/espeak-ng-data/lang/sit/my
[ 460/1210  0s] CopyFiles Builds/Windows64/alcyone-ember-rpg_Data/StreamingAssets/Models/tts/piper/espeak-ng-data/lang/roa/pt
[ 461/1210  0s] CopyFiles Builds/Windows64/alcyone-ember-rpg_Data/StreamingAssets/Models/tts/piper/espeak-ng-data/lang/sit/cmn
[ 462/1210  0s] CopyFiles Builds/Windows64/alcyone-ember-rpg_Data/StreamingAssets/Models/tts/piper/espeak-ng-data/lang/sit/cmn-Latn-pinyin
[ 463/1210  0s] CopyFiles Builds/Windows64/alcyone-ember-rpg_Data/StreamingAssets/Models/tts/piper/espeak-ng-data/lang/sit/hak
[ 464/1210  0s] CopyFiles Builds/Windows64/alcyone-ember-rpg_Data/StreamingAssets/Models/tts/piper/espeak-ng-data/lang/sem/ar
[ 465/1210  0s] CopyFiles Builds/Windows64/alcyone-ember-rpg_Data/StreamingAssets/Models/tts/piper/espeak-ng-data/lang/roa/pt-BR
[ 466/1210  0s] CopyFiles Builds/Windows64/alcyone-ember-rpg_Data/StreamingAssets/Models/tts/piper/espeak-ng-data/lang/qu
[ 467/1210  0s] CopyFiles Builds/Windows64/alcyone-ember-rpg_Data/StreamingAssets/Models/tts/piper/espeak-ng-data/lang/roa/fr-BE
[ 468/1210  0s] CopyFiles Builds/Windows64/alcyone-ember-rpg_Data/StreamingAssets/Models/tts/piper/espeak-ng-data/lang/roa/fr
[ 469/1210  0s] CopyFiles Builds/Windows64/alcyone-ember-rpg_Data/StreamingAssets/Models/tts/piper/espeak-ng-data/lang/roa/an
[ 470/1210  0s] CopyFiles Builds/Windows64/alcyone-ember-rpg_Data/StreamingAssets/Models/tts/piper/espeak-ng-data/lang/roa/es
[ 471/1210  0s] CopyFiles Builds/Windows64/alcyone-ember-rpg_Data/StreamingAssets/Models/tts/piper/espeak-ng-data/lang/miz/mto
[ 472/1210  0s] CopyFiles Builds/Windows64/alcyone-ember-rpg_Data/StreamingAssets/Models/tts/piper/espeak-ng-data/lang/roa/es-419
[ 473/1210  0s] CopyFiles Builds/Windows64/alcyone-ember-rpg_Data/StreamingAssets/Models/tts/piper/espeak-ng-data/lang/roa/ca
[ 474/1210  0s] CopyFiles Builds/Windows64/alcyone-ember-rpg_Data/StreamingAssets/Models/tts/piper/espeak-ng-data/lang/myn/quc
[ 475/1210  0s] CopyFiles Builds/Windows64/alcyone-ember-rpg_Data/StreamingAssets/Models/tts/piper/espeak-ng-data/lang/map/haw
[ 476/1210  0s] CopyFiles Builds/Windows64/alcyone-ember-rpg_Data/StreamingAssets/Models/tts/piper/espeak-ng-data/lang/jpx/ja
[ 477/1210  0s] CopyFiles Builds/Windows64/alcyone-ember-rpg_Data/StreamingAssets/Models/tts/piper/espeak-ng-data/lang/ko
[ 478/1210  0s] CopyFiles Builds/Windows64/alcyone-ember-rpg_Data/StreamingAssets/Models/tts/piper/espeak-ng-data/lang/poz/ms
[ 479/1210  0s] CopyFiles Builds/Windows64/alcyone-ember-rpg_Data/StreamingAssets/Models/tts/piper/espeak-ng-data/lang/poz/mi
[ 480/1210  0s] CopyFiles Builds/Windows64/alcyone-ember-rpg_Data/StreamingAssets/Models/tts/piper/espeak-ng-data/lang/iro/chr
[ 481/1210  0s] CopyFiles Builds/Windows64/alcyone-ember-rpg_Data/StreamingAssets/Models/tts/piper/espeak-ng-data/lang/itc/la
[ 482/1210  0s] CopyFiles Builds/Windows64/alcyone-ember-rpg_Data/StreamingAssets/Models/tts/piper/espeak-ng-data/lang/ine/hyw
[ 483/1210  0s] CopyFiles Builds/Windows64/alcyone-ember-rpg_Data/StreamingAssets/Models/tts/piper/espeak-ng-data/lang/ine/hy
[ 484/1210  0s] CopyFiles Builds/Windows64/alcyone-ember-rpg_Data/StreamingAssets/Models/tts/piper/espeak-ng-data/lang/ine/sq
[ 485/1210  0s] CopyFiles Builds/Windows64/alcyone-ember-rpg_Data/StreamingAssets/Models/tts/piper/espeak-ng-data/lang/poz/id
[ 486/1210  0s] CopyFiles Builds/Windows64/alcyone-ember-rpg_Data/StreamingAssets/Models/tts/piper/espeak-ng-data/lang/inc/si
[ 487/1210  0s] CopyFiles Builds/Windows64/alcyone-ember-rpg_Data/StreamingAssets/Models/tts/piper/espeak-ng-data/lang/inc/sd
[ 488/1210  0s] CopyFiles Builds/Windows64/alcyone-ember-rpg_Data/StreamingAssets/Models/tts/piper/espeak-ng-data/lang/inc/ur
[ 489/1210  0s] CopyFiles Builds/Windows64/alcyone-ember-rpg_Data/StreamingAssets/Models/tts/piper/espeak-ng-data/lang/inc/hi
[ 490/1210  0s] CopyFiles Builds/Windows64/alcyone-ember-rpg_Data/StreamingAssets/Models/tts/piper/espeak-ng-data/lang/inc/mr
[ 491/1210  0s] CopyFiles Builds/Windows64/alcyone-ember-rpg_Data/StreamingAssets/Models/tts/piper/espeak-ng-data/lang/inc/as
[ 492/1210  0s] CopyFiles Builds/Windows64/alcyone-ember-rpg_Data/StreamingAssets/Models/tts/piper/espeak-ng-data/lang/grk/grc
[ 493/1210  0s] CopyFiles Builds/Windows64/alcyone-ember-rpg_Data/StreamingAssets/Models/tts/piper/espeak-ng-data/lang/inc/bpy
[ 494/1210  0s] CopyFiles Builds/Windows64/alcyone-ember-rpg_Data/StreamingAssets/Models/tts/piper/espeak-ng-data/lang/inc/bn
[ 495/1210  0s] CopyFiles Builds/Windows64/alcyone-ember-rpg_Data/StreamingAssets/Models/tts/piper/espeak-ng-data/lang/grk/el
[ 496/1210  0s] CopyFiles Builds/Windows64/alcyone-ember-rpg_Data/StreamingAssets/Models/tts/piper/espeak-ng-data/lang/inc/gu
[ 497/1210  0s] CopyFiles Builds/Windows64/alcyone-ember-rpg_Data/StreamingAssets/Models/tts/piper/espeak-ng-data/lang/inc/or
[ 498/1210  0s] CopyFiles Builds/Windows64/alcyone-ember-rpg_Data/StreamingAssets/Models/tts/piper/espeak-ng-data/lang/ira/ku
[ 499/1210  0s] CopyFiles Builds/Windows64/alcyone-ember-rpg_Data/StreamingAssets/Models/tts/piper/espeak-ng-data/lang/inc/ne
[ 500/1210  0s] CopyFiles Builds/Windows64/alcyone-ember-rpg_Data/StreamingAssets/Models/tts/piper/espeak-ng-data/lang/ira/fa-Latn
[ 501/1210  0s] CopyFiles Builds/Windows64/alcyone-ember-rpg_Data/StreamingAssets/Models/tts/piper/espeak-ng-data/lang/ira/fa
[ 502/1210  0s] CopyFiles Builds/Windows64/alcyone-ember-rpg_Data/StreamingAssets/Models/tts/piper/espeak-ng-data/lang/inc/pa
[ 503/1210  0s] CopyFiles Builds/Windows64/alcyone-ember-rpg_Data/StreamingAssets/Models/tts/piper/espeak-ng-data/lang/inc/kok
[ 504/1210  0s] CopyFiles Builds/Windows64/alcyone-ember-rpg_Data/StreamingAssets/Models/tts/piper/espeak-ng-data/lang/gmw/en-GB-x-gbclan
[ 505/1210  0s] CopyFiles Builds/Windows64/alcyone-ember-rpg_Data/StreamingAssets/Models/tts/piper/espeak-ng-data/lang/gmw/en-GB-x-gbcwmd
[ 506/1210  0s] CopyFiles Builds/Windows64/alcyone-ember-rpg_Data/StreamingAssets/Models/tts/piper/espeak-ng-data/lang/gmq/sv
[ 507/1210  0s] CopyFiles Builds/Windows64/alcyone-ember-rpg_Data/StreamingAssets/Models/tts/piper/espeak-ng-data/lang/gmw/nl
[ 508/1210  0s] CopyFiles Builds/Windows64/alcyone-ember-rpg_Data/StreamingAssets/Models/tts/piper/espeak-ng-data/lang/gmw/lb
[ 509/1210  0s] CopyFiles Builds/Windows64/alcyone-ember-rpg_Data/StreamingAssets/Models/tts/piper/espeak-ng-data/lang/gmw/en
[ 510/1210  0s] CopyFiles Builds/Windows64/alcyone-ember-rpg_Data/StreamingAssets/Models/tts/piper/espeak-ng-data/lang/gmw/en-US-nyc
[ 511/1210  0s] CopyFiles Builds/Windows64/alcyone-ember-rpg_Data/StreamingAssets/Models/tts/piper/espeak-ng-data/lang/gmq/nb
[ 512/1210  0s] CopyFiles Builds/Windows64/alcyone-ember-rpg_Data/StreamingAssets/Models/tts/piper/espeak-ng-data/lang/gmw/af
[ 513/1210  0s] CopyFiles Builds/Windows64/alcyone-ember-rpg_Data/StreamingAssets/Models/tts/piper/espeak-ng-data/lang/gmw/en-US
[ 514/1210  0s] CopyFiles Builds/Windows64/alcyone-ember-rpg_Data/StreamingAssets/Models/tts/piper/espeak-ng-data/lang/gmw/en-GB-scotland
[ 515/1210  0s] CopyFiles Builds/Windows64/alcyone-ember-rpg_Data/StreamingAssets/Models/tts/piper/espeak-ng-data/lang/gmw/en-GB-x-rp
[ 516/1210  0s] CopyFiles Builds/Windows64/alcyone-ember-rpg_Data/StreamingAssets/Models/tts/piper/espeak-ng-data/lang/gmq/da
[ 517/1210  0s] CopyFiles Builds/Windows64/alcyone-ember-rpg_Data/StreamingAssets/Models/tts/piper/espeak-ng-data/lang/gmq/is
[ 518/1210  0s] CopyFiles Builds/Windows64/alcyone-ember-rpg_Data/StreamingAssets/Models/tts/piper/espeak-ng-data/lang/gmw/de
[ 519/1210  0s] CopyFiles Builds/Windows64/alcyone-ember-rpg_Data/StreamingAssets/Models/tts/piper/espeak-ng-data/lang/gmw/en-029
[ 520/1210  0s] CopyFiles Builds/Windows64/alcyone-ember-rpg_Data/StreamingAssets/Models/tts/piper/espeak-ng-data/lang/esx/kl
[ 521/1210  0s] CopyFiles Builds/Windows64/alcyone-ember-rpg_Data/StreamingAssets/Models/tts/piper/espeak-ng-data/lang/eu
[ 522/1210  0s] CopyFiles Builds/Windows64/alcyone-ember-rpg_Data/StreamingAssets/Models/tts/piper/espeak-ng-data/lang/cus/om
[ 523/1210  0s] CopyFiles Builds/Windows64/alcyone-ember-rpg_Data/StreamingAssets/Models/tts/piper/espeak-ng-data/lang/dra/ml
[ 524/1210  0s] CopyFiles Builds/Windows64/alcyone-ember-rpg_Data/StreamingAssets/Models/tts/piper/espeak-ng-data/lang/dra/kn
[ 525/1210  0s] CopyFiles Builds/Windows64/alcyone-ember-rpg_Data/StreamingAssets/Models/tts/piper/espeak-ng-data/lang/dra/ta
[ 526/1210  0s] CopyFiles Builds/Windows64/alcyone-ember-rpg_Data/StreamingAssets/Models/tts/piper/espeak-ng-data/lang/dra/te
[ 527/1210  0s] CopyFiles Builds/Windows64/alcyone-ember-rpg_Data/StreamingAssets/Models/tts/piper/espeak-ng-data/lang/bnt/tn
[ 528/1210  0s] CopyFiles Builds/Windows64/alcyone-ember-rpg_Data/StreamingAssets/Models/tts/piper/espeak-ng-data/lang/bat/ltg
[ 529/1210  0s] CopyFiles Builds/Windows64/alcyone-ember-rpg_Data/StreamingAssets/Models/tts/piper/espeak-ng-data/lang/bnt/sw
[ 530/1210  0s] CopyFiles Builds/Windows64/alcyone-ember-rpg_Data/StreamingAssets/Models/tts/piper/espeak-ng-data/lang/bat/lt
[ 531/1210  0s] CopyFiles Builds/Windows64/alcyone-ember-rpg_Data/StreamingAssets/Models/tts/piper/espeak-ng-data/lang/cel/cy
[ 532/1210  0s] CopyFiles Builds/Windows64/alcyone-ember-rpg_Data/StreamingAssets/Models/tts/piper/espeak-ng-data/lang/cel/gd
[ 533/1210  0s] CopyFiles Builds/Windows64/alcyone-ember-rpg_Data/StreamingAssets/Models/tts/piper/espeak-ng-data/lang/ccs/ka
[ 534/1210  0s] CopyFiles Builds/Windows64/alcyone-ember-rpg_Data/StreamingAssets/Models/tts/piper/espeak-ng-data/lang/cel/ga
[ 535/1210  0s] CopyFiles Builds/Windows64/alcyone-ember-rpg_Data/StreamingAssets/Models/tts/piper/espeak-ng-data/lang/azc/nci
[ 536/1210  0s] CopyFiles Builds/Windows64/alcyone-ember-rpg_Data/StreamingAssets/Models/tts/piper/espeak-ng-data/lang/bat/lv
[ 537/1210  0s] CopyFiles Builds/Windows64/alcyone-ember-rpg_Data/StreamingAssets/Models/tts/piper/espeak-ng-data/lang/art/sjn
[ 538/1210  0s] CopyFiles Builds/Windows64/alcyone-ember-rpg_Data/StreamingAssets/Models/tts/piper/espeak-ng-data/lang/aav/vi-VN-x-central
[ 539/1210  0s] CopyFiles Builds/Windows64/alcyone-ember-rpg_Data/StreamingAssets/Models/tts/piper/espeak-ng-data/lang/aav/vi
[ 540/1210  0s] CopyFiles Builds/Windows64/alcyone-ember-rpg_Data/StreamingAssets/Models/tts/piper/espeak-ng-data/lang/aav/vi-VN-x-south
[ 541/1210  0s] CopyFiles Builds/Windows64/alcyone-ember-rpg_Data/StreamingAssets/Models/tts/piper/espeak-ng-data/ky_dict
[ 542/1210  0s] CopyFiles Builds/Windows64/alcyone-ember-rpg_Data/StreamingAssets/Models/tts/piper/espeak-ng-data/lang/art/jbo
[ 543/1210  0s] CopyFiles Builds/Windows64/alcyone-ember-rpg_Data/StreamingAssets/Models/tts/piper/espeak-ng-data/ku_dict
[ 544/1210  0s] CopyFiles Builds/Windows64/alcyone-ember-rpg_Data/StreamingAssets/Models/tts/piper/espeak-ng-data/ko_dict
[ 545/1210  0s] CopyFiles Builds/Windows64/alcyone-ember-rpg_Data/StreamingAssets/Models/tts/piper/espeak-ng-data/kok_dict
[ 546/1210  0s] CopyFiles Builds/Windows64/alcyone-ember-rpg_Data/StreamingAssets/Models/tts/piper/espeak-ng-data/lang/art/qdb
[ 547/1210  0s] CopyFiles Builds/Windows64/alcyone-ember-rpg_Data/StreamingAssets/Models/tts/piper/espeak-ng-data/lang/art/qya
[ 548/1210  0s] CopyFiles Builds/Windows64/alcyone-ember-rpg_Data/StreamingAssets/Models/tts/piper/espeak-ng-data/lang/art/lfn
[ 549/1210  0s] CopyFiles Builds/Windows64/alcyone-ember-rpg_Data/StreamingAssets/Models/tts/piper/espeak-ng-data/jbo_dict
[ 550/1210  0s] CopyFiles Builds/Windows64/alcyone-ember-rpg_Data/StreamingAssets/Models/tts/piper/espeak-ng-data/kk_dict
[ 551/1210  0s] CopyFiles Builds/Windows64/alcyone-ember-rpg_Data/StreamingAssets/Models/tts/piper/espeak-ng-data/ka_dict
[ 552/1210  0s] CopyFiles Builds/Windows64/alcyone-ember-rpg_Data/StreamingAssets/Models/tts/piper/espeak-ng-data/kl_dict
[ 553/1210  0s] CopyFiles Builds/Windows64/alcyone-ember-rpg_Data/StreamingAssets/Models/tts/piper/espeak-ng-data/lang/art/io
[ 554/1210  0s] CopyFiles Builds/Windows64/alcyone-ember-rpg_Data/StreamingAssets/Models/tts/piper/espeak-ng-data/ja_dict
[ 555/1210  0s] CopyFiles Builds/Windows64/alcyone-ember-rpg_Data/StreamingAssets/Models/tts/piper/espeak-ng-data/lang/art/piqd
[ 556/1210  0s] CopyFiles Builds/Windows64/alcyone-ember-rpg_Data/StreamingAssets/Models/tts/piper/espeak-ng-data/lang/art/ia
[ 557/1210  0s] CopyFiles Builds/Windows64/alcyone-ember-rpg_Data/StreamingAssets/Models/tts/piper/espeak-ng-data/lang/art/eo
[ 558/1210  0s] CopyFiles Builds/Windows64/alcyone-ember-rpg_Data/StreamingAssets/Models/tts/piper/espeak-ng-data/io_dict
[ 559/1210  0s] CopyFiles Builds/Windows64/alcyone-ember-rpg_Data/StreamingAssets/Models/tts/piper/espeak-ng-data/it_dict
[ 560/1210  0s] CopyFiles Builds/Windows64/alcyone-ember-rpg_Data/StreamingAssets/Models/tts/piper/espeak-ng-data/intonations
[ 561/1210  0s] CopyFiles Builds/Windows64/alcyone-ember-rpg_Data/StreamingAssets/Models/tts/piper/espeak-ng-data/is_dict
[ 562/1210  0s] CopyFiles Builds/Windows64/alcyone-ember-rpg_Data/StreamingAssets/Models/tts/piper/espeak-ng-data/kn_dict
[ 563/1210  0s] CopyFiles Builds/Windows64/alcyone-ember-rpg_Data/StreamingAssets/Models/tts/piper/espeak-ng-data/id_dict
[ 564/1210  0s] CopyFiles Builds/Windows64/alcyone-ember-rpg_Data/StreamingAssets/Models/tts/piper/espeak-ng-data/hu_dict
[ 565/1210  0s] CopyFiles Builds/Windows64/alcyone-ember-rpg_Data/StreamingAssets/Models/tts/piper/espeak-ng-data/ht_dict
[ 566/1210  0s] CopyFiles Builds/Windows64/alcyone-ember-rpg_Data/StreamingAssets/Models/tts/piper/espeak-ng-data/lang/art/py
[ 567/1210  0s] CopyFiles Builds/Windows64/alcyone-ember-rpg_Data/StreamingAssets/Models/tts/piper/espeak-ng-data/ia_dict
[ 568/1210  0s] CopyFiles Builds/Windows64/alcyone-ember-rpg_Data/StreamingAssets/Models/tts/piper/espeak-ng-data/gu_dict
[ 569/1210  0s] CopyFiles Builds/Windows64/alcyone-ember-rpg_Data/StreamingAssets/Models/tts/piper/espeak-ng-data/hi_dict
[ 570/1210  0s] CopyFiles Builds/Windows64/alcyone-ember-rpg_Data/StreamingAssets/Models/tts/piper/espeak-ng-data/hr_dict
[ 571/1210  0s] CopyFiles Builds/Windows64/alcyone-ember-rpg_Data/StreamingAssets/Models/tts/piper/espeak-ng-data/hak_dict
[ 572/1210  0s] CopyFiles Builds/Windows64/alcyone-ember-rpg_Data/StreamingAssets/Models/tts/piper/espeak-ng-data/grc_dict
[ 573/1210  0s] CopyFiles Builds/Windows64/alcyone-ember-rpg_Data/StreamingAssets/Models/tts/piper/espeak-ng-data/haw_dict
[ 574/1210  0s] CopyFiles Builds/Windows64/alcyone-ember-rpg_Data/StreamingAssets/Models/tts/piper/espeak-ng-data/hy_dict
[ 575/1210  0s] CopyFiles Builds/Windows64/alcyone-ember-rpg_Data/StreamingAssets/Models/tts/piper/espeak-ng-data/he_dict
[ 576/1210  0s] CopyFiles Builds/Windows64/alcyone-ember-rpg_Data/StreamingAssets/Models/tts/piper/espeak-ng-data/gn_dict
[ 577/1210  0s] CopyFiles Builds/Windows64/alcyone-ember-rpg_Data/StreamingAssets/Models/tts/piper/espeak-ng-data/fi_dict
[ 578/1210  0s] CopyFiles Builds/Windows64/alcyone-ember-rpg_Data/StreamingAssets/Models/tts/piper/espeak-ng-data/fa_dict
[ 579/1210  0s] CopyFiles Builds/Windows64/alcyone-ember-rpg_Data/StreamingAssets/Models/tts/piper/espeak-ng-data/ga_dict
[ 580/1210  0s] CopyFiles Builds/Windows64/alcyone-ember-rpg_Data/StreamingAssets/Models/tts/piper/espeak-ng-data/eo_dict
[ 581/1210  0s] CopyFiles Builds/Windows64/alcyone-ember-rpg_Data/StreamingAssets/Models/tts/piper/espeak-ng-data/fr_dict
[ 582/1210  0s] CopyFiles Builds/Windows64/alcyone-ember-rpg_Data/StreamingAssets/Models/tts/piper/espeak-ng-data/eu_dict
[ 583/1210  0s] CopyFiles Builds/Windows64/alcyone-ember-rpg_Data/StreamingAssets/Models/tts/piper/espeak-ng-data/gd_dict
[ 584/1210  0s] CopyFiles Builds/Windows64/alcyone-ember-rpg_Data/StreamingAssets/Models/tts/piper/espeak-ng-data/el_dict
[ 585/1210  0s] CopyFiles Builds/Windows64/alcyone-ember-rpg_Data/StreamingAssets/Models/tts/piper/espeak-ng-data/en_dict
[ 586/1210  0s] CopyFiles Builds/Windows64/alcyone-ember-rpg_Data/StreamingAssets/Models/tts/piper/espeak-ng-data/da_dict
[ 587/1210  0s] CopyFiles Builds/Windows64/alcyone-ember-rpg_Data/StreamingAssets/Models/tts/piper/espeak-ng-data/cs_dict
[ 588/1210  0s] CopyFiles Builds/Windows64/alcyone-ember-rpg_Data/StreamingAssets/Models/tts/piper/espeak-ng-data/es_dict
[ 589/1210  0s] CopyFiles Builds/Windows64/alcyone-ember-rpg_Data/StreamingAssets/Models/tts/piper/espeak-ng-data/et_dict
[ 590/1210  0s] CopyFiles Builds/Windows64/alcyone-ember-rpg_Data/StreamingAssets/Models/tts/piper/espeak-ng-data/de_dict
[ 591/1210  0s] CopyFiles Builds/Windows64/alcyone-ember-rpg_Data/StreamingAssets/Models/tts/piper/espeak-ng-data/cy_dict
[ 592/1210  0s] CopyFiles Builds/Windows64/alcyone-ember-rpg_Data/StreamingAssets/Models/tts/piper/espeak-ng-data/bn_dict
[ 593/1210  0s] CopyFiles Builds/Windows64/alcyone-ember-rpg_Data/StreamingAssets/Models/tts/piper/espeak-ng-data/bpy_dict
[ 594/1210  0s] CopyFiles Builds/Windows64/alcyone-ember-rpg_Data/StreamingAssets/Models/tts/piper/espeak-ng-data/ca_dict
[ 595/1210  0s] CopyFiles Builds/Windows64/alcyone-ember-rpg_Data/StreamingAssets/Models/tts/piper/espeak-ng-data/bs_dict
[ 596/1210  0s] CopyFiles Builds/Windows64/alcyone-ember-rpg_Data/StreamingAssets/Models/tts/piper/espeak-ng-data/cmn_dict
[ 597/1210  0s] CopyFiles Builds/Windows64/alcyone-ember-rpg_Data/StreamingAssets/Models/tts/piper/espeak-ng-data/chr_dict
[ 598/1210  0s] CopyFiles Builds/Windows64/alcyone-ember-rpg_Data/StreamingAssets/Models/tts/piper/espeak-ng-data/bg_dict
[ 599/1210  0s] CopyFiles Builds/Windows64/alcyone-ember-rpg_Data/StreamingAssets/Models/tts/piper/espeak-ng-data/ba_dict
[ 600/1210  0s] CopyFiles Builds/Windows64/alcyone-ember-rpg_Data/StreamingAssets/Models/tts/piper/espeak-ng-data/az_dict
[ 601/1210  0s] CopyFiles Builds/Windows64/alcyone-ember-rpg_Data/StreamingAssets/Models/tts/piper/en_US-libritts_r-medium.onnx.json
[ 602/1210  0s] CopyFiles Builds/Windows64/alcyone-ember-rpg_Data/StreamingAssets/Models/sdxl-turbo/vae_encoder/model.onnx
[ 603/1210  0s] CopyFiles Builds/Windows64/alcyone-ember-rpg_Data/StreamingAssets/Models/tts/piper/espeak-ng-data/be_dict
[ 604/1210  0s] CopyFiles Builds/Windows64/alcyone-ember-rpg_Data/StreamingAssets/Models/tts/piper/espeak-ng-data/ar_dict
[ 605/1210  0s] CopyFiles Builds/Windows64/alcyone-ember-rpg_Data/StreamingAssets/Models/tts/piper/espeak-ng-data/as_dict
[ 606/1210  0s] CopyFiles Builds/Windows64/alcyone-ember-rpg_Data/StreamingAssets/Models/tts/piper/espeak-ng-data/cv_dict
[ 607/1210  0s] CopyFiles Builds/Windows64/alcyone-ember-rpg_Data/StreamingAssets/Models/tts/piper/espeak-ng-data/an_dict
[ 608/1210  0s] CopyFiles Builds/Windows64/alcyone-ember-rpg_Data/StreamingAssets/Models/tts/piper/en_US-libritts_r-medium.onnx
[ 609/1210  1s] CopyFiles Builds/Windows64/alcyone-ember-rpg_Data/StreamingAssets/Models/tts/piper/espeak-ng-data/am_dict
[ 610/1210  1s] CopyFiles Builds/Windows64/alcyone-ember-rpg_Data/StreamingAssets/Models/tts/piper/espeak-ng-data/af_dict
[ 611/1210  0s] CopyFiles Builds/Windows64/alcyone-ember-rpg_Data/StreamingAssets/Models/sdxl-turbo/unet/model.onnx
[ 612/1210  1s] CopyFiles Builds/Windows64/alcyone-ember-rpg_Data/StreamingAssets/Models/sdxl-turbo/vae_decoder/model.onnx
[ 613/1210  0s] CopyFiles Builds/Windows64/alcyone-ember-rpg_Data/StreamingAssets/Models/sdxl-turbo/tokenizer_2/tokenizer_config.json
[ 614/1210  0s] CopyFiles Builds/Windows64/alcyone-ember-rpg_Data/StreamingAssets/Models/sdxl-turbo/tokenizer_2/vocab.json
[ 615/1210  0s] CopyFiles Builds/Windows64/alcyone-ember-rpg_Data/StreamingAssets/Models/sdxl-turbo/tokenizer_2/special_tokens_map.json
[ 616/1210  0s] CopyFiles Builds/Windows64/alcyone-ember-rpg_Data/StreamingAssets/Models/sdxl-turbo/scheduler/scheduler_config.json
[ 617/1210  1s] CopyFiles Builds/Windows64/alcyone-ember-rpg_Data/StreamingAssets/Models/sdxl-turbo/tokenizer/special_tokens_map.json
[ 618/1210  1s] CopyFiles Builds/Windows64/alcyone-ember-rpg_Data/StreamingAssets/Models/sdxl-turbo/tokenizer/vocab.json
[ 619/1210  2s] CopyFiles Builds/Windows64/alcyone-ember-rpg_Data/StreamingAssets/Models/sdxl-turbo/README.md
[ 620/1210  2s] CopyFiles Builds/Windows64/alcyone-ember-rpg_Data/StreamingAssets/Models/sdxl-turbo/tokenizer_2/merges.txt
[ 621/1210  2s] CopyFiles Builds/Windows64/alcyone-ember-rpg_Data/StreamingAssets/Models/sdxl-turbo/model_index.json
[ 622/1210  2s] CopyFiles Builds/Windows64/alcyone-ember-rpg_Data/StreamingAssets/Models/sdxl-turbo/LICENSE
[ 623/1210  3s] CopyFiles Builds/Windows64/alcyone-ember-rpg_Data/StreamingAssets/Models/sdxl-turbo/tokenizer/tokenizer_config.json
[ 624/1210  3s] CopyFiles Builds/Windows64/alcyone-ember-rpg_Data/StreamingAssets/Models/sdxl-turbo/tokenizer/merges.txt
[ 625/1210  3s] CopyFiles Builds/Windows64/alcyone-ember-rpg_Data/StreamingAssets/Models/sd-1.5/tokenizer/tokenizer_config.json
[ 626/1210  3s] CopyFiles Builds/Windows64/alcyone-ember-rpg_Data/StreamingAssets/Models/sd-1.5/tokenizer/special_tokens_map.json
[ 627/1210  6s] CopyFiles Builds/Windows64/alcyone-ember-rpg_Data/StreamingAssets/Models/sd-1.5/unet/model.onnx
[ 628/1210  4s] CopyFiles Builds/Windows64/alcyone-ember-rpg_Data/StreamingAssets/Models/sd-1.5/tokenizer/vocab.json
[ 629/1210  0s] CopyFiles Builds/Windows64/alcyone-ember-rpg_Data/StreamingAssets/Models/sd-1.5/scheduler/scheduler_config.json
[ 630/1210  0s] CopyFiles Builds/Windows64/alcyone-ember-rpg_Data/StreamingAssets/Models/sd-1.5/tokenizer/merges.txt
[ 631/1210  0s] CopyFiles Builds/Windows64/alcyone-ember-rpg_Data/StreamingAssets/Models/sd-1.5/README.md
[ 632/1210  0s] CopyFiles Builds/Windows64/alcyone-ember-rpg_Data/StreamingAssets/Models/sd-1.5/model_index.json
[ 633/1210  1s] CopyFiles Builds/Windows64/alcyone-ember-rpg_Data/StreamingAssets/Models/manifest.json
[ 634/1210  0s] CopyFiles Builds/Windows64/alcyone-ember-rpg_Data/StreamingAssets/Models/all-minilm-l6-v2/tokenizer.json
[ 635/1210  0s] CopyFiles Builds/Windows64/alcyone-ember-rpg_Data/StreamingAssets/Generated/Core/window_shutter.png
[ 636/1210  0s] CopyFiles Builds/Windows64/alcyone-ember-rpg_Data/StreamingAssets/Generated/Core/window_oculus.png
[ 637/1210  0s] CopyFiles Builds/Windows64/alcyone-ember-rpg_Data/StreamingAssets/Generated/Core/window_leaded.png
[ 638/1210  1s] CopyFiles Builds/Windows64/alcyone-ember-rpg_Data/StreamingAssets/Generated/Core/window_barred.png
[ 639/1210  1s] CopyFiles Builds/Windows64/alcyone-ember-rpg_Data/StreamingAssets/Generated/Core/window_arched.png
[ 640/1210  0s] CopyFiles Builds/Windows64/alcyone-ember-rpg_Data/StreamingAssets/Generated/Core/wall_trademarket.png
[ 641/1210  2s] CopyFiles Builds/Windows64/alcyone-ember-rpg_Data/StreamingAssets/Generated/Core/wall_tavernflavour.png
[ 642/1210  0s] CopyFiles Builds/Windows64/alcyone-ember-rpg_Data/StreamingAssets/Generated/Core/wall_showroomoverview.png
[ 643/1210  0s] CopyFiles Builds/Windows64/alcyone-ember-rpg_Data/StreamingAssets/Generated/Core/wall_seasonfarm.png
[ 644/1210  0s] CopyFiles Builds/Windows64/alcyone-ember-rpg_Data/StreamingAssets/Generated/Core/wall_ritualhall.png
[ 645/1210  0s] CopyFiles Builds/Windows64/alcyone-ember-rpg_Data/StreamingAssets/Generated/Core/wall_oracleshrine.png
[ 646/1210  0s] CopyFiles Builds/Windows64/alcyone-ember-rpg_Data/StreamingAssets/Generated/Core/wall_combatdungeon.png
[ 647/1210  0s] CopyFiles Builds/Windows64/alcyone-ember-rpg_Data/StreamingAssets/Generated/Core/wall_colonyneeds.png
[ 648/1210  0s] CopyFiles Builds/Windows64/alcyone-ember-rpg_Data/StreamingAssets/Generated/Core/splash_background.png
[ 649/1210  0s] CopyFiles Builds/Windows64/alcyone-ember-rpg_Data/StreamingAssets/Generated/Core/spell_sleep.png
[ 650/1210  2s] CopyFiles Builds/Windows64/alcyone-ember-rpg_Data/StreamingAssets/Generated/Core/spell_shield.png
[ 651/1210  1s] CopyFiles Builds/Windows64/alcyone-ember-rpg_Data/StreamingAssets/Generated/Core/spell_lightning.png
[ 652/1210 20s] CopyFiles Builds/Windows64/alcyone-ember-rpg_Data/StreamingAssets/Models/sd-1.5/vae_encoder/model.onnx
[ 653/1210  0s] CopyFiles Builds/Windows64/alcyone-ember-rpg_Data/StreamingAssets/Generated/Core/spell_heal.png
[ 654/1210  0s] CopyFiles Builds/Windows64/alcyone-ember-rpg_Data/StreamingAssets/Generated/Core/spell_ice.png
[ 655/1210  0s] CopyFiles Builds/Windows64/alcyone-ember-rpg_Data/StreamingAssets/Generated/Core/spell_fire.png
[ 656/1210  0s] CopyFiles Builds/Windows64/alcyone-ember-rpg_Data/StreamingAssets/Generated/Core/skill.png
[ 657/1210  0s] CopyFiles Builds/Windows64/alcyone-ember-rpg_Data/StreamingAssets/Generated/Core/settings.png
[ 658/1210  0s] CopyFiles Builds/Windows64/alcyone-ember-rpg_Data/StreamingAssets/Generated/Core/roof_timber.png
[ 659/1210  0s] CopyFiles Builds/Windows64/alcyone-ember-rpg_Data/StreamingAssets/Generated/Core/roof_thatch.png
[ 660/1210  0s] CopyFiles Builds/Windows64/alcyone-ember-rpg_Data/StreamingAssets/Generated/Core/roof_slate.png
[ 661/1210  0s] CopyFiles Builds/Windows64/alcyone-ember-rpg_Data/StreamingAssets/Generated/Core/roof_clay_tile.png
[ 662/1210  0s] CopyFiles Builds/Windows64/alcyone-ember-rpg_Data/StreamingAssets/Generated/Core/rest.png
[ 663/1210  0s] CopyFiles Builds/Windows64/alcyone-ember-rpg_Data/StreamingAssets/Generated/Core/npc_sage.png
[ 664/1210  0s] CopyFiles Builds/Windows64/alcyone-ember-rpg_Data/StreamingAssets/Generated/Core/npc_scholar.png
[ 665/1210  0s] CopyFiles Builds/Windows64/alcyone-ember-rpg_Data/StreamingAssets/Generated/Core/npc_rogue.png
[ 666/1210  0s] CopyFiles Builds/Windows64/alcyone-ember-rpg_Data/StreamingAssets/Generated/Core/npc_priest.png
[ 667/1210  1s] CopyFiles Builds/Windows64/alcyone-ember-rpg_Data/StreamingAssets/Generated/Core/npc_noble.png
[ 668/1210  1s] CopyFiles Builds/Windows64/alcyone-ember-rpg_Data/StreamingAssets/Generated/Core/npc_outlaw.png
[ 669/1210  0s] CopyFiles Builds/Windows64/alcyone-ember-rpg_Data/StreamingAssets/Generated/Core/npc_mage.png
[ 670/1210  0s] CopyFiles Builds/Windows64/alcyone-ember-rpg_Data/StreamingAssets/Generated/Core/npc_merchant.png
[ 671/1210  0s] CopyFiles Builds/Windows64/alcyone-ember-rpg_Data/StreamingAssets/Generated/Core/npc_knight.png
[ 672/1210  0s] CopyFiles Builds/Windows64/alcyone-ember-rpg_Data/StreamingAssets/Generated/Core/npc_innkeeper.png
[ 673/1210 24s] CopyFiles Builds/Windows64/alcyone-ember-rpg_Data/StreamingAssets/Models/sd-1.5/vae_decoder/model.onnx
[ 674/1210  1s] CopyFiles Builds/Windows64/alcyone-ember-rpg_Data/StreamingAssets/Generated/Core/npc_healer.png
[ 675/1210  0s] CopyFiles Builds/Windows64/alcyone-ember-rpg_Data/StreamingAssets/Generated/Core/npc_blacksmith.png
[ 676/1210  2s] CopyFiles Builds/Windows64/alcyone-ember-rpg_Data/StreamingAssets/Generated/Core/npc_guard.png
[ 677/1210  1s] CopyFiles Builds/Windows64/alcyone-ember-rpg_Data/StreamingAssets/Generated/Core/npc_farmer.png
[ 678/1210  0s] CopyFiles Builds/Windows64/alcyone-ember-rpg_Data/StreamingAssets/Generated/Core/npc_beggar.png
[ 679/1210  0s] CopyFiles Builds/Windows64/alcyone-ember-rpg_Data/StreamingAssets/Generated/Core/npc_bandit.png
[ 680/1210  0s] CopyFiles Builds/Windows64/alcyone-ember-rpg_Data/StreamingAssets/Generated/Core/npc_bard.png
[ 681/1210  1s] CopyFiles Builds/Windows64/alcyone-ember-rpg_Data/StreamingAssets/Generated/Core/map.png
[ 682/1210  1s] CopyFiles Builds/Windows64/alcyone-ember-rpg_Data/StreamingAssets/Generated/Core/npc_artisan.png
[ 683/1210  1s] CopyFiles Builds/Windows64/alcyone-ember-rpg_Data/StreamingAssets/Generated/Core/new_game.png
[ 684/1210  0s] CopyFiles Builds/Windows64/alcyone-ember-rpg_Data/StreamingAssets/Generated/Core/magic.png
[ 685/1210  0s] CopyFiles Builds/Windows64/alcyone-ember-rpg_Data/StreamingAssets/Generated/Core/logo_full.png
[ 686/1210  1s] CopyFiles Builds/Windows64/alcyone-ember-rpg_Data/StreamingAssets/Generated/Core/logo_compact.png
[ 687/1210  0s] CopyFiles Builds/Windows64/alcyone-ember-rpg_Data/StreamingAssets/Generated/Core/journal.png
[ 688/1210 22s] CopyFiles Builds/Windows64/alcyone-ember-rpg_Data/StreamingAssets/Models/all-minilm-l6-v2/model.onnx
[ 689/1210  0s] CopyFiles Builds/Windows64/alcyone-ember-rpg_Data/StreamingAssets/Generated/Core/item_sword.png
[ 690/1210  0s] CopyFiles Builds/Windows64/alcyone-ember-rpg_Data/StreamingAssets/Generated/Core/item_shield.png
[ 691/1210  0s] CopyFiles Builds/Windows64/alcyone-ember-rpg_Data/StreamingAssets/Generated/Core/item_staff.png
[ 692/1210  0s] CopyFiles Builds/Windows64/alcyone-ember-rpg_Data/StreamingAssets/Generated/Core/item_scroll.png
[ 693/1210  0s] CopyFiles Builds/Windows64/alcyone-ember-rpg_Data/StreamingAssets/Generated/Core/item_potion.png
[ 694/1210  0s] CopyFiles Builds/Windows64/alcyone-ember-rpg_Data/StreamingAssets/Generated/Core/item_key.png
[ 695/1210  0s] CopyFiles Builds/Windows64/alcyone-ember-rpg_Data/StreamingAssets/Generated/Core/item_ring.png
[ 696/1210  1s] CopyFiles Builds/Windows64/alcyone-ember-rpg_Data/StreamingAssets/Generated/Core/item_helm.png
[ 697/1210  1s] CopyFiles Builds/Windows64/alcyone-ember-rpg_Data/StreamingAssets/Generated/Core/item_bow.png
[ 698/1210  1s] CopyFiles Builds/Windows64/alcyone-ember-rpg_Data/StreamingAssets/Generated/Core/inventory.png
[ 699/1210  0s] CopyFiles Builds/Windows64/alcyone-ember-rpg_Data/StreamingAssets/Generated/Core/error.png
[ 700/1210  1s] CopyFiles Builds/Windows64/alcyone-ember-rpg_Data/StreamingAssets/Generated/Core/item_boots.png
[ 701/1210  0s] CopyFiles Builds/Windows64/alcyone-ember-rpg_Data/StreamingAssets/Generated/Core/equip.png
[ 702/1210  0s] CopyFiles Builds/Windows64/alcyone-ember-rpg_Data/StreamingAssets/Generated/Core/env_tavernflavour.png
[ 703/1210  0s] CopyFiles Builds/Windows64/alcyone-ember-rpg_Data/StreamingAssets/Generated/Core/env_trademarket.png
[ 704/1210  0s] CopyFiles Builds/Windows64/alcyone-ember-rpg_Data/StreamingAssets/Generated/Core/env_showroomoverview.png
[ 705/1210  1s] CopyFiles Builds/Windows64/alcyone-ember-rpg_Data/StreamingAssets/Generated/Core/env_seasonfarm.png
[ 706/1210  0s] CopyFiles Builds/Windows64/alcyone-ember-rpg_Data/StreamingAssets/Generated/Core/env_ritualhall.png
[ 707/1210  0s] CopyFiles Builds/Windows64/alcyone-ember-rpg_Data/StreamingAssets/Generated/Core/env_combatdungeon.png
[ 708/1210  0s] CopyFiles Builds/Windows64/alcyone-ember-rpg_Data/StreamingAssets/Generated/Core/env_oracleshrine.png
[ 709/1210  0s] CopyFiles Builds/Windows64/alcyone-ember-rpg_Data/StreamingAssets/Generated/Core/door_temple.png
[ 710/1210  1s] CopyFiles Builds/Windows64/alcyone-ember-rpg_Data/StreamingAssets/Generated/Core/drop.png
[ 711/1210  1s] CopyFiles Builds/Windows64/alcyone-ember-rpg_Data/StreamingAssets/Generated/Core/door_stone_arch.png
[ 712/1210  2s] CopyFiles Builds/Windows64/alcyone-ember-rpg_Data/StreamingAssets/Generated/Core/env_colonyneeds.png
[ 713/1210  0s] CopyFiles Builds/Windows64/alcyone-ember-rpg_Data/StreamingAssets/Generated/Core/door_cellar.png
[ 714/1210  0s] CopyFiles Builds/Windows64/alcyone-ember-rpg_Data/StreamingAssets/Generated/Core/door_iron.png
[ 715/1210  0s] CopyFiles Builds/Windows64/alcyone-ember-rpg_Data/StreamingAssets/Generated/Core/dm_portrait.png
[ 716/1210  1s] CopyFiles Builds/Windows64/alcyone-ember-rpg_Data/StreamingAssets/Generated/Core/door_oak.png
[ 717/1210  3s] CopyFiles Builds/Windows64/alcyone-ember-rpg_Data/StreamingAssets/Generated/Core/dice.png
[ 718/1210  3s] CopyFiles Builds/Windows64/alcyone-ember-rpg_Data/StreamingAssets/Generated/Core/continue.png
[ 719/1210  3s] CopyFiles Builds/Windows64/alcyone-ember-rpg_Data/StreamingAssets/Generated/Core/defend.png
[ 720/1210  0s] CopyFiles Builds/Windows64/alcyone-ember-rpg_Data/StreamingAssets/Generated/Core/attack.png
[ 721/1210  0s] CopyFiles Builds/Windows64/alcyone-ember-rpg_Data/StreamingAssets/Generated/Core/art_spy.png
[ 722/1210  0s] CopyFiles Builds/Windows64/alcyone-ember-rpg_Data/StreamingAssets/Generated/Core/art_witch.png
[ 723/1210  0s] CopyFiles Builds/Windows64/alcyone-ember-rpg_Data/StreamingAssets/Generated/Core/art_thief.png
[ 724/1210  0s] CopyFiles Builds/Windows64/alcyone-ember-rpg_Data/StreamingAssets/Generated/Core/art_sage.png
[ 725/1210  0s] CopyFiles Builds/Windows64/alcyone-ember-rpg_Data/StreamingAssets/Generated/Core/art_spider.png
[ 726/1210  0s] CopyFiles Builds/Windows64/alcyone-ember-rpg_Data/StreamingAssets/Generated/Core/art_orc.png
[ 727/1210  1s] CopyFiles Builds/Windows64/alcyone-ember-rpg_Data/StreamingAssets/Generated/Core/art_skeleton.png
[ 728/1210  1s] CopyFiles Builds/Windows64/alcyone-ember-rpg_Data/StreamingAssets/Generated/Core/art_necromancer.png
[ 729/1210  1s] CopyFiles Builds/Windows64/alcyone-ember-rpg_Data/StreamingAssets/Generated/Core/art_knight.png
[ 730/1210 45s] CopyFiles Builds/Windows64/alcyone-ember-rpg_Data/StreamingAssets/Models/sdxl-turbo/text_encoder/model.onnx
[ 731/1210  0s] CopyFiles Builds/Windows64/alcyone-ember-rpg_Data/StreamingAssets/Generated/Core/art_goblin_fixed.png
[ 732/1210  0s] CopyFiles Builds/Windows64/alcyone-ember-rpg_Data/StreamingAssets/Generated/Core/art_ghost.png
[ 733/1210  1s] CopyFiles Builds/Windows64/alcyone-ember-rpg_Data/StreamingAssets/Generated/Core/art_innkeeper.png
[ 734/1210  1s] CopyFiles Builds/Windows64/alcyone-ember-rpg_Data/StreamingAssets/Generated/Core/art_healer.png
[ 735/1210  0s] CopyFiles Builds/Windows64/alcyone-ember-rpg_Data/StreamingAssets/Generated/Core/art_beggar_fixed.png
[ 736/1210  0s] CopyFiles Builds/Windows64/alcyone-ember-rpg_Data/StreamingAssets/Generated/Core/art_blacksmith.png
[ 737/1210  0s] CopyFiles Builds/Windows64/alcyone-ember-rpg_Data/StreamingAssets/Generated/Core/art_bard.png
[ 738/1210  0s] CopyFiles Builds/Windows64/alcyone-ember-rpg_Data/StreamingAssets/Generated/Core/art_bandit_fixed.png
[ 739/1210  0s] CopyFiles Builds/Windows64/alcyone-ember-rpg_Data/StreamingAssets/Generated/Core/art_beast_quadruped.png
[ 740/1210  0s] CopyFiles Builds/Windows64/alcyone-ember-rpg_Data/StreamingAssets/Content/worldgen.json
[ 741/1210  0s] CopyFiles Builds/Windows64/alcyone-ember-rpg_Data/StreamingAssets/Content/world/species_templates.json
[ 742/1210  0s] CopyFiles Builds/Windows64/alcyone-ember-rpg_Data/StreamingAssets/Content/world/npc_templates.json
[ 743/1210  0s] CopyFiles Builds/Windows64/alcyone-ember-rpg_Data/StreamingAssets/Content/world/quest_templates.json
[ 744/1210  0s] CopyFiles Builds/Windows64/alcyone-ember-rpg_Data/StreamingAssets/Content/world/furniture.json
[ 745/1210  0s] CopyFiles Builds/Windows64/alcyone-ember-rpg_Data/StreamingAssets/Content/world/building_templates.json
[ 746/1210  0s] CopyFiles Builds/Windows64/alcyone-ember-rpg_Data/StreamingAssets/Content/world/profiles.json
[ 747/1210  0s] CopyFiles Builds/Windows64/alcyone-ember-rpg_Data/StreamingAssets/Content/ui_plan.json
[ 748/1210  0s] CopyFiles Builds/Windows64/alcyone-ember-rpg_Data/StreamingAssets/Content/world/cultures.json
[ 749/1210  0s] CopyFiles Builds/Windows64/alcyone-ember-rpg_Data/StreamingAssets/Content/world/biomes.json
[ 750/1210 49s] UnityLinker D:/projects/alcyone-ember-rpg/Library/Bee/artifacts/unitylinker_dwek.traceevents
E:\Program Files\Unity\Hub\Editor\6000.3.13f1\Editor\Data\il2cpp\build\deploy\UnityLinker.exe @Library\Bee\artifacts\rsp\11802486947223953759.rsp
[ 751/1210  1s] CopyFiles Builds/Windows64/alcyone-ember-rpg_Data/StreamingAssets/Content/spells.json
[ 753/1210  1s] CopyFiles Builds/Windows64/alcyone-ember-rpg_Data/StreamingAssets/Content/world/adapters/scifi_frontier.json
[ 754/1210  1s] CopyFiles Builds/Windows64/alcyone-ember-rpg_Data/StreamingAssets/Content/world/adapters/fantasy_ember.json
[ 757/1210  0s] CopyFiles Builds/Windows64/alcyone-ember-rpg_Data/StreamingAssets/Content/schedules.json
[ 758/1210  0s] CopyFiles Builds/Windows64/alcyone-ember-rpg_Data/StreamingAssets/Content/social_rules.json
[ 767/1210  1s] ExtractUsedFeatures Library/Bee/artifacts/WinPlayerBuildProgram/Features/EmberCrpg.Infrastructure-FeaturesChecked.txt
[ 769/1210  1s] ExtractUsedFeatures Library/Bee/artifacts/WinPlayerBuildProgram/Features/EmberCrpg.Data.SliceJson-FeaturesChecked.txt
[ 770/1210  0s] CopyFiles Builds/Windows64/alcyone-ember-rpg_Data/Managed/Unity.RenderPipeline.Universal.ShaderLibrary.dll
[ 771/1210  1s] CopyFiles Builds/Windows64/alcyone-ember-rpg_Data/Managed/Unity.RenderPipelines.Core.Runtime.Shared.dll
[ 784/1210  1s] ExtractUsedFeatures Library/Bee/artifacts/WinPlayerBuildProgram/Features/EmberCrpg.Presentation-FeaturesChecked.txt
[ 794/1210  0s] CopyFiles Builds/Windows64/alcyone-ember-rpg_Data/Managed/UnityEngine.ContentLoadModule.dll
[ 795/1210  0s] CopyFiles Builds/Windows64/alcyone-ember-rpg_Data/Managed/UnityEngine.MarshallingModule.dll
[ 796/1210  3s] CopyFiles Builds/Windows64/alcyone-ember-rpg_Data/Managed/Unity.RenderPipelines.ShaderGraph.ShaderGraphLibrary.dll
[ 798/1210  0s] CopyFiles Builds/Windows64/alcyone-ember-rpg_Data/Managed/System.Data.DataSetExtensions.dll
[ 799/1210  0s] CopyFiles Builds/Windows64/alcyone-ember-rpg_Data/Managed/UnityEngine.MultiplayerModule.dll
[ 800/1210  0s] CopyFiles Builds/Windows64/alcyone-ember-rpg_Data/Managed/UnityEngine.AssetBundleModule.dll
[ 801/1210  0s] CopyFiles Builds/Windows64/alcyone-ember-rpg_Data/Managed/UnityEngine.IdentifiersModule.dll
[ 802/1210 46s] CopyFiles Builds/Windows64/alcyone-ember-rpg_Data/StreamingAssets/Models/sd-1.5/text_encoder/model.onnx
[ 803/1210  0s] CopyFiles Builds/Windows64/alcyone-ember-rpg_Data/Managed/UnityEngine.InputLegacyModule.dll
[ 805/1210  0s] CopyFiles Builds/Windows64/alcyone-ember-rpg_Data/Managed/Microsoft.Bcl.AsyncInterfaces.dll
[ 806/1210  0s] CopyFiles Builds/Windows64/alcyone-ember-rpg_Data/Managed/UnityEngine.SpriteShapeModule.dll
[ 807/1210  0s] CopyFiles Builds/Windows64/alcyone-ember-rpg_Data/Managed/Microsoft.Extensions.Features.dll
[ 808/1210  0s] CopyFiles Builds/Windows64/alcyone-ember-rpg_Data/Managed/System.ServiceModel.Internals.dll
[ 814/1210  1s] CopyFiles Builds/Windows64/alcyone-ember-rpg_Data/Managed/UnityEngine.InputForUIModule.dll
[ 815/1210  1s] CopyFiles Builds/Windows64/alcyone-ember-rpg_Data/Managed/UnityEngine.PropertiesModule.dll
[ 816/1210  1s] CopyFiles Builds/Windows64/alcyone-ember-rpg_Data/Managed/ReflectorNet.dll
[ 817/1210  1s] CopyFiles Builds/Windows64/alcyone-ember-rpg_Data/Managed/Microsoft.Extensions.FileProviders.Abstractions.dll
[ 818/1210  2s] CopyFiles Builds/Windows64/alcyone-ember-rpg_Data/Managed/glTFast.dots.dll
[ 819/1210  0s] CopyFiles Builds/Windows64/alcyone-ember-rpg_Data/Managed/UnityEngine.GameCenterModule.dll
[ 820/1210  0s] CopyFiles Builds/Windows64/alcyone-ember-rpg_Data/Managed/System.Runtime.Serialization.dll
[ 821/1210  0s] CopyFiles Builds/Windows64/alcyone-ember-rpg_Data/Managed/UnityEngine.SpriteMaskModule.dll
[ 822/1210  0s] CopyFiles Builds/Windows64/alcyone-ember-rpg_Data/Managed/System.Collections.Immutable.dll
[ 823/1210  0s] CopyFiles Builds/Windows64/alcyone-ember-rpg_Data/Managed/UnityEngine.AndroidJNIModule.dll
[ 824/1210  0s] CopyFiles Builds/Windows64/alcyone-ember-rpg_Data/Managed/UnityEngine.SubsystemsModule.dll
[ 825/1210  0s] CopyFiles Builds/Windows64/alcyone-ember-rpg_Data/Managed/Microsoft.Extensions.Logging.dll
[ 826/1210  0s] CopyFiles Builds/Windows64/alcyone-ember-rpg_Data/Managed/Microsoft.Extensions.Options.dll
[ 828/1210  0s] CopyFiles Builds/Windows64/alcyone-ember-rpg_Data/Managed/UnityEngine.RenderAs2DModule.dll
[ 829/1210  0s] CopyFiles Builds/Windows64/alcyone-ember-rpg_Data/Managed/Microsoft.Extensions.Configuration.Abstractions.dll
[ 831/1210  0s] CopyFiles Builds/Windows64/alcyone-ember-rpg_Data/Managed/UnityEngine.UIElementsModule.dll
[ 836/1210  0s] CopyFiles Builds/Windows64/alcyone-ember-rpg_Data/Managed/System.ComponentModel.Annotations.dll
[ 837/1210  0s] CopyFiles Builds/Windows64/alcyone-ember-rpg_Data/Managed/Unity.RenderPipelines.Universal.2D.Runtime.dll
[ 838/1210  0s] CopyFiles Builds/Windows64/alcyone-ember-rpg_Data/Managed/System.Threading.Tasks.Extensions.dll
[ 847/1210  0s] CopyFiles Builds/Windows64/alcyone-ember-rpg_Data/Managed/UnityEngine.WindModule.dll
[ 848/1210  1s] CopyFiles Builds/Windows64/alcyone-ember-rpg_Data/Managed/UnityEngine.CoreModule.dll
[ 849/1210  0s] CopyFiles Builds/Windows64/alcyone-ember-rpg_Data/Managed/Microsoft.Bcl.HashCode.dll
[ 850/1210  0s] CopyFiles Builds/Windows64/alcyone-ember-rpg_Data/Managed/UnityEngine.GridModule.dll
[ 851/1210  0s] CopyFiles Builds/Windows64/alcyone-ember-rpg_Data/Managed/Microsoft.Bcl.Numerics.dll
[ 852/1210  0s] CopyFiles Builds/Windows64/alcyone-ember-rpg_Data/Managed/EmberCrpg.Presentation.dll
[ 853/1210  0s] CopyFiles Builds/Windows64/alcyone-ember-rpg_Data/Managed/Microsoft.CodeAnalysis.dll
[ 854/1210  0s] CopyFiles Builds/Windows64/alcyone-ember-rpg_Data/Managed/CommunityToolkit.HighPerformance.dll
[ 855/1210  0s] CopyFiles Builds/Windows64/alcyone-ember-rpg_Data/Managed/UnityEngine.UnityWebRequestTextureModule.dll
[ 856/1210  0s] CopyFiles Builds/Windows64/alcyone-ember-rpg_Data/Managed/UnityEngine.UnityAnalyticsModule.dll
[ 859/1210  0s] CopyFiles Builds/Windows64/alcyone-ember-rpg_Data/Managed/System.IO.Compression.FileSystem.dll
[ 861/1210  0s] CopyFiles Builds/Windows64/alcyone-ember-rpg_Data/Managed/UnityEngine.ParticleSystemModule.dll
[ 862/1210  0s] CopyFiles Builds/Windows64/alcyone-ember-rpg_Data/Managed/UnityEngine.CrashReportingModule.dll
[ 865/1210  0s] CopyFiles Builds/Windows64/alcyone-ember-rpg_Data/Managed/UnityEngine.VectorGraphicsModule.dll
[ 866/1210  0s] CopyFiles Builds/Windows64/alcyone-ember-rpg_Data/Managed/Microsoft.Extensions.Hosting.Abstractions.dll
[ 867/1210  0s] CopyFiles Builds/Windows64/alcyone-ember-rpg_Data/Managed/Microsoft.Extensions.Logging.Abstractions.dll
[ 868/1210  0s] CopyFiles Builds/Windows64/alcyone-ember-rpg_Data/Managed/Microsoft.Extensions.Caching.Abstractions.dll
[ 877/1210  0s] CopyFiles Builds/Windows64/alcyone-ember-rpg_Data/Managed/Unity.Burst.Unsafe.dll
[ 892/1210  0s] CopyFiles Builds/Windows64/alcyone-ember-rpg_Data/Managed/glTFast.Newtonsoft.dll
[ 893/1210  0s] CopyFiles Builds/Windows64/alcyone-ember-rpg_Data/Managed/UnityEngine.TerrainPhysicsModule.dll
[ 894/1210  0s] CopyFiles Builds/Windows64/alcyone-ember-rpg_Data/Managed/netstandard.dll
[ 895/1210  0s] CopyFiles Builds/Windows64/alcyone-ember-rpg_Data/Managed/UnityEngine.dll
[ 896/1210  0s] CopyFiles Builds/Windows64/alcyone-ember-rpg_Data/Managed/McpPlugin.dll
[ 897/1210  0s] CopyFiles Builds/Windows64/alcyone-ember-rpg_Data/Managed/Unity.Burst.dll
[ 898/1210  0s] CopyFiles Builds/Windows64/alcyone-ember-rpg_Data/Managed/glTFast.dll
[ 899/1210  0s] CopyFiles Builds/Windows64/alcyone-ember-rpg_Data/Managed/LLamaSharp.dll
[ 900/1210  0s] CopyFiles Builds/Windows64/alcyone-ember-rpg_Data/Managed/System.Core.dll
[ 901/1210  0s] CopyFiles Builds/Windows64/alcyone-ember-rpg_Data/Managed/System.Data.dll
[ 902/1210  1s] ExtractUsedFeatures Library/Bee/artifacts/WinPlayerBuildProgram/Features/EmberCrpg.Domain-FeaturesChecked.txt
[ 903/1210  1s] CopyFiles Builds/Windows64/alcyone-ember-rpg_Data/Managed/Microsoft.AspNetCore.Http.Connections.Client.dll
[ 904/1210  1s] CopyFiles Builds/Windows64/alcyone-ember-rpg_Data/Managed/R3.dll
[ 910/1210  1s] CopyFiles Builds/Windows64/alcyone-ember-rpg_Data/Managed/mscorlib.dll
[ 911/1210  0s] CopyFiles Builds/Windows64/alcyone-ember-rpg_Data/Managed/System.Runtime.CompilerServices.Unsafe.dll
[ 914/1210  1s] CopyFiles Builds/Windows64/alcyone-ember-rpg_Data/Managed/System.Xml.dll
[ 917/1210  1s] CopyFiles Builds/Windows64/alcyone-ember-rpg_Data/Managed/System.dll
[ 930/1210  0s] CopyFiles Builds/Windows64/alcyone-ember-rpg_Data/Managed/UnityEngine.AIModule.dll
[ 931/1210  0s] CopyFiles Builds/Windows64/alcyone-ember-rpg_Data/Managed/UnityEngine.GIModule.dll
[ 932/1210  0s] CopyFiles Builds/Windows64/alcyone-ember-rpg_Data/Managed/UnityEngine.UIModule.dll
[ 934/1210  0s] CopyFiles Builds/Windows64/alcyone-ember-rpg_Data/Managed/UnityEngine.VRModule.dll
[ 935/1210  0s] CopyFiles Builds/Windows64/alcyone-ember-rpg_Data/Managed/UnityEngine.ARModule.dll
[ 936/1210  0s] CopyFiles Builds/Windows64/alcyone-ember-rpg_Data/Managed/System.Configuration.dll
[ 937/1210  0s] CopyFiles Builds/Windows64/alcyone-ember-rpg_Data/Managed/UnityEngine.XRModule.dll
[ 939/1210  0s] CopyFiles Builds/Windows64/alcyone-ember-rpg_Data/Managed/Unity.AI.MCP.Runtime.dll
[ 940/1210  0s] CopyFiles Builds/Windows64/alcyone-ember-rpg_Data/Managed/UnityEngine.UnityAnalyticsCommonModule.dll
[ 941/1210  0s] CopyFiles Builds/Windows64/alcyone-ember-rpg_Data/Managed/Microsoft.Bcl.Memory.dll
[ 943/1210  0s] CopyFiles Builds/Windows64/alcyone-ember-rpg_Data/Managed/Microsoft.AspNetCore.SignalR.Common.dll
[ 944/1210  0s] CopyFiles Builds/Windows64/alcyone-ember-rpg_Data/Managed/UnityEngine.PerformanceReportingModule.dll
[ 948/1210  0s] CopyFiles Builds/Windows64/alcyone-ember-rpg_Data/Managed/UnityEngine.UnityWebRequestAudioModule.dll
[ 950/1210  0s] CopyFiles Builds/Windows64/alcyone-ember-rpg_Data/Managed/UnityEngine.GraphicsStateCollectionSerializerModule.dll
[ 951/1210  0s] CopyFiles Builds/Windows64/alcyone-ember-rpg_Data/Managed/Unity.RenderPipelines.Core.Runtime.dll
[ 958/1210  0s] CopyFiles Builds/Windows64/alcyone-ember-rpg_Data/Managed/Unity.RenderPipelines.Universal.Config.Runtime.dll
[ 962/1210  0s] CopyFiles Builds/Windows64/alcyone-ember-rpg_Data/Managed/EmberCrpg.Simulation.dll
[ 967/1210  0s] CopyFiles Builds/Windows64/alcyone-ember-rpg_Data/Managed/Microsoft.AspNetCore.SignalR.Protocols.Json.dll
[ 968/1210  0s] CopyFiles Builds/Windows64/alcyone-ember-rpg_Data/Managed/Microsoft.Extensions.AI.Abstractions.dll
[ 969/1210  0s] CopyFiles Builds/Windows64/alcyone-ember-rpg_Data/Managed/UnityEngine.ClusterRendererModule.dll
[ 970/1210  0s] CopyFiles Builds/Windows64/alcyone-ember-rpg_Data/Managed/UnityEngine.UnityWebRequestAssetBundleModule.dll
[ 975/1210  0s] CopyFiles Builds/Windows64/alcyone-ember-rpg_Data/Managed/UnityEngine.ImageConversionModule.dll
[ 976/1210  0s] CopyFiles Builds/Windows64/alcyone-ember-rpg_Data/Managed/Microsoft.Extensions.DependencyInjection.dll
[ 977/1210  0s] CopyFiles Builds/Windows64/alcyone-ember-rpg_Data/Managed/UnityEngine.DirectorModule.dll
[ 978/1210  0s] CopyFiles Builds/Windows64/alcyone-ember-rpg_Data/Managed/Unity.AI.Assistant.Runtime.dll
[ 979/1210  0s] CopyFiles Builds/Windows64/alcyone-ember-rpg_Data/Managed/UnityEngine.VehiclesModule.dll
[ 980/1210  0s] CopyFiles Builds/Windows64/alcyone-ember-rpg_Data/Managed/UnityEngine.InsightsModule.dll
[ 981/1210  0s] CopyFiles Builds/Windows64/alcyone-ember-rpg_Data/Managed/UnityEngine.DSPGraphModule.dll
[ 982/1210  0s] CopyFiles Builds/Windows64/alcyone-ember-rpg_Data/Managed/Microsoft.Bcl.TimeProvider.dll
[ 984/1210  0s] CopyFiles Builds/Windows64/alcyone-ember-rpg_Data/Managed/System.Reflection.Metadata.dll
[ 987/1210  0s] CopyFiles Builds/Windows64/alcyone-ember-rpg_Data/Managed/UnityEngine.SharedInternalsModule.dll
[ 990/1210  1s] ExtractUsedFeatures Library/Bee/artifacts/WinPlayerBuildProgram/Features/EmberCrpg.Simulation-FeaturesChecked.txt
[ 991/1210  0s] CopyFiles Builds/Windows64/alcyone-ember-rpg_Data/Managed/Unity.RenderPipelines.Universal.Runtime.dll
[ 992/1210  0s] CopyFiles Builds/Windows64/alcyone-ember-rpg_Data/Managed/Unity.RenderPipelines.GPUDriven.Runtime.dll
[ 993/1210  0s] CopyFiles Builds/Windows64/alcyone-ember-rpg_Data/Managed/UnityEngine.UnityWebRequestModule.dll
[ 994/1210  0s] CopyFiles Builds/Windows64/alcyone-ember-rpg_Data/Managed/Unity.Collections.dll
[ 995/1210  0s] CopyFiles Builds/Windows64/alcyone-ember-rpg_Data/Managed/System.IO.Hashing.dll
[ 998/1210  0s] CopyFiles Builds/Windows64/alcyone-ember-rpg_Data/Managed/Unity.InputSystem.dll
[ 999/1210  0s] CopyFiles Builds/Windows64/alcyone-ember-rpg_Data/Managed/System.Linq.Async.dll
[1000/1210  0s] CopyFiles Builds/Windows64/alcyone-ember-rpg_Data/Managed/Unity.Cinemachine.dll
[1003/1210  0s] CopyFiles Builds/Windows64/alcyone-ember-rpg_Data/Managed/Unity.Mathematics.dll
[1004/1210  0s] CopyFiles Builds/Windows64/alcyone-ember-rpg_Data/Managed/Unity.TextMeshPro.dll
[1007/1210  0s] CopyFiles Builds/Windows64/alcyone-ember-rpg_Data/Managed/Microsoft.AspNetCore.SignalR.Client.dll
[1014/1210  0s] CopyFiles Builds/Windows64/alcyone-ember-rpg_Data/Managed/Microsoft.AspNetCore.SignalR.Client.Core.dll
[1015/1210  0s] CopyFiles Builds/Windows64/alcyone-ember-rpg_Data/Managed/System.IO.Pipelines.dll
[1016/1210  0s] CopyFiles Builds/Windows64/alcyone-ember-rpg_Data/Managed/System.Transactions.dll
[1019/1210  0s] CopyFiles Builds/Windows64/alcyone-ember-rpg_Data/Managed/UnityEngine.VFXModule.dll
[1020/1210  0s] CopyFiles Builds/Windows64/alcyone-ember-rpg_Data/Managed/UnityEngine.AMDModule.dll
[1021/1210  0s] CopyFiles Builds/Windows64/alcyone-ember-rpg_Data/Managed/UnityEngine.TLSModule.dll
[1022/1210  0s] CopyFiles Builds/Windows64/alcyone-ember-rpg_Data/Managed/System.Diagnostics.DiagnosticSource.dll
[1023/1210  0s] CopyFiles Builds/Windows64/alcyone-ember-rpg_Data/Managed/System.IO.Compression.dll
[1024/1210  0s] CopyFiles Builds/Windows64/alcyone-ember-rpg_Data/Managed/System.Numerics.dll
[1025/1210  0s] CopyFiles Builds/Windows64/alcyone-ember-rpg_Data/Managed/System.Security.dll
[1026/1210  0s] CopyFiles Builds/Windows64/alcyone-ember-rpg_Data/Managed/System.Xml.Linq.dll
[1027/1210  0s] CopyFiles Builds/Windows64/alcyone-ember-rpg_Data/Managed/Newtonsoft.Json.dll
[1028/1210  0s] CopyFiles Builds/Windows64/alcyone-ember-rpg_Data/Managed/System.Net.Http.dll
[1029/1210  0s] CopyFiles Builds/Windows64/alcyone-ember-rpg_Data/Managed/EmberCrpg.Domain.dll
[1030/1210  0s] CopyFiles Builds/Windows64/alcyone-ember-rpg_Data/Managed/System.Text.Json.dll
[1031/1210  0s] CopyFiles Builds/Windows64/alcyone-ember-rpg_Data/Managed/Unity.AI.Tracing.dll
[1032/1210  0s] CopyFiles Builds/Windows64/alcyone-ember-rpg_Data/Managed/McpPlugin.Common.dll
[1033/1210  0s] CopyFiles Builds/Windows64/alcyone-ember-rpg_Data/Managed/UnityEngine.ClusterInputModule.dll
[1034/1210  0s] CopyFiles Builds/Windows64/alcyone-ember-rpg_Data/Managed/Unity.InternalAPIEngineBridge.004.dll
[1035/1210  0s] CopyFiles Builds/Windows64/alcyone-ember-rpg_Data/Managed/UnityEngine.UnityConnectModule.dll
[1037/1210  0s] CopyFiles Builds/Windows64/alcyone-ember-rpg_Data/Managed/UnityEngine.LocalizationModule.dll
[1038/1210  0s] CopyFiles Builds/Windows64/alcyone-ember-rpg_Data/Managed/glTFast.Documentation.Examples.dll
[1039/1210  0s] CopyFiles Builds/Windows64/alcyone-ember-rpg_Data/Managed/System.Text.Encoding.CodePages.dll
[1040/1210  0s] CopyFiles Builds/Windows64/alcyone-ember-rpg_Data/Managed/UnityEngine.UnityConsentModule.dll
[1041/1210  0s] CopyFiles Builds/Windows64/alcyone-ember-rpg_Data/Managed/System.Text.Encodings.Web.dll
[1042/1210  0s] CopyFiles Builds/Windows64/alcyone-ember-rpg_Data/Managed/UnityEngine.PhysicsModule.dll
[1044/1210  0s] CopyFiles Builds/Windows64/alcyone-ember-rpg_Data/Managed/System.EnterpriseServices.dll
[1045/1210  0s] CopyFiles Builds/Windows64/alcyone-ember-rpg_Data/Managed/System.Threading.Channels.dll
[1047/1210  0s] CopyFiles Builds/Windows64/alcyone-ember-rpg_Data/Managed/UnityEngine.RuntimeInitializeOnLoadManagerInitializerModule.dll
[1048/1210  0s] CopyFiles Builds/Windows64/alcyone-ember-rpg_Data/Managed/Unity.Collections.LowLevel.ILSupport.dll
[1049/1210  0s] CopyFiles Builds/Windows64/alcyone-ember-rpg_Data/Managed/System.Runtime.dll
[1050/1210  0s] CopyFiles Builds/Windows64/alcyone-ember-rpg_Data/Managed/UnityEngine.VirtualTexturingModule.dll
[1051/1210  0s] CopyFiles Builds/Windows64/alcyone-ember-rpg_Data/Managed/glTFast.Export.dll
[1052/1210  0s] CopyFiles Builds/Windows64/alcyone-ember-rpg_Data/Managed/System.Drawing.dll
[1053/1210  0s] CopyFiles Builds/Windows64/alcyone-ember-rpg_Data/Managed/System.Buffers.dll
[1054/1210  0s] CopyFiles Builds/Windows64/alcyone-ember-rpg_Data/Managed/UnityEngine.TerrainModule.dll
[1056/1210  0s] CopyFiles Builds/Windows64/alcyone-ember-rpg_Data/Managed/EmberCrpg.Data.dll
[1057/1210  0s] CopyFiles Builds/Windows64/alcyone-ember-rpg_Data/Managed/UnityEngine.ShaderVariantAnalyticsModule.dll
[1058/1210  0s] CopyFiles Builds/Windows64/alcyone-ember-rpg_Data/Managed/Microsoft.Extensions.Diagnostics.Abstractions.dll
[1059/1210  0s] CopyFiles Builds/Windows64/alcyone-ember-rpg_Data/Managed/UnityEngine.TilemapModule.dll
[1060/1210  0s] CopyFiles Builds/Windows64/alcyone-ember-rpg_Data/Managed/Microsoft.AspNetCore.Connections.Abstractions.dll
[1061/1210  0s] CopyFiles Builds/Windows64/alcyone-ember-rpg_Data/Managed/System.Numerics.Vectors.dll
[1062/1210  0s] CopyFiles Builds/Windows64/alcyone-ember-rpg_Data/Managed/UnityEngine.UI.dll
[1063/1210  0s] CopyFiles Builds/Windows64/alcyone-ember-rpg_Data/Managed/UnityEngine.InputModule.dll
[1064/1210  0s] CopyFiles Builds/Windows64/alcyone-ember-rpg_Data/Managed/Unity.InputSystem.ForUI.dll
[1065/1210  0s] CopyFiles Builds/Windows64/alcyone-ember-rpg_Data/Managed/EmberCrpg.Ui.Foundation.dll
[1066/1210  0s] CopyFiles Builds/Windows64/alcyone-ember-rpg_Data/Managed/System.Numerics.Tensors.dll
[1067/1210  0s] CopyFiles Builds/Windows64/alcyone-ember-rpg_Data/Managed/UnityEngine.ClothModule.dll
[1068/1210  0s] CopyFiles Builds/Windows64/alcyone-ember-rpg_Data/Managed/UnityEngine.VideoModule.dll
[1073/1210  0s] CopyFiles Builds/Windows64/alcyone-ember-rpg_Data/Managed/UnityEngine.AudioModule.dll
[1074/1210  0s] CopyFiles Builds/Windows64/alcyone-ember-rpg_Data/Managed/UnityEngine.UmbraModule.dll
[1082/1210  0s] CopyFiles Builds/Windows64/alcyone-ember-rpg_Data/Managed/UnityEngine.IMGUIModule.dll
[1083/1210  0s] CopyFiles Builds/Windows64/alcyone-ember-rpg_Data/Managed/Microsoft.ML.Tokenizers.dll
[1084/1210  0s] CopyFiles Builds/Windows64/alcyone-ember-rpg_Data/Managed/Microsoft.AspNetCore.Http.Connections.Common.dll
[1090/1210  0s] CopyFiles Builds/Windows64/alcyone-ember-rpg_Data/Managed/UnityEngine.UnityWebRequestWWWModule.dll
[1091/1210  0s] CopyFiles Builds/Windows64/alcyone-ember-rpg_Data/Managed/UnityEngine.TextCoreFontEngineModule.dll
[1097/1210  0s] CopyFiles Builds/Windows64/alcyone-ember-rpg_Data/Managed/UnityEngine.TextCoreTextEngineModule.dll
[1098/1210  0s] CopyFiles Builds/Windows64/alcyone-ember-rpg_Data/Managed/Unity.RenderPipelines.Core.ShaderLibrary.dll
[1099/1210  0s] CopyFiles Builds/Windows64/alcyone-ember-rpg_Data/Managed/UnityEngine.AccessibilityModule.dll
[1100/1210  0s] CopyFiles Builds/Windows64/alcyone-ember-rpg_Data/Managed/Mono.Security.dll
[1101/1210  0s] CopyFiles Builds/Windows64/alcyone-ember-rpg_Data/Managed/EmberCrpg.Ui.Backends.UiToolkit.dll
[1102/1210  0s] CopyFiles Builds/Windows64/alcyone-ember-rpg_Data/Managed/Unity.Splines.dll
[1103/1210  0s] CopyFiles Builds/Windows64/alcyone-ember-rpg_Data/Managed/System.Memory.dll
[1104/1210  0s] CopyFiles Builds/Windows64/alcyone-ember-rpg_Data/Managed/Microsoft.Extensions.DependencyInjection.Abstractions.dll
[1105/1210  0s] CopyFiles Builds/Windows64/alcyone-ember-rpg_Data/Managed/UnityEngine.ScreenCaptureModule.dll
[1106/1210  0s] CopyFiles Builds/Windows64/alcyone-ember-rpg_Data/Managed/UnityEngine.JSONSerializeModule.dll
[1109/1210  0s] CopyFiles Builds/Windows64/alcyone-ember-rpg_Data/Managed/UnityEngine.TextRenderingModule.dll
[1123/1210  0s] CopyFiles Builds/Windows64/alcyone-ember-rpg_Data/Managed/Microsoft.Extensions.Primitives.dll
[1124/1210  0s] CopyFiles Builds/Windows64/alcyone-ember-rpg_Data/Managed/Unity.UnifiedRayTracing.Runtime.dll
[1125/1210  0s] CopyFiles Builds/Windows64/alcyone-ember-rpg_Data/Managed/UnityEngine.HierarchyCoreModule.dll
[1126/1210  0s] CopyFiles Builds/Windows64/alcyone-ember-rpg_Data/Managed/Unity.RenderPipelines.Universal.Shaders.dll
[1127/1210  0s] CopyFiles Builds/Windows64/alcyone-ember-rpg_Data/Managed/EmberCrpg.Infrastructure.dll
[1128/1210  0s] CopyFiles Builds/Windows64/alcyone-ember-rpg_Data/Managed/UnityEngine.ShaderRuntimeModule.dll
[1129/1210  0s] CopyFiles Builds/Windows64/alcyone-ember-rpg_Data/Managed/UnityEngine.NVIDIAModule.dll
[1130/1210  0s] CopyFiles Builds/Windows64/alcyone-ember-rpg_Data/Managed/UnityEngine.SubstanceModule.dll
[1131/1210  0s] CopyFiles Builds/Windows64/alcyone-ember-rpg_Data/Managed/Microsoft.ML.OnnxRuntime.dll
[1132/1210  0s] CopyFiles Builds/Windows64/alcyone-ember-rpg_Data/Managed/System.ComponentModel.Composition.dll
[1133/1210  0s] CopyFiles Builds/Windows64/alcyone-ember-rpg_Data/Managed/EmberCrpg.Data.SliceJson.dll
[1134/1210  0s] CopyFiles Builds/Windows64/alcyone-ember-rpg_Data/Managed/System.Interactive.Async.dll
[1135/1210  0s] CopyFiles Builds/Windows64/alcyone-ember-rpg_Data/Managed/UnityEngine.HotReloadModule.dll
[1136/1210  0s] CopyFiles Builds/Windows64/alcyone-ember-rpg_Data/Managed/UnityEngine.AnimationModule.dll
[1137/1210  0s] CopyFiles Builds/Windows64/alcyone-ember-rpg_Data/Managed/UnityEngine.StreamingModule.dll
[1143/1210  0s] CopyFiles Builds/Windows64/alcyone-ember-rpg_Data/Managed/UnityEngine.UnityCurlModule.dll
[1144/1210  0s] CopyFiles Builds/Windows64/alcyone-ember-rpg_Data/Managed/UnityEngine.HierarchyModule.dll
[1146/1210  0s] CopyFiles Builds/Windows64/alcyone-ember-rpg_Data/StreamingAssets/Content/runtime_config.json
[1147/1210  0s] CopyFiles Builds/Windows64/alcyone-ember-rpg_Data/Managed/System.Linq.AsyncEnumerable.dll
[1148/1210  0s] CopyFiles Builds/Windows64/alcyone-ember-rpg_Data/Managed/UnityEngine.Physics2DModule.dll
[1149/1210  0s] CopyFiles Builds/Windows64/alcyone-ember-rpg_Data/Managed/UnityEngine.PhysicsBackendPhysXModule.dll
[1150/1210  0s] CopyFiles Builds/Windows64/alcyone-ember-rpg_Data/Managed/UnityEngine.AdaptivePerformanceModule.dll
[1151/1210  0s] CopyFiles Builds/Windows64/alcyone-ember-rpg_Data/StreamingAssets/Content/quality_tiers.json
[1152/1210  0s] CopyFiles Builds/Windows64/alcyone-ember-rpg_Data/StreamingAssets/Content/npc_templates.json
[1153/1210  0s] CopyFiles Builds/Windows64/alcyone-ember-rpg_Data/StreamingAssets/Content/recipes.json
[1154/1210  0s] ExtractUsedFeatures Library/Bee/artifacts/WinPlayerBuildProgram/Features/EmberCrpg.Data-FeaturesChecked.txt
[1155/1210  3s] CopyFiles Builds/Windows64/alcyone-ember-rpg_Data/StreamingAssets/Content/name_banks.json
[1156/1210  2s] CopyFiles Builds/Windows64/alcyone-ember-rpg_Data/StreamingAssets/Content/materials.json
[1157/1210  3s] CopyFiles Builds/Windows64/alcyone-ember-rpg_Data/StreamingAssets/Content/npcs/npcs.json
[1158/1210  3s] CopyFiles Builds/Windows64/alcyone-ember-rpg_Data/StreamingAssets/Content/quest_config.json
[1159/1210  3s] CopyFiles Builds/Windows64/alcyone-ember-rpg_Data/StreamingAssets/Content/monsters.json
[1160/1210  3s] CopyFiles Builds/Windows64/alcyone-ember-rpg_Data/StreamingAssets/Content/progression.json
[1161/1210  0s] CopyFiles Builds/Windows64/alcyone-ember-rpg_Data/StreamingAssets/Content/items.json
[1162/1210  0s] CopyFiles Builds/Windows64/alcyone-ember-rpg_Data/StreamingAssets/Content/loot_tables.json
[1163/1210  0sD:/projects/alcyone-ember-rpg/Library/PackageCache/com.unity.burst@6bb9aca3ef38/.Runtime\bcl.exe exited after 55128 ms.
stdout:
Starting 1 library requests
Done
stderr:

] CopyFiles Builds/Windows64/alcyone-ember-rpg_Data/StreamingAssets/Content/locations.json
[1164/1210  0s] CopyFiles Builds/Windows64/alcyone-ember-rpg_Data/StreamingAssets/Content/interaction_rules.json
[1165/1210  0s] CopyFiles Builds/Windows64/alcyone-ember-rpg_Data/StreamingAssets/Content/inventory_layouts.json
[1166/1210  0s] CopyFiles Builds/Windows64/alcyone-ember-rpg_Data/StreamingAssets/Content/factions.json
[1167/1210  0s] CopyFiles Builds/Windows64/alcyone-ember-rpg_Data/StreamingAssets/Content/history_tables.json
[1168/1210  0s] CopyFiles Builds/Windows64/alcyone-ember-rpg_Data/StreamingAssets/Content/economy_config.json
[1169/1210  0s] CopyFiles Builds/Windows64/alcyone-ember-rpg_Data/StreamingAssets/Content/colony_config.json
[1170/1210  0s] CopyFiles Builds/Windows64/alcyone-ember-rpg_Data/StreamingAssets/Content/institutions.json
[1171/1210  0s] CopyFiles Builds/Windows64/alcyone-ember-rpg_Data/StreamingAssets/Content/dialog_defs.json
[1172/1210  0s] CopyFiles Builds/Windows64/alcyone-ember-rpg_Data/StreamingAssets/Content/caravans.json
[1173/1210  0s] CopyFiles Builds/Windows64/alcyone-ember-rpg_Data/StreamingAssets/Content/consequence_rules.json
[1174/1210  0s] CopyFiles Builds/Windows64/alcyone-ember-rpg_Data/StreamingAssets/Content/classes.json
[1175/1210  0s] CopyFiles Builds/Windows64/alcyone-ember-rpg_Data/StreamingAssets/Content/character_creation.json
[1176/1210  0s] CopyFiles Builds/Windows64/alcyone-ember-rpg_Data/StreamingAssets/Content/campaign_templates.json
[1177/1210  0s] CopyFiles Builds/Windows64/alcyone-ember-rpg_Data/StreamingAssets/Content/campaign_runtime.json
[1178/1210  0s] CopyFiles Builds/Windows64/alcyone-ember-rpg_Data/StreamingAssets/Content/adapter_prompts.json
[1179/1210  1s] CopyFiles Builds/Windows64/alcyone-ember-rpg_Data/StreamingAssets/Content/campaigns/tutorial_campaign.json
[1180/1210  1s] CopyFiles Builds/Windows64/alcyone-ember-rpg_Data/StreamingAssets/Content/campaigns/main_quest_campaign.json
[1181/1210  0s] CopyFiles Builds/Windows64/alcyone-ember-rpg_Data/sharedassets3.assets
[1182/1210  1s] CopyFiles Builds/Windows64/alcyone-ember-rpg_Data/StreamingAssets/Content/campaigns/guild_campaign.json
[1183/1210  0s] CopyFiles Builds/Windows64/alcyone-ember-rpg_Data/sharedassets2.assets
[1184/1210  0s] CopyFiles Builds/Windows64/alcyone-ember-rpg_Data/sharedassets2.assets.resS
[1185/1210  0s] CopyFiles Builds/Windows64/alcyone-ember-rpg_Data/StreamingAssets/Content/campaigns/faction_campaign.json
[1186/1210  0s] CopyFiles Builds/Windows64/alcyone-ember-rpg_Data/StreamingAssets/Content/campaigns/side_quest_campaign.json
[1187/1210  0s] CopyFiles Builds/Windows64/alcyone-ember-rpg_Data/sharedassets0.assets
[1188/1210  1s] CopyFiles Builds/Windows64/UnityPlayer.dll
[1189/1210  0s] CopyFiles Builds/Windows64/alcyone-ember-rpg_Data/sharedassets1.assets
[1190/1210  0s] CopyFiles Builds/Windows64/alcyone-ember-rpg_Data/Resources/unity_builtin_extra
[1191/1210  0s] CopyFiles Builds/Windows64/alcyone-ember-rpg_Data/ScriptingAssemblies.json
[1192/1210  0s] CopyFiles Builds/Windows64/alcyone-ember-rpg_Data/sharedassets1.assets.resS
[1193/1210  0s] CopyFiles Builds/Windows64/alcyone-ember-rpg_Data/RuntimeInitializeOnLoads.json
[1194/1210  0s] CopyFiles Builds/Windows64/alcyone-ember-rpg_Data/resources.assets.resS
[1195/1210  0s] CopyFiles Builds/Windows64/alcyone-ember-rpg_Data/level1
[1196/1210  0s] CopyFiles Builds/Windows64/alcyone-ember-rpg_Data/level3
[1197/1210  0s] CopyFiles Builds/Windows64/alcyone-ember-rpg_Data/level2
[1198/1210  0s] CopyFiles Builds/Windows64/alcyone-ember-rpg_Data/level0
[1199/1210  0s] CopyFiles Builds/Windows64/alcyone-ember-rpg_Data/resources.assets
[1200/1210  0s] CopyFiles Builds/Windows64/alcyone-ember-rpg_Data/globalgamemanagers
[1201/1210  0s] CopyFiles Builds/Windows64/alcyone-ember-rpg_Data/globalgamemanagers.assets.resS
[1202/1210  0s] CopyFiles Builds/Windows64/alcyone-ember-rpg_Data/globalgamemanagers.assets
[1203/1210 56s] GenerateNativePluginsForAssemblies Library/Bee/artifacts/WinPlayerBuildProgram/AsyncPluginsFromLinker
[1204/1210  0s] CopyFiles Builds/Windows64/alcyone-ember-rpg_Data/Plugins/x86_64/lib_burst_generated.dll
[1205/1210 136s] CopyFiles Builds/Windows64/alcyone-ember-rpg_Data/StreamingAssets/Models/qwen2.5-1.5b-instruct-q4_k_m.gguf
[1206/1210 173s] CopyFiles Builds/Windows64/alcyone-ember-rpg_Data/StreamingAssets/Models/sdxl-turbo/text_encoder_2/model.onnx
[1207/1210 191s] CopyFiles Builds/Windows64/alcyone-ember-rpg_Data/StreamingAssets/Models/sd-1.5/unet/weights.pb
[1208/1210 221s] CopyFiles Builds/Windows64/alcyone-ember-rpg_Data/StreamingAssets/Models/sdxl-turbo/text_encoder_2/model.onnx.data
[1209/1210 237s] CopyFiles Builds/Windows64/alcyone-ember-rpg_Data/StreamingAssets/Models/sdxl-turbo/unet/model.onnx.data
*** Tundra requires additional run (243.30 seconds - 0:04:03), 818 items updated, 1210 evaluated
*** Additional run caused by: timestamp change of Library/Bee/artifacts/WinPlayerBuildProgram/Features/EmberCrpg.Simulation-FeaturesChecked.txt
Starting: E:\Program Files\Unity\Hub\Editor\6000.3.13f1\Editor\Data\netcorerun\netcorerun.exe "E:\Program Files\Unity\Hub\Editor\6000.3.13f1\Editor\Data\PlaybackEngines\WindowsStandaloneSupport\WinPlayerBuildProgram.exe" "E:/Program Files/Unity/Hub/Editor/6000.3.13f1/Editor/Data/PlaybackEngines/WindowsStandaloneSupport/Bee;E:/Program Files/Unity/Hub/Editor/6000.3.13f1/Editor/Data/Tools/BuildPipeline" "Library/Bee/Playerc88799a1.dag.json" "Library/Bee/Playerc88799a1-inputdata.json" "Library\Bee\buildprogram0.traceevents"
WorkingDir: D:/projects/alcyone-ember-rpg
ExitCode: 4 Duration: 4m:03s
ExitCode: 0 Duration: 1s442ms
Starting: E:\Program Files\Unity\Hub\Editor\6000.3.13f1\Editor\Data\Tools\BuildPipeline\bee_backend.exe --ipc --dagfile="Library/Bee/Playerc88799a1.dag" --dagfilejson="Library\Bee\Playerc88799a1.dag.json" --profile="Library/Bee/backend2.traceevents" Player
WorkingDir: D:/projects/alcyone-ember-rpg
Finished compiling graph: 1211 nodes, 2813 flattened edges (2813 ToBuild, 0 ToUse), maximum node priority 403
*** Tundra build success (0.40 seconds), 0 items updated, 1210 evaluated
Refreshing native plugins compatible for Editor in 9.80 ms, found 19 plugins.
ExitCode: 0 Duration: 0s589ms
Refreshing native plugins compatible for Editor in 19.11 ms, found 19 plugins.
Preloading 0 native plugins for Editor in 0.00 ms.
Asset Pipeline Refresh (id=e9e56f84e8679d14a90f5e5bf2638c00): Total: 0.302 seconds - Initiated by RefreshV2(NoUpdateAssetOptions)
	Summary:
		Imports: total=0 (actual=0, local cache=0, cache server=0)
		Asset DB Process Time: managed=0 ms, native=270 ms
		Asset DB Callback time: managed=4 ms, native=26 ms
		Scripting: domain reloads=0, domain reload time=0 ms, compile time=0 ms, other=0 ms
		Project Asset Count: scripts=1792, non-scripts=6270
		Asset File Changes: new=0, changed=0, moved=0, deleted=2
		Scan Filter Count: 0
	InvokeCustomDependenciesCallbacks: 0.003ms
	InvokePackagesCallback: 0.003ms
	ApplyChangesToAssetFolders: 0.401ms
	Scan: 67.747ms
	OnSourceAssetsModified: 0.173ms
	CategorizeAssetsWithTransientArtifact: 0.033ms
	ProcessAssetsWithTransientArtifactChanges: 0.460ms
	UnregisterDeletedAssets: 0.077ms
	CategorizeAssets: 114.038ms
	ImportOutOfDateAssets: 16.900ms (3.132ms without children)
		ReloadNativeAssets: 0.167ms
		UnloadImportedAssets: 0.300ms
		EnsureUptoDateAssetsAreRegisteredWithGuidPM: 4.176ms
		InitializingProgressBar: 0.002ms
		PostProcessAllAssetNotificationsAddChangedAssets: 0.002ms
		OnDemandSchedulerStart: 9.121ms
	PostProcessAllAssets: 5.819ms
	Hotreload: 25.484ms
	GatherAllCurrentPrimaryArtifactRevisions: 1.961ms
	UnloadStreamsBegin: 2.525ms
	PersistCurrentRevisions: 0.682ms
	UnloadStreamsEnd: 0.003ms
	Untracked: 65.878ms

Refreshing native plugins compatible for Editor in 29.73 ms, found 19 plugins.
Preloading 0 native plugins for Editor in 0.00 ms.

-------------------------------------------------------------------------------
Build Report
Uncompressed usage by category (Percentages based on user generated assets only):
Textures               6.8 mb	 67.4% 
Meshes                 0.0 kb	 0.0% 
Animations             0.0 kb	 0.0% 
Sounds                 0.0 kb	 0.0% 
Shaders                671.6 kb	 6.5% 
Other Assets           2.2 mb	 21.6% 
Levels                 6.4 kb	 0.1% 
File headers           145.7 kb	 1.4% 
Total User Assets      10.1 mb	 100.0% 
Complete build size    13.2 gb
Used Assets and files from the Resources folder, sorted by uncompressed size:
 2.7 mb	 0.0% Built-in Texture2D: Splash Screen Unity Logo
 1.0 mb	 0.0% Assets/TextMesh Pro/Resources/Fonts & Materials/LiberationSans SDF.asset
 1.0 mb	 0.0% Assets/TextMesh Pro/Examples & Extras/Resources/Fonts & Materials/Unity SDF.asset
 659.9 kb	 0.0% Assets/Resources/DefaultRuntimeTheme.tss
 518.8 kb	 0.0% Resources/unity_builtin_extra
 344.5 kb	 0.0% Assets/TextMesh Pro/Fonts/LiberationSans.ttf
 341.5 kb	 0.0% Assets/TextMesh Pro/Examples & Extras/Sprites/DropCap Numbers.psd
 341.5 kb	 0.0% Assets/TextMesh Pro/Examples & Extras/Sprites/Default Sprites.png
 341.5 kb	 0.0% Assets/TextMesh Pro/Sprites/EmojiOne.png
 255.4 kb	 0.0% Assets/Resources/Fonts/Spectral-Regular.ttf
 238.1 kb	 0.0% Assets/TextMesh Pro/Shaders/TMP_SDF-Mobile.shader
 170.8 kb	 0.0% Assets/TextMesh Pro/Examples & Extras/Textures/Fruit Jelly (B&W).jpg
 170.8 kb	 0.0% Assets/TextMesh Pro/Examples & Extras/Textures/Floor Cement.jpg
 167.1 kb	 0.0% Assets/TextMesh Pro/Examples & Extras/Fonts/Roboto-Bold.ttf
 156.8 kb	 0.0% Assets/Resources/GeneratedAssets/GeneratedAssetDatabase.asset
 132.2 kb	 0.0% Assets/Resources/Fonts/Jost.ttf
 85.5 kb	 0.0% Assets/TextMesh Pro/Examples & Extras/Textures/Brushed Metal 3.jpg
 79.7 kb	 0.0% Packages/com.unity.render-pipelines.core/Runtime/Debugging/Prefabs/Fonts/PerfectDOSVGA437.ttf
 71.8 kb	 0.0% Assets/TextMesh Pro/Examples & Extras/Fonts/Electronic Highway Sign.TTF
 68.3 kb	 0.0% Packages/com.unity.render-pipelines.core/Runtime/Vrs/Shaders/VrsTexture.compute
 65.7 kb	 0.0% Packages/com.unity.render-pipelines.universal/Shaders/Utils/CoreBlit.shader
 64.2 kb	 0.0% Assets/TextMesh Pro/Examples & Extras/Textures/Sunny Days - Seamless.jpg
 59.1 kb	 0.0% Packages/com.unity.render-pipelines.core/Runtime/Debugging/Prefabs/Widgets/DebugUIHandlerRenderingLayerField.prefab
 59.1 kb	 0.0% Packages/com.unity.render-pipelines.core/Runtime/Debugging/Prefabs/Widgets/DebugUIBitField.prefab
 52.2 kb	 0.0% Assets/TextMesh Pro/Examples & Extras/Fonts/Oswald-Bold.ttf
 41.8 kb	 0.0% Assets/TextMesh Pro/Examples & Extras/Fonts/Anton.ttf
 39.1 kb	 0.0% Assets/TextMesh Pro/Examples & Extras/Fonts/Bangers.ttf
 37.3 kb	 0.0% Assets/TextMesh Pro/Shaders/TMP_SDF-URP Lit.shadergraph
 31.1 kb	 0.0% Assets/TextMesh Pro/Shaders/TMP_SDF-Surface.shader
 29.7 kb	 0.0% Packages/com.unity.render-pipelines.universal/Shaders/Lit.shader
 27.2 kb	 0.0% Packages/com.unity.render-pipelines.universal/Shaders/Terrain/TerrainLit.shader
 22.0 kb	 0.0% Packages/com.unity.render-pipelines.universal/Shaders/Terrain/TerrainLitBase.shader
 18.1 kb	 0.0% Packages/com.unity.render-pipelines.universal/Shaders/Terrain/WavingGrass.shader
 17.6 kb	 0.0% Packages/com.unity.render-pipelines.universal/Shaders/Terrain/TerrainDetailLit.shader
 17.3 kb	 0.0% Assets/TextMesh Pro/Shaders/TMP_SDF.shader
 16.6 kb	 0.0% Packages/com.unity.render-pipelines.universal/Shaders/Terrain/WavingGrassBillboard.shader
 16.5 kb	 0.0% Packages/com.unity.render-pipelines.universal/Shaders/Terrain/TerrainLitAdd.shader
 16.2 kb	 0.0% Packages/com.unity.render-pipelines.universal/Textures/DebugFont.tga
 14.7 kb	 0.0% Assets/TextMesh Pro/Shaders/TMP_SDF-Surface-Mobile.shader
 14.4 kb	 0.0% Assets/TextMesh Pro/Shaders/TMP_SDF-Mobile-2-Pass.shader
 10.6 kb	 0.0% Packages/com.unity.render-pipelines.universal/Shaders/Terrain/TerrainLitBasemapGen.shader
 9.7 kb	 0.0% Packages/com.unity.render-pipelines.universal/Shaders/Debug/HDRDebugView.shader
 9.6 kb	 0.0% Packages/com.unity.render-pipelines.universal/Shaders/Utils/CoreBlitColorAndDepth.shader
 9.5 kb	 0.0% Assets/TextMesh Pro/Shaders/TMP_SDF-Mobile Masking.shader
 9.3 kb	 0.0% Packages/com.unity.render-pipelines.core/Runtime/Debugging/Prefabs/Widgets/DebugUIPanel.prefab
 8.9 kb	 0.0% Assets/TextMesh Pro/Shaders/TMP_SDF-Mobile Overlay.shader
 6.5 kb	 0.0% Packages/com.unity.render-pipelines.core/Runtime/Debugging/Prefabs/Widgets/DebugUIColor.prefab
 6.1 kb	 0.0% Packages/com.unity.render-pipelines.core/Runtime/Debugging/Prefabs/Widgets/DebugUIVector4.prefab
 5.9 kb	 0.0% Assets/TextMesh Pro/Shaders/TMP_Sprite.shader
 5.6 kb	 0.0% Packages/com.unity.render-pipelines.core/Shaders/CoreCopy.shader
 5.2 kb	 0.0% Packages/com.unity.render-pipelines.core/Runtime/Debugging/Prefabs/Widgets/DebugUIVector3.prefab
 4.7 kb	 0.0% Packages/com.unity.render-pipelines.universal/Shaders/Utils/CopyDepth.shader
 4.5 kb	 0.0% Packages/com.unity.render-pipelines.core/Runtime/Debugging/Prefabs/Resources/DebugUICanvas.prefab
 4.4 kb	 0.0% Packages/com.unity.render-pipelines.core/Runtime/Debugging/Prefabs/Widgets/DebugUIUIntField.prefab
 4.4 kb	 0.0% Packages/com.unity.render-pipelines.core/Runtime/Debugging/Prefabs/Widgets/DebugUIIntField.prefab
 4.3 kb	 0.0% Packages/com.unity.render-pipelines.core/Runtime/Debugging/Prefabs/Widgets/DebugUIVector2.prefab
 4.2 kb	 0.0% Packages/com.unity.render-pipelines.universal/Shaders/Debug/DebugReplacement.shader
 4.2 kb	 0.0% Assets/TextMesh Pro/Examples & Extras/Textures/Wipe Pattern - Circle.psd
 4.2 kb	 0.0% Packages/com.unity.render-pipelines.universal/Textures/BlueNoise64/L/LDR_LLL1_0.png
 4.1 kb	 0.0% Packages/com.unity.render-pipelines.core/Runtime/Debugging/Prefabs/Widgets/DebugUIFloatField.prefab
 3.7 kb	 0.0% Packages/com.unity.render-pipelines.universal/Shaders/CameraMotionVectors.shader
 3.7 kb	 0.0% Assets/TextMesh Pro/Examples & Extras/Resources/Fonts & Materials/Unity SDF - HDRP LIT - Bloom.mat
 3.6 kb	 0.0% Packages/com.unity.render-pipelines.universal/Shaders/Utils/Sampling.shader
 3.6 kb	 0.0% Packages/com.unity.render-pipelines.universal/Shaders/Utils/StencilDitherMaskSeed.shader
 3.5 kb	 0.0% Packages/com.unity.render-pipelines.universal/Shaders/Utils/FallbackError.shader
 3.5 kb	 0.0% Assets/TextMesh Pro/Examples & Extras/Resources/Fonts & Materials/Roboto-Bold SDF - HDRP Unlit.mat
 3.4 kb	 0.0% Packages/com.unity.render-pipelines.core/Runtime/Vrs/Shaders/VrsVisualization.shader
 3.3 kb	 0.0% Packages/com.unity.shadergraph/Editor/Resources/Shaders/FallbackError.shader
 3.3 kb	 0.0% Assets/TextMesh Pro/Resources/Fonts & Materials/LiberationSans SDF - Fallback.asset
 3.2 kb	 0.0% Assets/TextMesh Pro/Resources/Sprite Assets/EmojiOne.asset
 3.2 kb	 0.0% Packages/com.unity.render-pipelines.core/Runtime/RenderPipelineResources/FallbackShader.shader
 2.9 kb	 0.0% Assets/TextMesh Pro/Examples & Extras/Resources/Fonts & Materials/Oswald Bold SDF.asset
 2.9 kb	 0.0% Assets/TextMesh Pro/Examples & Extras/Resources/Fonts & Materials/Bangers SDF.asset
 2.9 kb	 0.0% Assets/TextMesh Pro/Shaders/TMP_SDF-HDRP UNLIT.shadergraph
 2.9 kb	 0.0% Assets/TextMesh Pro/Shaders/TMP_SDF-HDRP LIT.shadergraph
 2.9 kb	 0.0% Assets/Resources/PerformanceTestRunInfo.json
 2.8 kb	 0.0% Assets/Generated/Textures/ember_wall_fallback.png
 2.8 kb	 0.0% Assets/Generated/Textures/ember_floor_fallback.png
 2.8 kb	 0.0% Assets/TextMesh Pro/Examples & Extras/Resources/Fonts & Materials/Electronic Highway Sign SDF.asset
 2.8 kb	 0.0% Packages/com.unity.render-pipelines.core/Runtime/Debugging/Prefabs/Widgets/DebugUIObjectPopupField.prefab
 2.8 kb	 0.0% Assets/DefaultVolumeProfile.asset
 2.8 kb	 0.0% Assets/TextMesh Pro/Examples & Extras/Resources/Fonts & Materials/Roboto-Bold SDF.asset
 2.7 kb	 0.0% Assets/TextMesh Pro/Examples & Extras/Resources/Fonts & Materials/Unity SDF - HDRP LIT - Outline.mat
 2.7 kb	 0.0% Assets/TextMesh Pro/Examples & Extras/Resources/Fonts & Materials/Anton SDF.asset
 2.7 kb	 0.0% Assets/UniversalRenderPipelineGlobalSettings.asset
 2.7 kb	 0.0% Packages/com.unity.render-pipelines.universal/Shaders/Utils/StencilDeferred.shader
 2.6 kb	 0.0% Packages/com.unity.render-pipelines.core/Runtime/Debugging/Prefabs/Widgets/DebugUIObjectList.prefab
 2.6 kb	 0.0% Packages/com.unity.render-pipelines.core/Runtime/Debugging/Prefabs/Widgets/DebugUIEnumField.prefab
 2.5 kb	 0.0% Packages/com.unity.render-pipelines.universal/Shaders/Debug/ProbeVolumeSamplingDebugPositionNormal.compute
 2.4 kb	 0.0% Packages/com.unity.render-pipelines.core/Runtime/Debugging/Prefabs/Widgets/DebugUIFoldout.prefab
 2.4 kb	 0.0% Packages/com.unity.render-pipelines.core/Runtime/Debugging/Prefabs/Widgets/DebugUIRow.prefab
 2.4 kb	 0.0% Assets/TextMesh Pro/Examples & Extras/Resources/Fonts & Materials/Roboto-Bold SDF - URP.mat
 2.3 kb	 0.0% Assets/TextMesh Pro/Resources/Style Sheets/Default Style Sheet.asset
 2.2 kb	 0.0% Assets/TextMesh Pro/Examples & Extras/Resources/Fonts & Materials/Bangers SDF Logo - URP.mat
 1.9 kb	 0.0% Assets/TextMesh Pro/Examples & Extras/Resources/Sprite Assets/Default Sprite Asset.asset
 1.8 kb	 0.0% Assets/TextMesh Pro/Examples & Extras/Resources/Fonts & Materials/Bangers SDF Glow.mat
 1.8 kb	 0.0% Assets/TextMesh Pro/Examples & Extras/Resources/Fonts & Materials/LiberationSans SDF - Metalic Green.mat
 1.8 kb	 0.0% Assets/TextMesh Pro/Examples & Extras/Resources/Sprite Assets/DropCap Numbers.asset
 1.7 kb	 0.0% Packages/com.unity.render-pipelines.core/Runtime/Debugging/Prefabs/Widgets/DebugUIToggleHistory.prefab
 1.7 kb	 0.0% Packages/com.unity.render-pipelines.core/Runtime/Debugging/Prefabs/Widgets/DebugUIToggle.prefab
 1.7 kb	 0.0% Assets/TextMesh Pro/Examples & Extras/Resources/Fonts & Materials/Anton SDF - Sunny Days.mat
 1.7 kb	 0.0% Assets/TextMesh Pro/Examples & Extras/Resources/Fonts & Materials/Roboto-Bold SDF - Surface.mat
 1.7 kb	 0.0% Assets/TextMesh Pro/Examples & Extras/Resources/Fonts & Materials/LiberationSans SDF - Soft Mask.mat
 1.7 kb	 0.0% Assets/TextMesh Pro/Examples & Extras/Resources/Fonts & Materials/Bangers SDF Logo.mat
 1.6 kb	 0.0% Assets/TextMesh Pro/Resources/Fonts & Materials/LiberationSans SDF - Drop Shadow.mat
 1.6 kb	 0.0% Assets/Generated/Materials/Tile_ember_floor_fallback.mat
 1.6 kb	 0.0% Assets/TextMesh Pro/Examples & Extras/Resources/Fonts & Materials/Bangers SDF - Drop Shadow - 2 Pass.mat
 1.6 kb	 0.0% Assets/Generated/Materials/Tile_ember_wall_fallback.mat
 1.6 kb	 0.0% Assets/TextMesh Pro/Examples & Extras/Resources/Fonts & Materials/Bangers SDF - Drop Shadow.mat
 1.6 kb	 0.0% Assets/TextMesh Pro/Examples & Extras/Resources/Fonts & Materials/Bangers SDF - Outline.mat
 1.6 kb	 0.0% Assets/TextMesh Pro/Examples & Extras/Resources/Fonts & Materials/Roboto-Bold SDF - Drop Shadow.mat
 1.6 kb	 0.0% Assets/TextMesh Pro/Examples & Extras/Resources/Fonts & Materials/Anton SDF - Drop Shadow.mat
 1.6 kb	 0.0% Assets/TextMesh Pro/Resources/Fonts & Materials/LiberationSans SDF - Outline.mat
 1.6 kb	 0.0% Assets/TextMesh Pro/Examples & Extras/Resources/Fonts & Materials/Anton SDF - Outline.mat
 1.5 kb	 0.0% Packages/com.unity.render-pipelines.universal/Shaders/Utils/ClusterDeferred.shader
 1.4 kb	 0.0% Packages/com.unity.render-pipelines.core/Runtime/Debugging/Prefabs/Widgets/DebugUIProgressBar.prefab
 1.4 kb	 0.0% Packages/com.unity.render-pipelines.core/Runtime/Debugging/Prefabs/Widgets/DebugUIGroup.prefab
 1.2 kb	 0.0% Packages/com.unity.render-pipelines.core/Runtime/Debugging/Prefabs/Widgets/DebugUIButton.prefab
 1.1 kb	 0.0% Packages/com.unity.render-pipelines.core/Runtime/Debugging/Prefabs/Textures/UIFoldoutOpened.png
 1.1 kb	 0.0% Packages/com.unity.render-pipelines.core/Runtime/Debugging/Prefabs/Textures/UIFoldoutClosed.png
 1.1 kb	 0.0% Packages/com.unity.render-pipelines.core/Runtime/Debugging/Prefabs/Textures/UICheckMark.png
 0.9 kb	 0.0% Packages/com.unity.render-pipelines.core/Runtime/Debugging/Prefabs/Widgets/DebugUIEnumHistory.prefab
 0.9 kb	 0.0% Assets/TextMesh Pro/Examples & Extras/Resources/Fonts & Materials/LiberationSans SDF - Overlay.mat
 0.9 kb	 0.0% Packages/com.unity.render-pipelines.core/Runtime/Debugging/Prefabs/Widgets/DebugUIValuePersistent.prefab
 0.9 kb	 0.0% Packages/com.unity.render-pipelines.core/Runtime/Debugging/Prefabs/Widgets/DebugUIValueTuple.prefab
 0.9 kb	 0.0% Packages/com.unity.render-pipelines.core/Runtime/Debugging/Prefabs/Resources/DebugUIPersistentCanvas.prefab
 0.9 kb	 0.0% Packages/com.unity.render-pipelines.core/Runtime/Debugging/Prefabs/Widgets/DebugUIObject.prefab
 0.9 kb	 0.0% Packages/com.unity.render-pipelines.core/Runtime/Debugging/Prefabs/Widgets/DebugUIValue.prefab
 0.9 kb	 0.0% Packages/com.unity.render-pipelines.core/Runtime/Debugging/Prefabs/Widgets/DebugUIMessageBox.prefab
 0.9 kb	 0.0% Packages/com.unity.render-pipelines.core/Runtime/Debugging/Prefabs/Textures/UIElement8px.png
 0.6 kb	 0.0% Packages/com.unity.render-pipelines.core/Runtime/Debugging/Prefabs/Textures/White1px.png
 0.5 kb	 0.0% Packages/com.unity.render-pipelines.universal/Shaders/XR/XRMirrorView.shader
 0.5 kb	 0.0% Packages/com.unity.render-pipelines.universal/Shaders/Utils/BlitHDROverlay.shader
 0.4 kb	 0.0% Packages/com.unity.render-pipelines.universal/Runtime/Decal/DBuffer/DBufferClear.shader
 0.4 kb	 0.0% Assets/Settings/EmberURP.asset
 0.4 kb	 0.0% Packages/com.unity.render-pipelines.core/Runtime/Debugging/Prefabs/Widgets/DebugUIVBox.prefab
 0.4 kb	 0.0% Packages/com.unity.render-pipelines.core/Runtime/Debugging/Prefabs/Widgets/DebugUIHBox.prefab
 0.4 kb	 0.0% Built-in Sprite: 
 0.4 kb	 0.0% Packages/com.unity.render-pipelines.universal/Shaders/XR/XROcclusionMesh.shader
 0.4 kb	 0.0% Assets/Resources/loading-flavors.json
 0.4 kb	 0.0% Packages/com.unity.render-pipelines.universal/Shaders/XR/XRMotionVector.shader
 0.3 kb	 0.0% Assets/TextMesh Pro/Examples & Extras/Textures/Gradient Horizontal (Color).jpg
 0.3 kb	 0.0% Assets/TextMesh Pro/Examples & Extras/Textures/Gradient Diagonal (Color).jpg
 0.3 kb	 0.0% Assets/TextMesh Pro/Resources/LineBreaking Following Characters.txt
 0.3 kb	 0.0% Assets/TextMesh Pro/Resources/TMP Settings.asset
 0.3 kb	 0.0% Assets/Settings/EmberURP_Renderer.asset
 0.2 kb	 0.0% Packages/com.unity.render-pipelines.universal/Runtime/Debug/UniversalRenderPipelineVolumeDebugSettings.deprecated.cs
 0.2 kb	 0.0% Packages/com.unity.render-pipelines.universal/Runtime/RenderPipelineResources/UniversalRenderPipelineRuntimeXRResources.cs
 0.2 kb	 0.0% Packages/com.unity.render-pipelines.universal/Runtime/RenderPipelineResources/UniversalRenderPipelineRuntimeTerrainShaders.cs
 0.2 kb	 0.0% Packages/com.unity.render-pipelines.universal/Runtime/Debug/UniversalRenderPipelineVolumeDebugSettings.cs
 0.2 kb	 0.0% Packages/com.unity.render-pipelines.universal/Runtime/Debug/UniversalRenderPipelineDebugDisplaySettings.cs
 0.2 kb	 0.0% Packages/com.unity.render-pipelines.core/Runtime/RenderGraph/RenderGraphResourceAccelerationStructure.cs
 0.2 kb	 0.0% Packages/com.unity.render-pipelines.universal/Runtime/UniversalRenderPipelineGlobalSettings.cs
 0.2 kb	 0.0% Packages/com.unity.render-pipelines.universal/Runtime/RenderPipelineResources/UniversalRenderPipelineRuntimeTextures.cs
 0.2 kb	 0.0% Packages/com.unity.render-pipelines.universal/Runtime/RenderPipelineResources/UniversalRenderPipelineRuntimeShaders.cs
 0.2 kb	 0.0% Packages/com.unity.render-pipelines.universal/Runtime/RenderPipelineResources/UniversalRenderPipelineEditorMaterials.cs
 0.2 kb	 0.0% Packages/com.unity.render-pipelines.universal/Runtime/Debug/UniversalRenderPipelineDebugDisplayStats.cs
 0.2 kb	 0.0% Packages/com.unity.render-pipelines.universal/Runtime/2D/Shadows/ShadowProvider/Providers/ShadowShape2DProvider_SpriteRenderer.cs
 0.2 kb	 0.0% Packages/com.unity.render-pipelines.core/Runtime/Stripping/RenderPipelineGraphicsSettingsStripperFetcher.cs
 0.2 kb	 0.0% Packages/com.unity.render-pipelines.core/Runtime/RenderGraph/IRenderGraphEnabledRenderPipeline.cs
 0.2 kb	 0.0% Packages/com.unity.render-pipelines.universal/Runtime/RenderPipelineResources/UniversalRenderPipelineEditorShaders.cs
 0.2 kb	 0.0% Packages/com.unity.render-pipelines.universal/Runtime/RenderPipelineResources/UniversalRenderPipelineEditorAssets.cs
 0.2 kb	 0.0% Packages/com.unity.render-pipelines.universal/Runtime/RenderPipelineResources/UniversalRenderPipelineDebugShaders.cs
 0.2 kb	 0.0% Packages/com.unity.render-pipelines.universal/Runtime/Passes/AdditionalLightsShadowCasterPass.cs
 0.2 kb	 0.0% Packages/com.unity.render-pipelines.universal/Runtime/Passes/AdditionalLightsShadowAtlasLayout.cs
 0.2 kb	 0.0% Packages/com.unity.render-pipelines.core/Runtime/Stripping/RenderPipelineGraphicsSettingsStripperReport.cs
 0.2 kb	 0.0% Packages/com.unity.render-pipelines.core/Runtime/RenderGraph/Compiler/NativePassCompiler.Debug.cs
 0.2 kb	 0.0% Packages/com.unity.render-pipelines.core/Runtime/GPUDriven/OcclusionCullingCommonShaderVariables.cs
 0.2 kb	 0.0% Packages/com.unity.render-pipelines.core/Runtime/GPUDriven/InstanceOcclusionCullerShaderVariables.cs
 0.2 kb	 0.0% Packages/com.unity.render-pipelines.universal/Runtime/2D/Shadows/ShadowProvider/Providers/ShadowShape2DProvider_Collider.cs
 0.2 kb	 0.0% Packages/com.unity.render-pipelines.universal/Runtime/2D/CinemachineUniversalPixelPerfect.cs
 0.2 kb	 0.0% Packages/com.unity.render-pipelines.core/Runtime/Stripping/RenderPipelineGraphicsSettingsStripper.cs
 0.2 kb	 0.0% Packages/com.unity.render-pipelines.core/Runtime/RenderPipeline/RenderPipelineGraphicsSettingsContainer.cs
 0.2 kb	 0.0% Packages/com.unity.render-pipelines.core/Runtime/RenderGraph/Compiler/NativePassCompiler.cs
 0.2 kb	 0.0% Packages/com.unity.render-pipelines.core/Runtime/RenderGraph/Compiler/CompilerContextData.cs
 0.2 kb	 0.0% Packages/com.unity.render-pipelines.core/Runtime/Common/IVirtualTexturingEnabledRenderPipeline.cs
 0.2 kb	 0.0% Packages/com.unity.mathematics/Unity.Mathematics/Il2CppEagerStaticClassConstructionAttribute.cs
 0.2 kb	 0.0% Packages/com.unity.render-pipelines.universal/Textures/BayerMatrix.png
 0.2 kb	 0.0% Packages/com.unity.render-pipelines.universal/Runtime/VolumeRequiresRendererFeatures.cs
 0.2 kb	 0.0% Packages/com.unity.render-pipelines.universal/Runtime/UniversalAdditionalCameraData.cs
 0.2 kb	 0.0% Packages/com.unity.render-pipelines.universal/Runtime/Settings/URPDefaultVolumeProfileSetting.cs
 0.2 kb	 0.0% Packages/com.unity.render-pipelines.universal/Runtime/RendererFeatures/FullScreenPassRendererFeature.cs
 0.2 kb	 0.0% Packages/com.unity.render-pipelines.universal/Runtime/RendererFeatures/DisallowMultipleRendererFeature.cs
 0.2 kb	 0.0% Packages/com.unity.render-pipelines.universal/Runtime/RenderGraph/RenderGraphGraphicsAutomatedTests.cs
 0.2 kb	 0.0% Packages/com.unity.render-pipelines.universal/Runtime/Passes/ScreenSpaceAmbientOcclusionPass.cs
 0.2 kb	 0.0% Packages/com.unity.render-pipelines.universal/Runtime/Passes/MainLightShadowCasterPass.cs
 0.2 kb	 0.0% Packages/com.unity.render-pipelines.universal/Runtime/Passes/InvokeOnRenderObjectCallbackPass.cs
 0.2 kb	 0.0% Packages/com.unity.render-pipelines.universal/Runtime/Decal/Entities/DecalUpdateCullingGroupSystem.cs
 0.2 kb	 0.0% Packages/com.unity.render-pipelines.universal/Runtime/Debug/DebugDisplaySettingsRendering.cs
 0.2 kb	 0.0% Packages/com.unity.render-pipelines.core/Runtime/UnifiedRayTracing/Hardware/HardwareRayTracingAccelStruct.cs
 0.2 kb	 0.0% Packages/com.unity.render-pipelines.core/Runtime/RenderGraph/RenderGraphUtilsResources.cs
 0.2 kb	 0.0% Packages/com.unity.render-pipelines.core/Runtime/Lighting/ProbeVolume/ProbeReferenceVolume.ReflProbeNormalization.cs
 0.2 kb	 0.0% Packages/com.unity.render-pipelines.core/Runtime/GPUDriven/OcclusionCullingDebugShaderVariables.cs
 0.2 kb	 0.0% Packages/com.unity.ai.assistant/Runtime/Socket/Protocol/Models/FromServer/DiscussionInitializationV1.cs
 0.2 kb	 0.0% Packages/com.unity.ai.assistant/Runtime/Socket/Protocol/Models/FromClient/SequentialAgentDefinitionV1.cs
 0.2 kb	 0.0% Packages/com.unity.ai.assistant/Runtime/Socket/Protocol/Models/FromClient/RevertMessageNotificationV1.cs
 0.2 kb	 0.0% Packages/com.unity.ai.assistant/Runtime/FunctionCalling/Container/ToolInteractionAndPermissionBridge.cs
 0.2 kb	 0.0% Assets/Scripts/Presentation/Ember/CharacterCreation/DefaultNpcPortraitJsonProvider.cs
 0.2 kb	 0.0% Assets/Scripts/Presentation/Ember/CharacterCreation/CharacterCreationPortraitSwatch.cs
 0.2 kb	 0.0% Packages/com.unity.render-pipelines.universal/Runtime/UniversalRenderPipelineRenderGraph.cs
 0.2 kb	 0.0% Packages/com.unity.render-pipelines.universal/Runtime/2D/Shadows/ShadowCasterGroup2DManager.cs
 0.2 kb	 0.0% Packages/com.unity.render-pipelines.universal/Runtime/2D/Rendergraph/CopyCameraSortingLayerPass.cs
 0.2 kb	 0.0% Packages/com.unity.render-pipelines.universal/Runtime/2D/RendererFeatures/ScriptableRenderPass2D.cs
 0.2 kb	 0.0% Packages/com.unity.render-pipelines.universal/Runtime/2D/PixelPerfectCameraInternal.cs
 0.2 kb	 0.0% Packages/com.unity.render-pipelines.core/Runtime/Vrs/VrsRenderPipelineRuntimeResources.cs
 0.2 kb	 0.0% Packages/com.unity.render-pipelines.core/Runtime/Settings/RenderingDebuggerRuntimeResources.cs
 0.2 kb	 0.0% Packages/com.unity.render-pipelines.core/Runtime/RenderPipeline/RenderPipelineGlobalSettingsUtils.cs
 0.2 kb	 0.0% Packages/com.unity.render-pipelines.core/Runtime/RenderGraph/RenderGraphResourceRegistry.cs
 0.2 kb	 0.0% Packages/com.unity.render-pipelines.core/Runtime/RenderGraph/RenderGraphDefaultResources.cs
 0.2 kb	 0.0% Packages/com.unity.render-pipelines.core/Runtime/RenderGraph/Compiler/ResourcesData.cs
 0.2 kb	 0.0% Packages/com.unity.render-pipelines.core/Runtime/Lighting/ProbeVolume/ProbeVolumeConstantRuntimeResources.cs
 0.2 kb	 0.0% Packages/com.unity.render-pipelines.core/Runtime/Lighting/ProbeVolume/ProbeVolumeBakingSetWeakReference.cs
 0.2 kb	 0.0% Packages/com.unity.render-pipelines.core/Runtime/Lighting/ProbeVolume/IProbeVolumeEnabledRenderPipeline.cs
 0.2 kb	 0.0% Packages/com.unity.render-pipelines.core/Runtime/Debugging/Prefabs/Scripts/DebugUIHandlerRenderingLayerField.cs
 0.2 kb	 0.0% Packages/com.unity.ai.assistant/Runtime/Socket/Communication/OrchestrationStreamStatusHook.cs
 0.2 kb	 0.0% Assets/Scripts/Presentation/Ember/Adapters/DomainSimulationAdapter.Worldgen.Selection.cs
 0.2 kb	 0.0% Assets/Scripts/Presentation/Ember/Adapters/DomainSimulationAdapter.Worldgen.Production.cs
 0.2 kb	 0.0% Assets/Scripts/Presentation/Ember/Adapters/DomainSimulationAdapter.Worldgen.NpcStats.cs
 0.2 kb	 0.0% Assets/Scripts/Presentation/Ember/Adapters/DomainSimulationAdapter.Worldgen.Hydration.cs
 0.2 kb	 0.0% Assets/Scripts/Presentation/Ember/Adapters/DomainSimulationAdapter.Combat.Interaction.cs
 0.2 kb	 0.0% Packages/com.unity.render-pipelines.universal/Runtime/UniversalAdditionalLightData.cs
 0.2 kb	 0.0% Packages/com.unity.render-pipelines.universal/Runtime/Tiling/ReflectionProbeMinMaxZJob.cs
 0.2 kb	 0.0% Packages/com.unity.render-pipelines.universal/Runtime/Settings/URPShaderStrippingSetting.cs
 0.2 kb	 0.0% Packages/com.unity.render-pipelines.universal/Runtime/ScriptableRendererFeature.cs
 0.2 kb	 0.0% Packages/com.unity.render-pipelines.universal/Runtime/RendererFeatures/ScreenSpaceAmbientOcclusion.cs
 0.2 kb	 0.0% Packages/com.unity.render-pipelines.universal/Runtime/RendererFeatures/OnTilePostProcessResource.cs
 0.2 kb	 0.0% Packages/com.unity.render-pipelines.universal/Runtime/RenderTargetBufferSystem.cs
 0.2 kb	 0.0% Packages/com.unity.render-pipelines.universal/Runtime/RenderPipelineResources/UniversalRendererResources.cs
 0.2 kb	 0.0% Packages/com.unity.render-pipelines.universal/Runtime/Passes/StencilCrossFadeRenderPass.cs
 0.2 kb	 0.0% Packages/com.unity.render-pipelines.universal/Runtime/Passes/PostProcessPassRenderGraph.cs
 0.2 kb	 0.0% Packages/com.unity.render-pipelines.universal/Runtime/Overrides/ShadowsMidtonesHighlights.cs
 0.2 kb	 0.0% Packages/com.unity.render-pipelines.universal/Runtime/FrameData/UniversalPostProcessingData.cs
 0.2 kb	 0.0% Packages/com.unity.render-pipelines.universal/Runtime/Decal/ScreenSpace/DecalScreenSpaceRenderPass.cs
 0.2 kb	 0.0% Packages/com.unity.render-pipelines.universal/Runtime/Decal/Entities/DecalCreateDrawCallSystem.cs
 0.2 kb	 0.0% Packages/com.unity.render-pipelines.universal/Runtime/Debug/DebugDisplaySettingsMaterial.cs
 0.2 kb	 0.0% Packages/com.unity.render-pipelines.universal/Runtime/Debug/DebugDisplaySettingsLighting.cs
 0.2 kb	 0.0% Packages/com.unity.render-pipelines.universal/Runtime/Debug/DebugDisplaySettingsCommon.cs
 0.2 kb	 0.0% Packages/com.unity.render-pipelines.universal/Runtime/Data/UniversalRenderPipelineAsset.cs
 0.2 kb	 0.0% Packages/com.unity.render-pipelines.core/Runtime/UnifiedRayTracing/UnifiedRayTracingException.cs
 0.2 kb	 0.0% Packages/com.unity.render-pipelines.core/Runtime/UnifiedRayTracing/Hardware/HardwareRayTracingBackend.cs
 0.2 kb	 0.0% Packages/com.unity.render-pipelines.core/Runtime/UnifiedRayTracing/Compute/ComputeRayTracingAccelStruct.cs
 0.2 kb	 0.0% Packages/com.unity.render-pipelines.core/Runtime/RenderGraph/RenderGraphResourceRendererList.cs
 0.2 kb	 0.0% Packages/com.unity.render-pipelines.core/Runtime/RenderGraph/Compiler/PassesData.cs
 0.2 kb	 0.0% Packages/com.unity.render-pipelines.core/Runtime/GPUDriven/OccluderDepthPyramidConstants.cs
 0.2 kb	 0.0% Packages/com.unity.render-pipelines.core/Runtime/GPUDriven/Debug/DebugDisplayGPUResidentDrawer.cs
 0.2 kb	 0.0% Packages/com.unity.collections/Unity.Collections/GenerateTestsForBurstCompatibilityAttribute.cs
 0.2 kb	 0.0% Packages/com.unity.ai.assistant/Runtime/Socket/Protocol/Models/ServerMessageJsonConverter.cs
 0.2 kb	 0.0% Packages/com.unity.ai.assistant/Runtime/Socket/Protocol/Models/FromServer/FunctionCallRequestV1.cs
 0.2 kb	 0.0% Packages/com.unity.ai.assistant/Runtime/Socket/Protocol/Models/FromServer/CapabilitiesRequestV1.cs
 0.2 kb	 0.0% Packages/com.unity.ai.assistant/Runtime/Socket/Protocol/Models/FromClient/FunctionCallResponseV1.cs
 0.2 kb	 0.0% Packages/com.unity.ai.assistant/Runtime/Socket/Protocol/Models/FromClient/CapabilitiesResponseV1.cs
 0.2 kb	 0.0% Packages/com.unity.ai.assistant/Runtime/Socket/Protocol/Models/FromClient/BaseAgentDefinitionV1.cs
 0.2 kb	 0.0% Packages/com.unity.ai.assistant/Runtime/FunctionCalling/Functions/Local/LocalAssistantFunctionJsonUtils.cs
 0.2 kb	 0.0% Packages/com.unity.ai.assistant/Runtime/FunctionCalling/FunctionCallRendererAttribute.cs
 0.2 kb	 0.0% Assets/Scripts/Presentation/Ember/CharacterCreation/CharacterCreationController.cs
 0.2 kb	 0.0% Assets/Scripts/Presentation/Ember/Adapters/DomainSimulationAdapter.Worldgen.State.cs
 0.2 kb	 0.0% Assets/Scripts/Presentation/Ember/Adapters/DomainSimulationAdapter.Worldgen.Player.cs
 0.2 kb	 0.0% Assets/Scripts/Presentation/Ember/Adapters/DomainSimulationAdapter.Worldgen.Npcs.cs
 0.2 kb	 0.0% Assets/Scripts/Presentation/Ember/Adapters/DomainSimulationAdapter.WorldProjection.cs
 0.2 kb	 0.0% Assets/Scripts/Presentation/Ember/Adapters/DomainSimulationAdapter.QuestProgress.cs
 0.2 kb	 0.0% Assets/Scripts/Presentation/Ember/Adapters/DomainSimulationAdapter.QuestInteraction.cs
 0.2 kb	 0.0% Assets/Scripts/Presentation/Ember/Adapters/DomainSimulationAdapter.QuestGuidance.cs
 0.2 kb	 0.0% Assets/Scripts/Presentation/Ember/Adapters/DomainSimulationAdapter.Dialog.Topics.cs
 0.2 kb	 0.0% Assets/Scripts/Presentation/Ember/Adapters/DomainSimulationAdapter.Dialog.Source.cs
 0.2 kb	 0.0% Assets/Scripts/Presentation/Ember/Adapters/DomainSimulationAdapter.Dialog.Greetings.cs
 0.2 kb	 0.0% Assets/Scripts/Presentation/Ember/Adapters/DomainSimulationAdapter.Dialog.Binding.cs
 0.2 kb	 0.0% Assets/Scripts/Presentation/Ember/Adapters/DomainSimulationAdapter.Combat.Spells.cs
 0.2 kb	 0.0% Assets/Scripts/Presentation/Ember/Adapters/DomainSimulationAdapter.Combat.Helpers.cs
 0.2 kb	 0.0% Packages/com.unity.render-pipelines.universal/Runtime/UniversalRenderPipelineCore.cs
 0.2 kb	 0.0% Packages/com.unity.render-pipelines.universal/Runtime/FrameData/UniversalResourceBase.cs
 0.2 kb	 0.0% Packages/com.unity.render-pipelines.universal/Runtime/2D/URP2D_GraphicsExtensions.cs
 0.2 kb	 0.0% Packages/com.unity.render-pipelines.universal/Runtime/2D/Shadows/ShadowProvider/ShadowShape2DProvider.cs
 0.2 kb	 0.0% Packages/com.unity.render-pipelines.universal/Runtime/2D/Shadows/CompositeShadowCaster2D.cs
 0.2 kb	 0.0% Packages/com.unity.render-pipelines.core/Runtime/Utilities/CoreRenderPipelinePreferences.cs
 0.2 kb	 0.0% Packages/com.unity.render-pipelines.core/Runtime/Settings/IDefaultVolumeProfileSettings.cs
 0.2 kb	 0.0% Packages/com.unity.render-pipelines.core/Runtime/RenderGraph/RenderGraphResourcePool.cs
 0.2 kb	 0.0% Packages/com.unity.render-pipelines.core/Runtime/RenderGraph/RenderGraphObjectPool.cs
 0.2 kb	 0.0% Packages/com.unity.render-pipelines.core/Runtime/RenderGraph/Debug/RenderGraphDebugSession.cs
 0.2 kb	 0.0% Packages/com.unity.render-pipelines.core/Runtime/RenderGraph/Debug/RenderGraphDebugParams.cs
 0.2 kb	 0.0% Packages/com.unity.render-pipelines.core/Runtime/RenderGraph/Debug/RenderGraph.DebugDataSerialization.cs
 0.2 kb	 0.0% Packages/com.unity.render-pipelines.core/Runtime/RenderGraph/Debug/DebugDisplaySettingsRenderGraph.cs
 0.2 kb	 0.0% Packages/com.unity.render-pipelines.core/Runtime/Lighting/ProbeVolume/ProbeVolumeBakingProcessSettings.cs
 0.2 kb	 0.0% Packages/com.unity.render-pipelines.core/Runtime/Debugging/Prefabs/Scripts/DebugUIHandlerPersistentCanvas.cs
 0.2 kb	 0.0% Packages/com.unity.render-pipelines.core/Runtime/Debugging/Prefabs/Scripts/DebugUIHandlerObjectPopupField.cs
 0.2 kb	 0.0% Packages/com.unity.render-pipelines.core/Runtime/Debugging/Prefabs/Scripts/DebugUIHandlerIndirectFloatField.cs
 0.2 kb	 0.0% Packages/com.unity.render-pipelines.core/Runtime/Debugging/DebugDisplaySettingsHDROutput.cs
 0.2 kb	 0.0% Packages/com.unity.render-pipelines.core/Runtime/Common/GlobalDynamicResolutionSettings.cs
 0.2 kb	 0.0% Packages/com.unity.inputsystem/InputSystem/Editor/UITKAssetEditor/Views/CompositePartBindingPropertiesView.cs
 0.2 kb	 0.0% Packages/com.unity.inputsystem/InputSystem/Editor/UITKAssetEditor/Views/CollectionViewSelectionChangeFilter.cs
 0.2 kb	 0.0% Packages/com.unity.inputsystem/InputSystem/Editor/UITKAssetEditor/InputActionsEditorSettingsProvider.cs
 0.2 kb	 0.0% Packages/com.unity.inputsystem/InputSystem/Editor/PropertyDrawers/InputActionReferenceSearchProviders.cs
 0.2 kb	 0.0% Packages/com.unity.inputsystem/InputSystem/Editor/PropertyDrawers/InputActionReferencePropertyDrawer.cs
 0.2 kb	 0.0% Packages/com.unity.inputsystem/InputSystem/Editor/Analytics/InputActionsEditorSessionAnalytic.cs
 0.2 kb	 0.0% Packages/com.unity.inputsystem/InputSystem/Devices/Commands/QueryEditorWindowCoordinatesCommand.cs
 0.2 kb	 0.0% Packages/com.unity.inputsystem/InputSystem/Devices/Commands/InitiateUserAccountPairingCommand.cs
 0.2 kb	 0.0% Assets/Scripts/Presentation/Ember/WorldDirector/BuildingAccessibilityVolume.cs
 0.2 kb	 0.0% Assets/Scripts/Presentation/Ember/Views/GeneratedNpcAccessibilityGuard.cs
 0.2 kb	 0.0% Assets/Scripts/Presentation/Ember/Views/BestiaryBillboardSpriteFactory.cs
 0.2 kb	 0.0% Assets/Scripts/Presentation/Ember/Forge/SingleFigureRefiningAssetForge.cs
 0.2 kb	 0.0% Assets/Scripts/Presentation/Ember/Forge/RuntimeSingleFigureForgeFactory.cs
 0.2 kb	 0.0% Assets/Scripts/Presentation/Ember/Adapters/DomainSimulationAdapter.WorldRows.cs
 0.2 kb	 0.0% Assets/Scripts/Presentation/Ember/Adapters/DomainSimulationAdapter.WorldQuests.cs
 0.2 kb	 0.0% Assets/Scripts/Presentation/Ember/Adapters/DomainSimulationAdapter.WorldEncounter.cs
 0.2 kb	 0.0% Assets/Scripts/Presentation/Ember/Adapters/DomainSimulationAdapter.MainQuest.cs
 0.2 kb	 0.0% Assets/Scripts/Presentation/Ember/Adapters/DomainSimulationAdapter.Dialog.Text.cs
 0.2 kb	 0.0% Assets/Scripts/Presentation/Ember/Adapters/DomainSimulationAdapter.CombatScreen.cs
 0.2 kb	 0.0% Assets/Scripts/Presentation/Ember/Adapters/DomainSimulationAdapter.Combat.Melee.cs
 0.2 kb	 0.0% Packages/com.unity.render-pipelines.universal/Runtime/UniversalRendererRenderGraph.cs
 0.2 kb	 0.0% Packages/com.unity.render-pipelines.universal/Runtime/UniversalRendererData.cs
 0.2 kb	 0.0% Packages/com.unity.render-pipelines.universal/Runtime/UniversalRenderPipeline.cs
 0.2 kb	 0.0% Packages/com.unity.render-pipelines.universal/Runtime/UniversalCameraHistory.cs
 0.2 kb	 0.0% Packages/com.unity.render-pipelines.universal/Runtime/Tiling/TileRangeExpansionJob.cs
 0.2 kb	 0.0% Packages/com.unity.render-pipelines.universal/Runtime/SupportedOnRenderer.cs
 0.2 kb	 0.0% Packages/com.unity.render-pipelines.universal/Runtime/Settings/URPTerrainShaderSetting.cs
 0.2 kb	 0.0% Packages/com.unity.render-pipelines.universal/Runtime/Settings/URPReflectionProbeSettings.cs
 0.2 kb	 0.0% Packages/com.unity.render-pipelines.universal/Runtime/ScriptableRendererData.cs
 0.2 kb	 0.0% Packages/com.unity.render-pipelines.universal/Runtime/RendererFeatures/FullScreenPassRendererFeature_OldGUID.cs
 0.2 kb	 0.0% Packages/com.unity.render-pipelines.universal/Runtime/ReflectionProbeManager.cs
 0.2 kb	 0.0% Packages/com.unity.render-pipelines.universal/Runtime/Passes/TransparentSettingsPass.cs
 0.2 kb	 0.0% Packages/com.unity.render-pipelines.universal/Runtime/Passes/MotionVectorRenderPass.cs
 0.2 kb	 0.0% Packages/com.unity.render-pipelines.universal/Runtime/Passes/DrawScreenSpaceUIPass.cs
 0.2 kb	 0.0% Packages/com.unity.render-pipelines.universal/Runtime/Passes/DepthNormalOnlyPass.cs
 0.2 kb	 0.0% Packages/com.unity.render-pipelines.universal/Runtime/Passes/ColorGradingLutPass.cs
 0.2 kb	 0.0% Packages/com.unity.render-pipelines.universal/Runtime/NormalReconstruction.cs
 0.2 kb	 0.0% Packages/com.unity.render-pipelines.universal/Runtime/FrameData/UniversalResourceData.cs
 0.2 kb	 0.0% Packages/com.unity.render-pipelines.universal/Runtime/FrameData/UniversalRenderingData.cs
 0.2 kb	 0.0% Packages/com.unity.render-pipelines.universal/Runtime/FrameData/Universal2DResourceData.cs
 0.2 kb	 0.0% Packages/com.unity.render-pipelines.universal/Runtime/Decal/ScreenSpace/DecalGBufferRenderPass.cs
 0.2 kb	 0.0% Packages/com.unity.render-pipelines.universal/Runtime/Decal/Entities/DecalUpdateCulledSystem.cs
 0.2 kb	 0.0% Packages/com.unity.render-pipelines.universal/Runtime/Decal/Entities/DecalUpdateCachedSystem.cs
 0.2 kb	 0.0% Packages/com.unity.render-pipelines.universal/Runtime/Decal/Entities/DecalSkipCulledSystem.cs
 0.2 kb	 0.0% Packages/com.unity.render-pipelines.universal/Runtime/Decal/DBuffer/DecalForwardEmissivePass.cs
 0.2 kb	 0.0% Packages/com.unity.render-pipelines.core/Runtime/XR/XRBuiltinShaderConstants.cs
 0.2 kb	 0.0% Packages/com.unity.render-pipelines.core/Runtime/UnifiedRayTracing/IRayTracingAccelStruct.cs
 0.2 kb	 0.0% Packages/com.unity.render-pipelines.core/Runtime/UnifiedRayTracing/Hardware/HardwareRayTracingShader.cs
 0.2 kb	 0.0% Packages/com.unity.render-pipelines.core/Runtime/UnifiedRayTracing/Compute/ComputeRayTracingShader.cs
 0.2 kb	 0.0% Packages/com.unity.render-pipelines.core/Runtime/UnifiedRayTracing/Compute/ComputeRayTracingBackend.cs
 0.2 kb	 0.0% Packages/com.unity.render-pipelines.core/Runtime/Settings/IDefaultVolumeProfileResource.cs
 0.2 kb	 0.0% Packages/com.unity.render-pipelines.core/Runtime/RenderGraph/RenderGraphResourceTexture.cs
 0.2 kb	 0.0% Packages/com.unity.render-pipelines.core/Runtime/RenderGraph/RenderGraph.ExceptionMessages.cs
 0.2 kb	 0.0% Packages/com.unity.render-pipelines.core/Runtime/RenderGraph/IRenderGraphBuilder.cs
 0.2 kb	 0.0% Packages/com.unity.render-pipelines.core/Runtime/GPUDriven/InstanceCullingBatcherBurst.cs
 0.2 kb	 0.0% Packages/com.unity.render-pipelines.core/Runtime/GPUDriven/IGPUResidentRenderPipeline.cs
 0.2 kb	 0.0% Packages/com.unity.render-pipelines.core/Runtime/GPUDriven/GPUResidentDrawerResources.cs
 0.2 kb	 0.0% Packages/com.unity.render-pipelines.core/Runtime/GPUDriven/Components/DisallowGPUDrivenRendering.cs
 0.2 kb	 0.0% Packages/com.unity.render-pipelines.core/Runtime-PrivateShared/AssemblyInfo.cs
 0.2 kb	 0.0% Packages/com.unity.inputsystem/InputSystem/Plugins/UI/StandaloneInputModuleEditor.cs
 0.2 kb	 0.0% Packages/com.unity.inputsystem/InputSystem/Plugins/UI/InputSystemUIInputModuleEditor.cs
 0.2 kb	 0.0% Packages/com.unity.ai.assistant/Runtime/Socket/Utilities/OrchestrationDataUtilities.cs
 0.2 kb	 0.0% Packages/com.unity.ai.assistant/Runtime/Socket/Protocol/REST/Model/ConversationTitleResponseV1.cs
 0.2 kb	 0.0% Packages/com.unity.ai.assistant/Runtime/Socket/Protocol/REST/Model/ContributionRequestInternal.cs
 0.2 kb	 0.0% Packages/com.unity.ai.assistant/Runtime/Socket/Protocol/REST/Model/AttachedContextMetadataV1.cs
 0.2 kb	 0.0% Packages/com.unity.ai.assistant/Runtime/Socket/Protocol/REST/Client/UnexpectedResponseException.cs
 0.2 kb	 0.0% Packages/com.unity.ai.assistant/Runtime/Socket/Protocol/Models/FromServer/ServerDisconnectV1.cs
 0.2 kb	 0.0% Packages/com.unity.ai.assistant/Runtime/Socket/Protocol/Models/FromServer/ChatAcknowledgmentV1.cs
 0.2 kb	 0.0% Packages/com.unity.ai.assistant/Runtime/Socket/Protocol/Models/FromClient/ModelConfiguration.cs
 0.2 kb	 0.0% Packages/com.unity.ai.assistant/Runtime/Socket/Protocol/Models/FromClient/LlmAgentDefinitionV1.cs
 0.2 kb	 0.0% Packages/com.unity.ai.assistant/Runtime/Socket/Protocol/Models/FromClient/ClientDisconnectV1.cs
 0.2 kb	 0.0% Packages/com.unity.ai.assistant/Runtime/Socket/Protocol/Models/FromClient/CancelChatRequestV1.cs
 0.2 kb	 0.0% Packages/com.unity.ai.assistant/Runtime/FunctionCalling/Permissions/IPermissionsPolicyProvider.cs
 0.2 kb	 0.0% Packages/com.unity.ai.assistant/Runtime/FunctionCalling/DefaultFunctionCallRenderer.cs
 0.2 kb	 0.0% Packages/com.unity.ai.assistant/Runtime/FunctionCalling/Context/ToolExecutionContextFactory.cs
 0.2 kb	 0.0% Packages/com.unity.ai.assistant/Runtime/FunctionCalling/Attributes/AgentToolSettingsAttribute.cs
 0.2 kb	 0.0% Packages/com.unity.ai.assistant/Runtime/FunctionCalling/AttributeBasedFunctionSource.cs
 0.2 kb	 0.0% Packages/com.unity.ai.assistant/Runtime/FunctionCalling/AIAssistantFunctionCaller.cs
 0.2 kb	 0.0% Packages/com.unity.ai.assistant/Runtime/ApplicationModels/SelectedContextMetadataItems.cs
 0.2 kb	 0.0% Assets/Scripts/Simulation/WorldDirector/SettlementLayoutStrategyFactory.cs
 0.2 kb	 0.0% Assets/Scripts/Presentation/Ember/UI/Options/GeneratedAssetsSection.Helpers.cs
 0.2 kb	 0.0% Assets/Scripts/Presentation/Ember/Interaction/EmberPlayerInteractRaycaster.cs
 0.2 kb	 0.0% Assets/Scripts/Presentation/Ember/Diagnostics/EmberProofScreenshotDriver.cs
 0.2 kb	 0.0% Assets/Scripts/Presentation/Ember/CharacterCreation/PortraitPromptBuilder.cs
 0.2 kb	 0.0% Assets/Scripts/Presentation/Ember/CharacterCreation/CharCreationToolkitView.cs
 0.2 kb	 0.0% Assets/Scripts/Presentation/Ember/Bootstrap/EmberWorldHostAdapterBinding.cs
 0.2 kb	 0.0% Assets/Scripts/Presentation/Ember/Adapters/UnavailableSimulationAdapter.cs
 0.2 kb	 0.0% Assets/Scripts/Presentation/Ember/Adapters/DomainSimulationAdapter.Worldgen.cs
 0.2 kb	 0.0% Assets/Scripts/Presentation/Ember/Adapters/DomainSimulationAdapter.Trade.cs
 0.2 kb	 0.0% Assets/Scripts/Presentation/Ember/Adapters/DomainSimulationAdapter.Overland.cs
 0.2 kb	 0.0% Assets/Scripts/Presentation/Ember/Adapters/DomainSimulationAdapter.LevelUp.cs
 0.2 kb	 0.0% Assets/Scripts/Presentation/Ember/Adapters/DomainSimulationAdapter.Journal.cs
 0.2 kb	 0.0% Assets/Scripts/Presentation/Ember/Adapters/DomainSimulationAdapter.Haunters.cs
 0.2 kb	 0.0% Assets/Scripts/Presentation/Ember/Adapters/DomainSimulationAdapter.Dialog.cs
 0.2 kb	 0.0% Assets/Scripts/Presentation/Ember/Adapters/DomainSimulationAdapter.Crafting.cs
 0.2 kb	 0.0% Assets/Scripts/Presentation/Ember/Adapters/DomainSimulationAdapter.Combat.cs
 0.2 kb	 0.0% Assets/Scripts/Presentation/Ember/Adapters/DomainSimulationAdapter.Clock.cs
 0.2 kb	 0.0% Assets/Scripts/Presentation/Ember/Adapters/CharacterCreationViewModel.cs
 0.2 kb	 0.0% Assets/Scripts/Data/GeneratedAssetLibrary/GeneratedTextureTileabilityAnalyzer.cs
 0.2 kb	 0.0% Assets/Scripts/Data/GeneratedAssetLibrary/ConnectedComponentSingleFigureGate.cs
 0.2 kb	 0.0% Assets/Scripts/Data/Content/UnityStreamingAssetsContentPathProvider.cs
 0.1 kb	 0.0% Packages/com.unity.render-pipelines.universal/Runtime/UniversalRendererDebug.cs
 0.1 kb	 0.0% Packages/com.unity.render-pipelines.universal/Runtime/MotionVectors.cs
 0.1 kb	 0.0% Packages/com.unity.render-pipelines.universal/Runtime/Decal/DecalDrawErrorRenderPass.cs
 0.1 kb	 0.0% Packages/com.unity.render-pipelines.universal/Runtime/2D/Shadows/ShadowProvider/ShapeProviderUtility.cs
 0.1 kb	 0.0% Packages/com.unity.render-pipelines.universal/Runtime/2D/Shadows/ShadowCasterGroup2D.cs
 0.1 kb	 0.0% Packages/com.unity.render-pipelines.universal/Runtime/2D/Rendergraph/GlobalPropertiesPass.cs
 0.1 kb	 0.0% Packages/com.unity.render-pipelines.universal/Runtime/2D/Rendergraph/DrawRenderer2DPass.cs
 0.1 kb	 0.0% Packages/com.unity.render-pipelines.universal/Runtime/2D/PixelPerfectCamera.cs
 0.1 kb	 0.0% Packages/com.unity.render-pipelines.universal/Runtime/2D/Passes/Utility/Light2DLookupTexture.cs
 0.1 kb	 0.0% Packages/com.unity.render-pipelines.universal/Runtime/2D/Light2DCullResult.cs
 0.1 kb	 0.0% Packages/com.unity.render-pipelines.universal/Runtime/2D/Light2DBlendStyle.cs
 0.1 kb	 0.0% Packages/com.unity.render-pipelines.core/Runtime/Utilities/BatchRendererGroupGlobals.cs
 0.1 kb	 0.0% Packages/com.unity.render-pipelines.core/Runtime/Settings/IncludeRenderPipelineAsset.cs
 0.1 kb	 0.0% Packages/com.unity.render-pipelines.core/Runtime/STP/ISTPEnabledRenderPipeline.cs
 0.1 kb	 0.0% Packages/com.unity.render-pipelines.core/Runtime/RenderGraph/RenderGraphUtilsBlit.cs
 0.1 kb	 0.0% Packages/com.unity.render-pipelines.core/Runtime/RenderGraph/RenderGraphResourceBuffer.cs
 0.1 kb	 0.0% Packages/com.unity.render-pipelines.core/Runtime/RenderGraph/RenderGraphGlobalSettings.cs
 0.1 kb	 0.0% Packages/com.unity.render-pipelines.core/Runtime/RenderGraph/RenderGraphBuilders.cs
 0.1 kb	 0.0% Packages/com.unity.render-pipelines.core/Runtime/RenderGraph/RenderGraphBuilder.cs
 0.1 kb	 0.0% Packages/com.unity.render-pipelines.core/Runtime/RenderGraph/IRenderGraphRecorder.cs
 0.1 kb	 0.0% Packages/com.unity.render-pipelines.core/Runtime/RenderGraph/Debug/RenderGraphLogger.cs
 0.1 kb	 0.0% Packages/com.unity.render-pipelines.core/Runtime/RenderGraph/Debug/DebugMessageHandler.cs
 0.1 kb	 0.0% Packages/com.unity.render-pipelines.core/Runtime/Lighting/ProbeVolume/ShaderVariablesProbeVolumes.cs
 0.1 kb	 0.0% Packages/com.unity.render-pipelines.core/Runtime/Lighting/ProbeVolume/ProbeVolumeStreamableAsset.cs
 0.1 kb	 0.0% Packages/com.unity.render-pipelines.core/Runtime/Lighting/ProbeVolume/ProbeVolumeScratchBufferPool.cs
 0.1 kb	 0.0% Packages/com.unity.render-pipelines.core/Runtime/Lighting/ProbeVolume/ProbeVolumeGlobalSettings.cs
 0.1 kb	 0.0% Packages/com.unity.render-pipelines.core/Runtime/GPUDriven/InstanceData/InstanceWindDataUpdateDefs.cs
 0.1 kb	 0.0% Packages/com.unity.render-pipelines.core/Runtime/GPUDriven/InstanceData/InstanceTransformUpdateDefs.cs
 0.1 kb	 0.0% Packages/com.unity.render-pipelines.core/Runtime/GPUDriven/InstanceData/GPUInstanceDataUploader.cs
 0.1 kb	 0.0% Packages/com.unity.render-pipelines.core/Runtime/GPUDriven/GPUResidentDrawerTypes.cs
 0.1 kb	 0.0% Packages/com.unity.render-pipelines.core/Runtime/Debugging/Prefabs/Scripts/DebugUIHandlerToggleHistory.cs
 0.1 kb	 0.0% Packages/com.unity.render-pipelines.core/Runtime/Debugging/Prefabs/Scripts/DebugUIHandlerProgressBar.cs
 0.1 kb	 0.0% Packages/com.unity.render-pipelines.core/Runtime/Debugging/Prefabs/Scripts/DebugUIHandlerIndirectToggle.cs
 0.1 kb	 0.0% Packages/com.unity.render-pipelines.core/Runtime/Debugging/Prefabs/Scripts/DebugUIHandlerEnumHistory.cs
 0.1 kb	 0.0% Packages/com.unity.render-pipelines.core/Runtime/Debugging/IDebugDisplaySettingsQuery.cs
 0.1 kb	 0.0% Packages/com.unity.render-pipelines.core/Runtime/Debugging/IDebugDisplaySettingsPanel.cs
 0.1 kb	 0.0% Packages/com.unity.render-pipelines.core/Runtime/Debugging/IDebugDisplaySettingsData.cs
 0.1 kb	 0.0% Packages/com.unity.render-pipelines.core/Runtime/Debugging/DebugDisplaySettingsVolumes.cs
 0.1 kb	 0.0% Packages/com.unity.render-pipelines.core/Runtime/Debugging/DebugDisplaySettingsPanel.cs
 0.1 kb	 0.0% Packages/com.unity.inputsystem/InputSystem/Plugins/InputForUI/InputActionAssetVerifier.cs
 0.1 kb	 0.0% Packages/com.unity.inputsystem/InputSystem/Editor/UITKAssetEditor/Views/CompositeBindingPropertiesView.cs
 0.1 kb	 0.0% Packages/com.unity.inputsystem/InputSystem/Editor/UITKAssetEditor/InputActionsEditorWindowUtils.cs
 0.1 kb	 0.0% Packages/com.unity.inputsystem/InputSystem/Editor/PropertyDrawers/InputActionAssetSearchProvider.cs
 0.1 kb	 0.0% Packages/com.unity.inputsystem/InputSystem/Editor/ProjectWideActions/ProjectWideActionsBuildProvider.cs
 0.1 kb	 0.0% Packages/com.unity.inputsystem/InputSystem/Editor/Internal/SerializedPropertyLinqExtensions.cs
 0.1 kb	 0.0% Packages/com.unity.inputsystem/InputSystem/Editor/Internal/InputActionSerializationHelpers.cs
 0.1 kb	 0.0% Packages/com.unity.inputsystem/InputSystem/Editor/EditorInputControlLayoutCache.cs
 0.1 kb	 0.0% Packages/com.unity.inputsystem/InputSystem/Editor/ControlPicker/Layouts/TouchscreenControlPickerLayout.cs
 0.1 kb	 0.0% Packages/com.unity.inputsystem/InputSystem/Editor/ControlPicker/Layouts/DefaultInputControlPickerLayout.cs
 0.1 kb	 0.0% Packages/com.unity.inputsystem/InputSystem/Editor/Analytics/VirtualMouseInputEditorAnalytic.cs
 0.1 kb	 0.0% Packages/com.unity.inputsystem/InputSystem/Editor/Analytics/PlayerInputManagerEditorAnalytic.cs
 0.1 kb	 0.0% Packages/com.unity.inputsystem/InputSystem/Devices/Commands/QuerySamplingFrequencyCommand.cs
 0.1 kb	 0.0% Packages/com.unity.inputsystem/InputSystem/Devices/Commands/QueryPairedUserAccountCommand.cs
 0.1 kb	 0.0% Packages/com.unity.ai.assistant/Runtime/Utils/AssistantMessageSizeConstraints.cs
 0.1 kb	 0.0% Packages/com.unity.ai.assistant/Runtime/Socket/Communication/WrappedClientWebSocket.cs
 0.1 kb	 0.0% Packages/com.unity.ai.assistant/Runtime/Socket/Communication/OrchestrationWebSocket.cs
 0.1 kb	 0.0% Packages/com.unity.ai.assistant/Runtime/Socket/Communication/IOrchestrationWebSocket.cs
 0.1 kb	 0.0% Assets/Scripts/Simulation/Generation/GeneratedCoreSpriteNameMapper.cs
 0.1 kb	 0.0% Assets/Scripts/Simulation/Generation/CoreAssetLibraryRecordBuilder.cs
 0.1 kb	 0.0% Assets/Scripts/Presentation/Ember/WorldDirector/WorldCombatFeedbackFeed.cs
 0.1 kb	 0.0% Assets/Scripts/Presentation/Ember/WorldDirector/RuntimeWeatherController.cs
 0.1 kb	 0.0% Assets/Scripts/Presentation/Ember/WorldDirector/RuntimeTerrainBuilder.cs
 0.1 kb	 0.0% Assets/Scripts/Presentation/Ember/WorldDirector/RuntimeMaterialPalette.cs
 0.1 kb	 0.0% Assets/Scripts/Presentation/Ember/WorldDirector/RuntimeMainQuestFinale.cs
 0.1 kb	 0.0% Assets/Scripts/Presentation/Ember/WorldDirector/RuntimeLockedDoorView.cs
 0.1 kb	 0.0% Assets/Scripts/Presentation/Ember/WorldDirector/RuntimeFunctionalInteriors.cs
 0.1 kb	 0.0% Assets/Scripts/Presentation/Ember/WorldDirector/RuntimeDungeonLayoutInfo.cs
 0.1 kb	 0.0% Assets/Scripts/Presentation/Ember/WorldDirector/RuntimeDungeonBuilder.cs
 0.1 kb	 0.0% Assets/Scripts/Presentation/Ember/WorldDirector/RuntimeDungeonArchetype.cs
 0.1 kb	 0.0% Assets/Scripts/Presentation/Ember/WorldDirector/RuntimeBuildingBuilder.cs
 0.1 kb	 0.0% Assets/Scripts/Presentation/Ember/Views/EmberGeneratedActorSpawner.cs
 0.1 kb	 0.0% Assets/Scripts/Presentation/Ember/UI/Options/GeneratedAssetsSection.Ui.cs
 0.1 kb	 0.0% Assets/Scripts/Presentation/Ember/Sprites/GeneratedCoreTextureLoader.cs
 0.1 kb	 0.0% Assets/Scripts/Presentation/Ember/Sprites/GeneratedCoreSpriteLoader.cs
 0.1 kb	 0.0% Assets/Scripts/Presentation/Ember/Forge/SingleFigureSpritePolicies.cs
 0.1 kb	 0.0% Assets/Scripts/Presentation/Ember/Camera/EmberFirstPersonController.cs
 0.1 kb	 0.0% Assets/Scripts/Presentation/Ember/Adapters/DomainSimulationAdapter.Save.cs
 0.1 kb	 0.0% Assets/Scripts/Presentation/Ember/Adapters/DomainSimulationAdapter.Hud.cs
 0.1 kb	 0.0% Assets/Scripts/Presentation/Ember/Adapters/DomainSimulationAdapter.Fate.cs
 0.1 kb	 0.0% Packages/com.unity.render-pipelines.universal/Runtime/XR/XRSystemUniversal.cs
 0.1 kb	 0.0% Packages/com.unity.render-pipelines.universal/Runtime/UniversalRenderer.cs
 0.1 kb	 0.0% Packages/com.unity.render-pipelines.universal/Runtime/SpaceFillingCurves.cs
 0.1 kb	 0.0% Packages/com.unity.render-pipelines.universal/Runtime/Settings/RenderGraphSettings.cs
 0.1 kb	 0.0% Packages/com.unity.render-pipelines.universal/Runtime/ScriptableRenderer.cs
 0.1 kb	 0.0% Packages/com.unity.render-pipelines.universal/Runtime/SceneViewDrawMode.cs
 0.1 kb	 0.0% Packages/com.unity.render-pipelines.universal/Runtime/RenderingLayerUtils.cs
 0.1 kb	 0.0% Packages/com.unity.render-pipelines.universal/Runtime/RendererFeatures/ScreenSpaceShadows.cs
 0.1 kb	 0.0% Packages/com.unity.render-pipelines.universal/Runtime/RendererFeatures/DecalRendererFeature.cs
 0.1 kb	 0.0% Packages/com.unity.render-pipelines.universal/Runtime/RenderTargetHandle.cs
 0.1 kb	 0.0% Packages/com.unity.render-pipelines.universal/Runtime/RenderPipelineResources/Renderer2DResources.cs
 0.1 kb	 0.0% Packages/com.unity.render-pipelines.universal/Runtime/Passes/XROcclusionMeshPass.cs
 0.1 kb	 0.0% Packages/com.unity.render-pipelines.universal/Runtime/Passes/XRDepthMotionPass.cs
 0.1 kb	 0.0% Packages/com.unity.render-pipelines.universal/Runtime/Passes/ScriptableRenderPass.cs
 0.1 kb	 0.0% Packages/com.unity.render-pipelines.universal/Runtime/Passes/RenderObjectsPass.cs
 0.1 kb	 0.0% Packages/com.unity.render-pipelines.universal/Runtime/Passes/ProbeVolumeDebugPass.cs
 0.1 kb	 0.0% Packages/com.unity.render-pipelines.universal/Runtime/Passes/FinalBlitPass.cs
 0.1 kb	 0.0% Packages/com.unity.render-pipelines.universal/Runtime/Passes/DrawObjectsPass.cs
 0.1 kb	 0.0% Packages/com.unity.render-pipelines.universal/Runtime/Passes/DepthOnlyPass.cs
 0.1 kb	 0.0% Packages/com.unity.render-pipelines.universal/Runtime/Passes/CopyDepthPass.cs
 0.1 kb	 0.0% Packages/com.unity.render-pipelines.universal/Runtime/Passes/CopyColorPass.cs
 0.1 kb	 0.0% Packages/com.unity.render-pipelines.universal/Runtime/Overrides/ScreenSpaceLensFlare.cs
 0.1 kb	 0.0% Packages/com.unity.render-pipelines.universal/Runtime/Overrides/ChromaticAberration.cs
 0.1 kb	 0.0% Packages/com.unity.render-pipelines.universal/Runtime/LightCookieManager.cs
 0.1 kb	 0.0% Packages/com.unity.render-pipelines.universal/Runtime/History/SingleHistoryBase.cs
 0.1 kb	 0.0% Packages/com.unity.render-pipelines.universal/Runtime/FrameData/UniversalShadowData.cs
 0.1 kb	 0.0% Packages/com.unity.render-pipelines.universal/Runtime/FrameData/UniversalLightData.cs
 0.1 kb	 0.0% Packages/com.unity.render-pipelines.universal/Runtime/FrameData/UniversalCameraData.cs
 0.1 kb	 0.0% Packages/com.unity.render-pipelines.universal/Runtime/ForwardRendererData.cs
 0.1 kb	 0.0% Packages/com.unity.render-pipelines.universal/Runtime/ForwardLights.cs
 0.1 kb	 0.0% Packages/com.unity.render-pipelines.universal/Runtime/DeferredLights.cs
 0.1 kb	 0.0% Packages/com.unity.render-pipelines.universal/Runtime/Decal/Entities/DecalEntityManager.cs
 0.1 kb	 0.0% Packages/com.unity.render-pipelines.universal/Runtime/Decal/DecalShaderPassNames.cs
 0.1 kb	 0.0% Packages/com.unity.render-pipelines.universal/Runtime/Decal/DBuffer/DBufferRenderPass.cs
 0.1 kb	 0.0% Packages/com.unity.render-pipelines.universal/Runtime/Decal/DBuffer/DBufferDepthCopyPass.cs
 0.1 kb	 0.0% Packages/com.unity.render-pipelines.universal/Runtime/2D/Rendergraph/Renderer2DRendergraph.cs
 0.1 kb	 0.0% Packages/com.unity.render-pipelines.core/Runtime/UnifiedRayTracing/RayTracingResources.cs
 0.1 kb	 0.0% Packages/com.unity.render-pipelines.core/Runtime/UnifiedRayTracing/RayTracingContext.cs
 0.1 kb	 0.0% Packages/com.unity.render-pipelines.core/Runtime/UnifiedRayTracing/IRayTracingShader.cs
 0.1 kb	 0.0% Packages/com.unity.render-pipelines.core/Runtime/UnifiedRayTracing/IRayTracingBackend.cs
 0.1 kb	 0.0% Packages/com.unity.render-pipelines.core/Runtime/UnifiedRayTracing/Compute/BLASPositionsPool.cs
 0.1 kb	 0.0% Packages/com.unity.render-pipelines.core/Runtime/UnifiedRayTracing/Common/GeometryPool/GeometryPoolDefs.cs
 0.1 kb	 0.0% Packages/com.unity.render-pipelines.core/Runtime/UnifiedRayTracing/Common/AccelStructInstances.cs
 0.1 kb	 0.0% Packages/com.unity.render-pipelines.core/Runtime/UnifiedRayTracing/Common/AccelStructAdapter.cs
 0.1 kb	 0.0% Packages/com.unity.render-pipelines.core/Runtime/RenderGraph/RenderGraphResources.cs
 0.1 kb	 0.0% Packages/com.unity.render-pipelines.core/Runtime/RenderGraph/Debug/RenderGraph.DebugData.cs
 0.1 kb	 0.0% Packages/com.unity.render-pipelines.core/Runtime/Lighting/ProbeVolume/ProbeReferenceVolume.Streaming.cs
 0.1 kb	 0.0% Packages/com.unity.render-pipelines.core/Runtime/Lighting/ProbeVolume/ProbeReferenceVolume.Debug.cs
 0.1 kb	 0.0% Packages/com.unity.render-pipelines.core/Runtime/GPUDriven/Utilities/ParallelSortExtensions.cs
 0.1 kb	 0.0% Packages/com.unity.render-pipelines.core/Runtime/GPUDriven/RenderersBatchersContext.cs
 0.1 kb	 0.0% Packages/com.unity.render-pipelines.core/Runtime/GPUDriven/OcclusionCullingCommon.cs
 0.1 kb	 0.0% Packages/com.unity.render-pipelines.core/Runtime/GPUDriven/LODGroupDataPoolBurst.cs
 0.1 kb	 0.0% Packages/com.unity.render-pipelines.core/Runtime/GPUDriven/InstanceData/InstanceDataSystemBurst.cs
 0.1 kb	 0.0% Packages/com.unity.render-pipelines.core/Runtime/GPUDriven/InstanceData/GPUInstanceDataBuffer.cs
 0.1 kb	 0.0% Packages/com.unity.render-pipelines.core/Runtime/GPUDriven/InstanceCullingBatcher.cs
 0.1 kb	 0.0% Packages/com.unity.render-pipelines.core/Runtime/GPUDriven/GPUResidentDrawerDebug.cs
 0.1 kb	 0.0% Packages/com.unity.render-pipelines.core/Runtime/GPUDriven/GPUResidentDrawerBurst.cs
 0.1 kb	 0.0% Packages/com.unity.render-pipelines.core/Runtime/GPUDriven/GPUResidentDrawer.Validator.cs
 0.1 kb	 0.0% Packages/com.unity.render-pipelines.core/Runtime/GPUDriven/GPUResidentBatcher.SpeedTree.cs
 0.1 kb	 0.0% Packages/com.unity.render-pipelines.core/Runtime/GPUDriven/Components/DisallowSmallMeshCulling.cs
 0.1 kb	 0.0% Packages/com.unity.inputsystem/InputSystem/Utilities/DisplayStringFormatAttribute.cs
 0.1 kb	 0.0% Packages/com.unity.inputsystem/InputSystem/Plugins/XR/Haptics/SendBufferedHapticsCommand.cs
 0.1 kb	 0.0% Packages/com.unity.inputsystem/InputSystem/Plugins/XR/Haptics/GetHapticCapabilitiesCommand.cs
 0.1 kb	 0.0% Packages/com.unity.inputsystem/InputSystem/Plugins/XR/Haptics/GetCurrentHapticStateCommand.cs
 0.1 kb	 0.0% Packages/com.unity.inputsystem/InputSystem/Plugins/UI/ExtendedSubmitCancelEventData.cs
 0.1 kb	 0.0% Packages/com.unity.inputsystem/InputSystem/Plugins/Android/AndroidGameController.cs
 0.1 kb	 0.0% Packages/com.unity.inputsystem/InputSystem/Controls/Processors/NormalizeVector3Processor.cs
 0.1 kb	 0.0% Packages/com.unity.inputsystem/InputSystem/Controls/Processors/NormalizeVector2Processor.cs
 0.1 kb	 0.0% Packages/com.unity.inputsystem/InputSystem/Controls/Processors/EditorWindowSpaceProcessor.cs
 0.1 kb	 0.0% Packages/com.unity.inputsystem/InputSystem/Controls/Processors/CompensateRotationProcessor.cs
 0.1 kb	 0.0% Packages/com.unity.inputsystem/InputSystem/Controls/Processors/CompensateDirectionProcessor.cs
 0.1 kb	 0.0% Packages/com.unity.collections/Unity.Collections/UnsafeParallelHashSetExtensions.gen.cs
 0.1 kb	 0.0% Packages/com.unity.collections/Unity.Collections/UnsafeParallelHashMap.cs
 0.1 kb	 0.0% Packages/com.unity.cinemachine/Runtime/Impulse/CinemachineCollisionImpulseSource.cs
 0.1 kb	 0.0% Packages/com.unity.cinemachine/Runtime/Impulse/CinemachinExternalImpulseListener.cs
 0.1 kb	 0.0% Packages/com.unity.cinemachine/Runtime/Components/CinemachineSplineDollyLookAtTargets.cs
 0.1 kb	 0.0% Packages/com.unity.cinemachine/Runtime/Components/CinemachineRotateWithFollowTarget.cs
 0.1 kb	 0.0% Packages/com.unity.cinemachine/Runtime/Components/CinemachineBasicMultiChannelPerlin.cs
 0.1 kb	 0.0% Packages/com.unity.ai.assistant/Runtime/Socket/Utilities/GameObjectData.cs
 0.1 kb	 0.0% Packages/com.unity.ai.assistant/Runtime/Socket/Protocol/REST/Model/ValidationErrorLocInner.cs
 0.1 kb	 0.0% Packages/com.unity.ai.assistant/Runtime/Socket/Protocol/REST/Model/ModelConfigsResponseV1.cs
 0.1 kb	 0.0% Packages/com.unity.ai.assistant/Runtime/Socket/Protocol/REST/Model/ConversationInfoUpdateV1.cs
 0.1 kb	 0.0% Packages/com.unity.ai.assistant/Runtime/Socket/Protocol/REST/Model/AbstractOpenAPISchema.cs
 0.1 kb	 0.0% Packages/com.unity.ai.assistant/Runtime/Socket/Protocol/REST/Client/WebRequestPathBuilder.cs
 0.1 kb	 0.0% Packages/com.unity.ai.assistant/Runtime/Socket/Protocol/REST/Client/ISynchronousClient.cs
 0.1 kb	 0.0% Packages/com.unity.ai.assistant/Runtime/Socket/Protocol/REST/Client/IReadableConfiguration.cs
 0.1 kb	 0.0% Packages/com.unity.ai.assistant/Runtime/Socket/Protocol/ProtocolOverheadMeasures.cs
 0.1 kb	 0.0% Packages/com.unity.ai.assistant/Runtime/Socket/Protocol/Models/FromServer/SkillsRequestV1.cs
 0.1 kb	 0.0% Packages/com.unity.ai.assistant/Runtime/Socket/Protocol/Models/FromServer/ChatResponseV1.cs
 0.1 kb	 0.0% Packages/com.unity.ai.assistant/Runtime/Socket/Protocol/Models/FromClient/SkillsResponseV1.cs
 0.1 kb	 0.0% Packages/com.unity.ai.assistant/Runtime/Socket/Protocol/Models/FromClient/FunctionsObject.cs
 0.1 kb	 0.0% Packages/com.unity.ai.assistant/Runtime/Socket/Protocol/Models/FromClient/ChatRequestV1.cs
 0.1 kb	 0.0% Packages/com.unity.ai.assistant/Runtime/FunctionCalling/Permissions/ToolPermissions.ToolExecution.cs
 0.1 kb	 0.0% Packages/com.unity.ai.assistant/Runtime/FunctionCalling/Permissions/ToolPermissions.ScreenCapture.cs
 0.1 kb	 0.0% Packages/com.unity.ai.assistant/Runtime/FunctionCalling/Permissions/ToolPermissions.CodeExecution.cs
 0.1 kb	 0.0% Packages/com.unity.ai.assistant/Runtime/FunctionCalling/Permissions/ToolPermissions.AssetGeneration.cs
 0.1 kb	 0.0% Packages/com.unity.ai.assistant/Runtime/FunctionCalling/Permissions/AllowAllToolPermissions.cs
 0.1 kb	 0.0% Packages/com.unity.ai.assistant/Runtime/FunctionCalling/Interactions/AllowAllToolInteractions.cs
 0.1 kb	 0.0% Packages/com.unity.ai.assistant/Runtime/FunctionCalling/IFunctionCallRenderer.cs
 0.1 kb	 0.0% Packages/com.unity.ai.assistant/Runtime/FunctionCalling/Functions/Local/LocalAssistantFunction.cs
 0.1 kb	 0.0% Packages/com.unity.ai.assistant/Runtime/FunctionCalling/FunctionCallingUtilities.cs
 0.1 kb	 0.0% Assets/Scripts/Simulation/WorldDirector/ISettlementLayoutStrategy.cs
 0.1 kb	 0.0% Assets/Scripts/Simulation/Generation/CoreAssetRegenerationScope.cs
 0.1 kb	 0.0% Assets/Scripts/Simulation/Combat/RealtimeCombatActionScheduler.cs
 0.1 kb	 0.0% Assets/Scripts/Presentation/Visual/InventoryStockpileSnapshot.cs
 0.1 kb	 0.0% Assets/Scripts/Presentation/Ember/Worldgen/WorldgenViewController.cs
 0.1 kb	 0.0% Assets/Scripts/Presentation/Ember/Worldgen/WorldgenEventProjector.cs
 0.1 kb	 0.0% Assets/Scripts/Presentation/Ember/Worldgen/StreamingPlanetObserver.cs
 0.1 kb	 0.0% Assets/Scripts/Presentation/Ember/UI/QuestGuidancePlayerTracker.cs
 0.1 kb	 0.0% Assets/Scripts/Presentation/Ember/UI/Options/RuntimePlayerSettings.cs
 0.1 kb	 0.0% Assets/Scripts/Presentation/Ember/UI/Options/OptionsSectionRegistry.cs
 0.1 kb	 0.0% Assets/Scripts/Presentation/Ember/UI/Options/GeneratedAssetsSection.cs
 0.1 kb	 0.0% Assets/Scripts/Presentation/Ember/UI/InventoryEquipmentFormatter.cs
 0.1 kb	 0.0% Assets/Scripts/Presentation/Ember/UI/EmberPlayerInventoryToggle.cs
 0.1 kb	 0.0% Assets/Scripts/Presentation/Ember/Adapters/IDomainSimulationAdapter.cs
 0.1 kb	 0.0% Assets/Scripts/Presentation/Ember/Adapters/DomainSimulationAdapter.cs
 0.1 kb	 0.0% Assets/Scripts/Presentation/Ember/Adapters/DomainSimulationAdapter.Travel.cs
 0.1 kb	 0.0% Assets/Scripts/Presentation/Combat/CombatPlaygroundController.cs
 0.1 kb	 0.0% Assets/Scripts/Presentation/Combat/CombatPlaygroundCameraRig.cs
 0.1 kb	 0.0% Assets/Scripts/Presentation/Combat/CombatPlaygroundBootstrap.cs
 0.1 kb	 0.0% Assets/Scripts/Presentation/Combat/CombatGreyboxGroundMarker.cs
 0.1 kb	 0.0% Assets/Scripts/Data/GeneratedAssetLibrary/GeneratedTextureValidationReport.cs
 0.1 kb	 0.0% Assets/Scripts/Data/GeneratedAssetLibrary/GeneratedNpcBillboardResolver.cs
 0.1 kb	 0.0% Assets/Scripts/Data/GeneratedAssetLibrary/GeneratedMeshValidationReport.cs
 0.1 kb	 0.0% Assets/Scripts/Data/GeneratedAssetLibrary/GeneratedMeshValidationPolicy.cs
 0.1 kb	 0.0% Assets/Scripts/Data/GeneratedAssetLibrary/GeneratedAssetValidationIssue.cs
 0.1 kb	 0.0% Assets/Scripts/Data/GeneratedAssetLibrary/GeneratedAssetTemplateExpander.cs
 0.1 kb	 0.0% Assets/Scripts/Data/GeneratedAssetLibrary/GeneratedAssetRuntimeDatabase.cs
 0.1 kb	 0.0% Assets/Scripts/Data/GeneratedAssetLibrary/GeneratedAssetDatabaseValidator.cs
 0.1 kb	 0.0% Assets/Scripts/Data/GeneratedAssetLibrary/GeneratedAssetDatabaseResolver.cs
 0.1 kb	 0.0% Packages/com.unity.render-pipelines.universal/Runtime/RTHandleUtils.cs
 0.1 kb	 0.0% Packages/com.unity.render-pipelines.universal/Runtime/2D/UTess2D/Tessellator.cs
 0.1 kb	 0.0% Packages/com.unity.render-pipelines.universal/Runtime/2D/UTess2D/PlanarGraph.cs
 0.1 kb	 0.0% Packages/com.unity.render-pipelines.universal/Runtime/2D/Shadows/ShadowRendering.cs
 0.1 kb	 0.0% Packages/com.unity.render-pipelines.universal/Runtime/2D/Shadows/ShadowProvider/ShadowUtility.cs
 0.1 kb	 0.0% Packages/com.unity.render-pipelines.universal/Runtime/2D/Shadows/ShadowProvider/ShadowShape2D.cs
 0.1 kb	 0.0% Packages/com.unity.render-pipelines.universal/Runtime/2D/Shadows/ShadowProvider/EdgeDictionary.cs
 0.1 kb	 0.0% Packages/com.unity.render-pipelines.universal/Runtime/2D/Shadows/ShadowCaster2D.cs
 0.1 kb	 0.0% Packages/com.unity.render-pipelines.universal/Runtime/2D/Rendergraph/DrawShadow2DPass.cs
 0.1 kb	 0.0% Packages/com.unity.render-pipelines.universal/Runtime/2D/Rendergraph/DrawNormal2DPass.cs
 0.1 kb	 0.0% Packages/com.unity.render-pipelines.universal/Runtime/2D/Rendergraph/DrawLight2DPass.cs
 0.1 kb	 0.0% Packages/com.unity.render-pipelines.universal/Runtime/2D/Renderer2DData.cs
 0.1 kb	 0.0% Packages/com.unity.render-pipelines.universal/Runtime/2D/Passes/Utility/RendererLighting.cs
 0.1 kb	 0.0% Packages/com.unity.render-pipelines.universal/Runtime/2D/Light2DManager.cs
 0.1 kb	 0.0% Packages/com.unity.render-pipelines.universal-config/Runtime/ShaderConfig.cs
 0.1 kb	 0.0% Packages/com.unity.render-pipelines.core/Runtime/XR/XRGraphicsAutomatedTests.cs
 0.1 kb	 0.0% Packages/com.unity.render-pipelines.core/Runtime/Textures/PowerOfTwoTextureAtlas.cs
 0.1 kb	 0.0% Packages/com.unity.render-pipelines.core/Runtime/Textures/BufferedRTHandleSystem.cs
 0.1 kb	 0.0% Packages/com.unity.render-pipelines.core/Runtime/Settings/ShaderStrippingSetting.cs
 0.1 kb	 0.0% Packages/com.unity.render-pipelines.core/Runtime/Settings/LightmapSamplingSettings.cs
 0.1 kb	 0.0% Packages/com.unity.render-pipelines.core/Runtime/Sampling/SamplingResources.cs
 0.1 kb	 0.0% Packages/com.unity.render-pipelines.core/Runtime/RenderPipeline/RenderPipelineResources.cs
 0.1 kb	 0.0% Packages/com.unity.render-pipelines.core/Runtime/RenderGraph/RenderGraphPass.cs
 0.1 kb	 0.0% Packages/com.unity.render-pipelines.core/Runtime/RenderGraph/RenderGraph.Compiler.cs
 0.1 kb	 0.0% Packages/com.unity.render-pipelines.core/Runtime/PostProcessing/LensFlareComponentSRP.cs
 0.1 kb	 0.0% Packages/com.unity.render-pipelines.core/Runtime/PostProcessing/IPostProcessComponent.cs
 0.1 kb	 0.0% Packages/com.unity.render-pipelines.core/Runtime/Lighting/ProbeVolume/ProbeVolumePositioning.cs
 0.1 kb	 0.0% Packages/com.unity.render-pipelines.core/Runtime/Lighting/ProbeVolume/ProbeVolumePerSceneData.cs
 0.1 kb	 0.0% Packages/com.unity.render-pipelines.core/Runtime/Lighting/ProbeVolume/ProbeReferenceVolume.Binding.cs
 0.1 kb	 0.0% Packages/com.unity.render-pipelines.core/Runtime/Lighting/ProbeVolume/ProbeAdjustmentVolume.cs
 0.1 kb	 0.0% Packages/com.unity.render-pipelines.core/Runtime/GPUDriven/InstanceOcclusionCuller.cs
 0.1 kb	 0.0% Packages/com.unity.render-pipelines.core/Runtime/GPUDriven/InstanceData/InstanceDataSystem.Jobs.cs
 0.1 kb	 0.0% Packages/com.unity.render-pipelines.core/Runtime/Debugging/ShaderDebugPrintManager.cs
 0.1 kb	 0.0% Packages/com.unity.render-pipelines.core/Runtime/Debugging/Prefabs/Scripts/DebugUIHandlerVector4.cs
 0.1 kb	 0.0% Packages/com.unity.render-pipelines.core/Runtime/Debugging/Prefabs/Scripts/DebugUIHandlerVector3.cs
 0.1 kb	 0.0% Packages/com.unity.render-pipelines.core/Runtime/Debugging/Prefabs/Scripts/DebugUIHandlerVector2.cs
 0.1 kb	 0.0% Packages/com.unity.render-pipelines.core/Runtime/Debugging/Prefabs/Scripts/DebugUIHandlerValueTuple.cs
 0.1 kb	 0.0% Packages/com.unity.render-pipelines.core/Runtime/Debugging/Prefabs/Scripts/DebugUIHandlerUIntField.cs
 0.1 kb	 0.0% Packages/com.unity.render-pipelines.core/Runtime/Debugging/Prefabs/Scripts/DebugUIHandlerObjectList.cs
 0.1 kb	 0.0% Packages/com.unity.render-pipelines.core/Runtime/Debugging/Prefabs/Scripts/DebugUIHandlerMessageBox.cs
 0.1 kb	 0.0% Packages/com.unity.render-pipelines.core/Runtime/Debugging/Prefabs/Scripts/DebugUIHandlerIntField.cs
 0.1 kb	 0.0% Packages/com.unity.render-pipelines.core/Runtime/Debugging/Prefabs/Scripts/DebugUIHandlerFoldout.cs
 0.1 kb	 0.0% Packages/com.unity.render-pipelines.core/Runtime/Debugging/Prefabs/Scripts/DebugUIHandlerFloatField.cs
 0.1 kb	 0.0% Packages/com.unity.render-pipelines.core/Runtime/Debugging/Prefabs/Scripts/DebugUIHandlerEnumField.cs
 0.1 kb	 0.0% Packages/com.unity.render-pipelines.core/Runtime/Debugging/Prefabs/Scripts/DebugUIHandlerContainer.cs
 0.1 kb	 0.0% Packages/com.unity.render-pipelines.core/Runtime/Debugging/Prefabs/Scripts/DebugUIHandlerBitField.cs
 0.1 kb	 0.0% Packages/com.unity.render-pipelines.core/Runtime/Debugging/IDebugDisplaySettings.cs
 0.1 kb	 0.0% Packages/com.unity.render-pipelines.core/Runtime/Debugging/DebugDisplaySettingsUI.cs
 0.1 kb	 0.0% Packages/com.unity.render-pipelines.core/Runtime/Common/RemoveRange.Extensions.cs
 0.1 kb	 0.0% Packages/com.unity.render-pipelines.core/Runtime/Common/DynamicResolutionHandler.cs
 0.1 kb	 0.0% Packages/com.unity.render-pipelines.core/Runtime/CommandBuffers/IComputeCommandBuffer.cs
 0.1 kb	 0.0% Packages/com.unity.render-pipelines.core/Runtime/Camera/CameraHistory.cs
 0.1 kb	 0.0% Packages/com.unity.inputsystem/InputSystem/State/IInputStateCallbackReceiver.cs
 0.1 kb	 0.0% Packages/com.unity.inputsystem/InputSystem/Plugins/InputForUI/InputSystemProvider.cs
 0.1 kb	 0.0% Packages/com.unity.inputsystem/InputSystem/Plugins/DualShock/DualShockGamepadHID.cs
 0.1 kb	 0.0% Packages/com.unity.inputsystem/InputSystem/Editor/UITKAssetEditor/Views/NameAndParametersListView.cs
 0.1 kb	 0.0% Packages/com.unity.inputsystem/InputSystem/Editor/UITKAssetEditor/Views/InputActionMapsTreeViewItem.cs
 0.1 kb	 0.0% Packages/com.unity.inputsystem/InputSystem/Editor/UITKAssetEditor/InputActionsEditorConstants.cs
 0.1 kb	 0.0% Packages/com.unity.inputsystem/InputSystem/Editor/Settings/InputSettingsBuildProvider.cs
 0.1 kb	 0.0% Packages/com.unity.inputsystem/InputSystem/Editor/Settings/EditorPlayerSettingHelpers.cs
 0.1 kb	 0.0% Packages/com.unity.inputsystem/InputSystem/Editor/PropertyDrawers/InputActionPropertyDrawer.cs
 0.1 kb	 0.0% Packages/com.unity.inputsystem/InputSystem/Editor/PropertyDrawers/GamepadButtonPropertyDrawer.cs
 0.1 kb	 0.0% Packages/com.unity.inputsystem/InputSystem/Editor/Internal/SerializedPropertyHelpers.cs
 0.1 kb	 0.0% Packages/com.unity.inputsystem/InputSystem/Editor/Internal/AdvancedDropdown/AdvancedDropdownDataSource.cs
 0.1 kb	 0.0% Packages/com.unity.inputsystem/InputSystem/Editor/InputSystemPackageControl.cs
 0.1 kb	 0.0% Packages/com.unity.inputsystem/InputSystem/Editor/Debugger/SampleFrequencyCalculator.cs
 0.1 kb	 0.0% Packages/com.unity.inputsystem/InputSystem/Editor/Debugger/InputDeviceDebuggerWindow.cs
 0.1 kb	 0.0% Packages/com.unity.inputsystem/InputSystem/Editor/Debugger/InputActionDebuggerWindow.cs
 0.1 kb	 0.0% Packages/com.unity.inputsystem/InputSystem/Editor/ControlPicker/InputControlPickerDropdown.cs
 0.1 kb	 0.0% Packages/com.unity.inputsystem/InputSystem/Editor/ControlPicker/IInputControlPickerLayout.cs
 0.1 kb	 0.0% Packages/com.unity.inputsystem/InputSystem/Editor/AssetImporter/InputActionImporterEditor.cs
 0.1 kb	 0.0% Packages/com.unity.inputsystem/InputSystem/Editor/AssetImporter/InputActionAssetIconLoader.cs
 0.1 kb	 0.0% Packages/com.unity.inputsystem/InputSystem/Editor/AssetEditor/InputBindingPropertiesView.cs
 0.1 kb	 0.0% Packages/com.unity.inputsystem/InputSystem/Editor/AssetEditor/InputActionPropertiesView.cs
 0.1 kb	 0.0% Packages/com.unity.inputsystem/InputSystem/Editor/Analytics/PlayerInputEditorAnalytic.cs
 0.1 kb	 0.0% Packages/com.unity.inputsystem/InputSystem/Editor/Analytics/OnScreenStickEditorAnalytic.cs
 0.1 kb	 0.0% Packages/com.unity.inputsystem/InputSystem/Editor/Analytics/InputExitPlayModeAnalytic.cs
 0.1 kb	 0.0% Packages/com.unity.inputsystem/InputSystem/Editor/Analytics/InputComponentEditorAnalytic.cs
 0.1 kb	 0.0% Packages/com.unity.inputsystem/InputSystem/Devices/IInputUpdateCallbackReceiver.cs
 0.1 kb	 0.0% Packages/com.unity.inputsystem/InputSystem/Devices/Commands/SetSamplingFrequencyCommand.cs
 0.1 kb	 0.0% Packages/com.unity.inputsystem/InputSystem/Devices/Commands/SetIMECursorPositionCommand.cs
 0.1 kb	 0.0% Packages/com.unity.inputsystem/InputSystem/Devices/Commands/QueryKeyboardLayoutCommand.cs
 0.1 kb	 0.0% Packages/com.unity.inputsystem/InputSystem/Devices/Commands/EnableIMECompositionCommand.cs
 0.1 kb	 0.0% Packages/com.unity.inputsystem/InputSystem/Controls/InputControlLayoutAttribute.cs
 0.1 kb	 0.0% Packages/com.unity.inputsystem/InputSystem/Actions/InputActionRebindingExtensions.cs
 0.1 kb	 0.0% Packages/com.unity.collections/Unity.Collections/UnsafeNotBurstCompatible.cs
 0.1 kb	 0.0% Packages/com.unity.ai.assistant/Runtime/Utils/AccessTokenRefreshUtility.cs
 0.1 kb	 0.0% Packages/com.unity.ai.assistant/Runtime/Socket/Workflows/Chat/ChatResponseFragment.cs
 0.1 kb	 0.0% Packages/com.unity.ai.assistant/Runtime/Socket/Communication/IStreamStatusHook.cs
 0.1 kb	 0.0% Packages/com.unity.ai.assistant/Runtime/FunctionCalling/Permissions/ToolPermissions.UnityObject.cs
 0.1 kb	 0.0% Packages/com.unity.ai.assistant/Runtime/FunctionCalling/Permissions/ToolPermissions.FileSystem.cs
 0.1 kb	 0.0% Packages/com.unity.ai.assistant/Runtime/FunctionCalling/Attributes/ParameterAttribute.cs
 0.1 kb	 0.0% Packages/com.unity.ai.assistant/Runtime/Data/AssistantConversationInfo.cs
 0.1 kb	 0.0% Assets/Scripts/Simulation/Worldgen/PlanetIntegration/PlanetToWorldMapper.cs
 0.1 kb	 0.0% Assets/Scripts/Simulation/Overland/OverlandMapGeographyStore.cs
 0.1 kb	 0.0% Assets/Scripts/Simulation/Inventory/SettlementCraftingService.cs
 0.1 kb	 0.0% Assets/Scripts/Simulation/Generation/VisibleGenerationPipeline.cs
 0.1 kb	 0.0% Assets/Scripts/Simulation/Generation/ScenarioAssetTopUpService.cs
 0.1 kb	 0.0% Assets/Scripts/Simulation/CharacterCreation/CharacterCreationService.cs
 0.1 kb	 0.0% Assets/Scripts/Presentation/Ember/WorldDirector/WorldSceneDirector.cs
 0.1 kb	 0.0% Assets/Scripts/Presentation/Ember/WorldDirector/RuntimeWaterIndex.cs
 0.1 kb	 0.0% Assets/Scripts/Presentation/Ember/WorldDirector/RuntimeVegetation.cs
 0.1 kb	 0.0% Assets/Scripts/Presentation/Ember/WorldDirector/RuntimePostFxView.cs
 0.1 kb	 0.0% Assets/Scripts/Presentation/Ember/WorldDirector/RuntimePlayerSpawn.cs
 0.1 kb	 0.0% Assets/Scripts/Presentation/Ember/WorldDirector/RuntimeNpcDensity.cs
 0.1 kb	 0.0% Assets/Scripts/Presentation/Ember/WorldDirector/RuntimeMusicDirector.cs
 0.1 kb	 0.0% Assets/Scripts/Presentation/Ember/WorldDirector/RuntimeMineBuilder.cs
 0.1 kb	 0.0% Assets/Scripts/Presentation/Ember/WorldDirector/RuntimeLightingRig.cs
 0.1 kb	 0.0% Assets/Scripts/Presentation/Ember/WorldDirector/RuntimeGroundBuilder.cs
 0.1 kb	 0.0% Assets/Scripts/Presentation/Ember/WorldDirector/RuntimeFieldBuilder.cs
 0.1 kb	 0.0% Assets/Scripts/Presentation/Ember/WorldDirector/RuntimeCaravanView.cs
 0.1 kb	 0.0% Assets/Scripts/Presentation/Ember/WorldDirector/RuntimeAutosaveView.cs
 0.1 kb	 0.0% Assets/Scripts/Presentation/Ember/WorldDirector/RuntimeAudioSynth.cs
 0.1 kb	 0.0% Assets/Scripts/Presentation/Ember/WorldDirector/RuntimeAudioDirector.cs
 0.1 kb	 0.0% Assets/Scripts/Presentation/Ember/Visual/SceneEnvironmentDresser.cs
 0.1 kb	 0.0% Assets/Scripts/Presentation/Ember/Visual/SceneDressingCoordinator.cs
 0.1 kb	 0.0% Assets/Scripts/Presentation/Ember/Views/CameraFacingBillboard.cs
 0.1 kb	 0.0% Assets/Scripts/Presentation/Ember/Views/BillboardWalkAnimView.cs
 0.1 kb	 0.0% Assets/Scripts/Presentation/Ember/Views/BillboardGroundingView.cs
 0.1 kb	 0.0% Assets/Scripts/Presentation/Ember/Views/BillboardGearMarkView.cs
 0.1 kb	 0.0% Assets/Scripts/Presentation/Ember/Views/ActorCombatFeedbackView.cs
 0.1 kb	 0.0% Assets/Scripts/Presentation/Ember/Sprites/GeneratedCoreAssetStore.cs
 0.1 kb	 0.0% Assets/Scripts/Presentation/Ember/Save/SaveSlotLabelFormatter.cs
 0.1 kb	 0.0% Assets/Scripts/Presentation/Ember/Runtime/EmberEventSystemPolicy.cs
 0.1 kb	 0.0% Assets/Scripts/Presentation/Ember/Loading/LoadingScreenController.cs
 0.1 kb	 0.0% Assets/Scripts/Presentation/Ember/Combat/EmberPlayerSpellCaster.cs
 0.1 kb	 0.0% Assets/Scripts/Presentation/Ember/Combat/EmberPlayerMeleeSwing.cs
 0.1 kb	 0.0% Packages/com.unity.ugui/Runtime/UGUI/EventSystem/UIElements/UIToolkitInteroperabilityBridge.cs
 0.1 kb	 0.0% Packages/com.unity.render-pipelines.universal/Runtime/XR/XRPassUniversal.cs
 0.1 kb	 0.0% Packages/com.unity.render-pipelines.universal/Runtime/Tiling/LightMinMaxZJob.cs
 0.1 kb	 0.0% Packages/com.unity.render-pipelines.universal/Runtime/Tiling/InclusiveRange.cs
 0.1 kb	 0.0% Packages/com.unity.render-pipelines.universal/Runtime/ShadowCulling.cs
 0.1 kb	 0.0% Packages/com.unity.render-pipelines.universal/Runtime/ShaderBitArray.cs
 0.1 kb	 0.0% Packages/com.unity.render-pipelines.universal/Runtime/RenderingUtils.cs
 0.1 kb	 0.0% Packages/com.unity.render-pipelines.universal/Runtime/RendererFeatures/RenderObjects.cs
 0.1 kb	 0.0% Packages/com.unity.render-pipelines.universal/Runtime/PostProcessUtils.cs
 0.1 kb	 0.0% Packages/com.unity.render-pipelines.universal/Runtime/Passes/HDRDebugViewPass.cs
 0.1 kb	 0.0% Packages/com.unity.render-pipelines.universal/Runtime/Passes/GBufferPass.cs
 0.1 kb	 0.0% Packages/com.unity.render-pipelines.universal/Runtime/Passes/DrawSkyboxPass.cs
 0.1 kb	 0.0% Packages/com.unity.render-pipelines.universal/Runtime/Passes/DeferredPass.cs
 0.1 kb	 0.0% Packages/com.unity.render-pipelines.universal/Runtime/Overrides/PaniniProjection.cs
 0.1 kb	 0.0% Packages/com.unity.render-pipelines.universal/Runtime/Overrides/LiftGammaGain.cs
 0.1 kb	 0.0% Packages/com.unity.render-pipelines.universal/Runtime/Overrides/LensDistortion.cs
 0.1 kb	 0.0% Packages/com.unity.render-pipelines.universal/Runtime/Overrides/ColorAdjustments.cs
 0.1 kb	 0.0% Packages/com.unity.render-pipelines.universal/Runtime/Memory/BuddyAllocator.cs
 0.1 kb	 0.0% Packages/com.unity.render-pipelines.universal/Runtime/History/RawDepthHistory.cs
 0.1 kb	 0.0% Packages/com.unity.render-pipelines.universal/Runtime/History/RawColorHistory.cs
 0.1 kb	 0.0% Packages/com.unity.render-pipelines.universal/Runtime/Documentation.cs
 0.1 kb	 0.0% Packages/com.unity.render-pipelines.universal/Runtime/Deprecated.cs
 0.1 kb	 0.0% Packages/com.unity.render-pipelines.universal/Runtime/Decal/Entities/DecalDrawSystem.cs
 0.1 kb	 0.0% Packages/com.unity.render-pipelines.universal/Runtime/Decal/DecalProjector.cs
 0.1 kb	 0.0% Packages/com.unity.render-pipelines.universal/Runtime/Decal/DecalPreviewPass.cs
 0.1 kb	 0.0% Packages/com.unity.render-pipelines.universal/Runtime/Debug/DebugRenderSetup.cs
 0.1 kb	 0.0% Packages/com.unity.render-pipelines.universal/Runtime/Data/RenderStateData.cs
 0.1 kb	 0.0% Packages/com.unity.render-pipelines.universal/Runtime/Data/PostProcessData.cs
 0.1 kb	 0.0% Packages/com.unity.render-pipelines.universal/Runtime/ComponentUtility.cs
 0.1 kb	 0.0% Packages/com.unity.render-pipelines.universal/Runtime/2D/Shadows/ShadowProvider/Providers/ShadowShapeProvider2D_Utility.cs
 0.1 kb	 0.0% Packages/com.unity.render-pipelines.core/Runtime/XR/XRVisibleMesh.cs
 0.1 kb	 0.0% Packages/com.unity.render-pipelines.core/Runtime/XR/XROcclusionMesh.cs
 0.1 kb	 0.0% Packages/com.unity.render-pipelines.core/Runtime/XR/XRLayoutStack.cs
 0.1 kb	 0.0% Packages/com.unity.render-pipelines.core/Runtime/UnifiedRayTracing/Compute/RadeonRays/HlbvhTopLevelBuilder.cs
 0.1 kb	 0.0% Packages/com.unity.render-pipelines.core/Runtime/UnifiedRayTracing/Common/Utilities/GraphicsHelpers.cs
 0.1 kb	 0.0% Packages/com.unity.render-pipelines.core/Runtime/UnifiedRayTracing/Common/Utilities/BlockAllocator.cs
 0.1 kb	 0.0% Packages/com.unity.render-pipelines.core/Runtime/UnifiedRayTracing/Common/Utilities/BackendHelpers.cs
 0.1 kb	 0.0% Packages/com.unity.render-pipelines.core/Runtime/UnifiedRayTracing/Common/TerrainToMesh.cs
 0.1 kb	 0.0% Packages/com.unity.render-pipelines.core/Runtime/Lighting/ProbeVolume/ProbeIndexOfIndices.cs
 0.1 kb	 0.0% Packages/com.unity.render-pipelines.core/Runtime/GPUDriven/RenderersParameters.cs
 0.1 kb	 0.0% Packages/com.unity.render-pipelines.core/Runtime/GPUDriven/LODRenderingUtils.cs
 0.1 kb	 0.0% Packages/com.unity.render-pipelines.core/Runtime/GPUDriven/InstanceData/InstanceDataSystem.cs
 0.1 kb	 0.0% Packages/com.unity.render-pipelines.core/Runtime/GPUDriven/InstanceData/InstanceAllocator.cs
 0.1 kb	 0.0% Packages/com.unity.render-pipelines.core/Runtime/GPUDriven/InstanceCullerBurst.cs
 0.1 kb	 0.0% Packages/com.unity.render-pipelines.core/Runtime/GPUDriven/GPUResidentDrawer.cs
 0.1 kb	 0.0% Packages/com.unity.render-pipelines.core/Runtime/GPUDriven/GPUResidentBatcher.cs
 0.1 kb	 0.0% Packages/com.unity.inputsystem/InputSystem/Utilities/Observables/ForDeviceEventObservable.cs
 0.1 kb	 0.0% Packages/com.unity.inputsystem/InputSystem/Plugins/XR/Haptics/SendHapticImpulseCommand.cs
 0.1 kb	 0.0% Packages/com.unity.inputsystem/InputSystem/Plugins/Android/AndroidSensors.cs
 0.1 kb	 0.0% Packages/com.unity.inputsystem/InputSystem/Editor/AssetEditor/NameAndParameterListView.cs
 0.1 kb	 0.0% Packages/com.unity.inputsystem/InputSystem/Controls/Processors/StickDeadzoneProcessor.cs
 0.1 kb	 0.0% Packages/com.unity.inputsystem/InputSystem/Controls/Processors/ScaleVector3Processor.cs
 0.1 kb	 0.0% Packages/com.unity.inputsystem/InputSystem/Controls/Processors/ScaleVector2Processor.cs
 0.1 kb	 0.0% Packages/com.unity.inputsystem/InputSystem/Controls/Processors/InvertVector3Processor.cs
 0.1 kb	 0.0% Packages/com.unity.inputsystem/InputSystem/Controls/Processors/InvertVector2Processor.cs
 0.1 kb	 0.0% Packages/com.unity.inputsystem/InputSystem/Controls/Processors/AxisDeadzoneProcessor.cs
 0.1 kb	 0.0% Packages/com.unity.inputsystem/InputSystem/Actions/Composites/TwoModifiersComposite.cs
 0.1 kb	 0.0% Packages/com.unity.inputsystem/InputSystem/Actions/Composites/ButtonWithTwoModifiers.cs
 0.1 kb	 0.0% Packages/com.unity.inputsystem/InputSystem/Actions/Composites/ButtonWithOneModifier.cs
 0.1 kb	 0.0% Packages/com.unity.collections/Unity.Collections/UnsafeScratchAllocator.cs
 0.1 kb	 0.0% Packages/com.unity.collections/Unity.Collections/NativeParallelHashMapExtensions.cs
 0.1 kb	 0.0% Packages/com.unity.cloud.gltfast/Runtime/Scripts/Export/GltfBuiltInShaderMaterialExporter.cs
 0.1 kb	 0.0% Packages/com.unity.cloud.gltfast/DocExamples/MultipleInstances.cs
 0.1 kb	 0.0% Packages/com.unity.cloud.gltfast/DocExamples/LoadGltfFromMemory.cs
 0.1 kb	 0.0% Packages/com.unity.cinemachine/Runtime/Helpers/CinemachineInputAxisController.cs
 0.1 kb	 0.0% Packages/com.unity.cinemachine/Runtime/Helpers/CinemachineCameraManagerEvents.cs
 0.1 kb	 0.0% Packages/com.unity.cinemachine/Runtime/Deprecated/CinemachineSameAsFollowTarget.cs
 0.1 kb	 0.0% Packages/com.unity.cinemachine/Runtime/Deprecated/CinemachineLegacyCameraEvents.cs
 0.1 kb	 0.0% Packages/com.unity.cinemachine/Runtime/Behaviours/CinemachineShotQualityEvaluator.cs
 0.1 kb	 0.0% Packages/com.unity.ai.assistant/Runtime/Socket/Protocol/REST/Model/VersionSupportInfo.cs
 0.1 kb	 0.0% Packages/com.unity.ai.assistant/Runtime/Socket/Protocol/REST/Model/HTTPValidationError.cs
 0.1 kb	 0.0% Packages/com.unity.ai.assistant/Runtime/Socket/Protocol/REST/Model/FeedbackCreationV1.cs
 0.1 kb	 0.0% Packages/com.unity.ai.assistant/Runtime/Socket/Protocol/REST/Model/ConversationInfoV1.cs
 0.1 kb	 0.0% Packages/com.unity.ai.assistant/Runtime/Socket/Protocol/REST/Client/OpenAPIDateConverter.cs
 0.1 kb	 0.0% Packages/com.unity.ai.assistant/Runtime/Socket/Protocol/REST/Client/GlobalConfiguration.cs
 0.1 kb	 0.0% Packages/com.unity.ai.assistant/Runtime/Socket/Protocol/REST/Client/ConnectionException.cs
 0.1 kb	 0.0% Packages/com.unity.ai.assistant/Runtime/FunctionCalling/Permissions/ToolPermissions.State.cs
 0.1 kb	 0.0% Packages/com.unity.ai.assistant/Runtime/FunctionCalling/Permissions/ToolPermissions.PlayMode.cs
 0.1 kb	 0.0% Packages/com.unity.ai.assistant/Runtime/FunctionCalling/Permissions/ToolCallPermissions.cs
 0.1 kb	 0.0% Packages/com.unity.ai.assistant/Runtime/FunctionCalling/Interactions/ToolCallInteractions.cs
 0.1 kb	 0.0% Packages/com.unity.ai.assistant/Runtime/FunctionCalling/Interactions/NoOpToolInteractions.cs
 0.1 kb	 0.0% Packages/com.unity.ai.assistant/Runtime/FunctionCalling/Interactions/IToolInteractions.cs
 0.1 kb	 0.0% Packages/com.unity.ai.assistant/Runtime/FunctionCalling/IAssemblyFunction.cs
 0.1 kb	 0.0% Packages/com.unity.ai.assistant/Runtime/FunctionCalling/FunctionCallUtils.cs
 0.1 kb	 0.0% Packages/com.unity.ai.assistant/Runtime/FunctionCalling/Context/ToolUiContainerUtils.cs
 0.1 kb	 0.0% Packages/com.unity.ai.assistant/Runtime/FunctionCalling/Context/ToolExecutionContext.cs
 0.1 kb	 0.0% Packages/com.unity.ai.assistant/Runtime/FunctionCalling/Context/IApprovalInteraction.cs
 0.1 kb	 0.0% Packages/com.unity.ai.assistant/Runtime/FunctionCalling/Context/ConversationContext.cs
 0.1 kb	 0.0% Packages/com.unity.ai.assistant/Runtime/FunctionCalling/Attributes/AgentToolAttribute.cs
 0.1 kb	 0.0% Packages/com.unity.ai.assistant/Runtime/Backend/IUnityVersionProvider.cs
 0.1 kb	 0.0% Packages/com.unity.ai.assistant/Runtime/Backend/IOrganizationIdProvider.cs
 0.1 kb	 0.0% Packages/com.unity.ai.assistant/Runtime/ApplicationModels/VersionSupportInfo.cs
 0.1 kb	 0.0% Packages/com.unity.ai.assistant/Runtime/ApplicationModels/ParameterDefinition.cs
 0.1 kb	 0.0% Packages/com.unity.ai.assistant/Runtime/ApplicationModels/FunctionDefinition.cs
 0.1 kb	 0.0% Packages/com.unity.ai.assistant/Runtime/ApplicationModels/EditorContextReport.cs
 0.1 kb	 0.0% Packages/com.unity.ai.assistant/Runtime/ApplicationModels/ConversationFragment.cs
 0.1 kb	 0.0% Packages/com.unity.ai.assistant/Runtime/ApplicationModels/ClientConversation.cs
 0.1 kb	 0.0% Assets/Scripts/Ui/Backends/UiToolkit/UiToolkitThemeBinder.cs
 0.1 kb	 0.0% Assets/Scripts/Ui/Backends/UiToolkit/UiToolkitPanel.Frames.cs
 0.1 kb	 0.0% Assets/Scripts/Simulation/Worldgen/WorldgenService.HistoryProjection.cs
 0.1 kb	 0.0% Assets/Scripts/Simulation/Worldgen/History/WorldHistorySimulation.cs
 0.1 kb	 0.0% Assets/Scripts/Simulation/WorldDirector/VillageLayoutStrategy.cs
 0.1 kb	 0.0% Assets/Scripts/Simulation/WorldDirector/CompactLayoutStrategy.cs
 0.1 kb	 0.0% Assets/Scripts/Simulation/World/MultiRoomDungeonGenerator.cs
 0.1 kb	 0.0% Assets/Scripts/Simulation/World/FactionReputationDecaySystem.cs
 0.1 kb	 0.0% Assets/Scripts/Simulation/World/ClassCombatProfileService.cs
 0.1 kb	 0.0% Assets/Scripts/Simulation/Magic/SpellTargetValidationResult.cs
 0.1 kb	 0.0% Assets/Scripts/Simulation/Magic/SpellSuccessChanceService.cs
 0.1 kb	 0.0% Assets/Scripts/Simulation/Magic/SpellEffectResolutionService.cs
 0.1 kb	 0.0% Assets/Scripts/Simulation/Magic/SpellEffectResolutionResult.cs
 0.1 kb	 0.0% Assets/Scripts/Simulation/Magic/ShieldBuffApplicationResult.cs
 0.1 kb	 0.0% Assets/Scripts/Simulation/Magic/ShieldBuffAbsorptionResult.cs
 0.1 kb	 0.0% Assets/Scripts/Simulation/Living/Actions/MoveToWorksiteAdvancer.cs
 0.1 kb	 0.0% Assets/Scripts/Simulation/Living/Actions/ActionLifecycleSystem.cs
 0.1 kb	 0.0% Assets/Scripts/Simulation/Living/Actions/ActionAdvancerRegistry.cs
 0.1 kb	 0.0% Assets/Scripts/Simulation/Forge/SingleFigureSpriteRefiner.cs
 0.1 kb	 0.0% Assets/Scripts/Simulation/Combat/CombatActionTimingProfile.cs
 0.1 kb	 0.0% Assets/Scripts/Presentation/Visual/WorldEventTailSnapshot.cs
 0.1 kb	 0.0% Assets/Scripts/Presentation/Visual/ToolCallTraceSnapshot.cs
 0.1 kb	 0.0% Assets/Scripts/Presentation/Visual/FactionRelationSnapshot.cs
 0.1 kb	 0.0% Assets/Scripts/Presentation/Visual/CombatEventTailSnapshot.cs
 0.1 kb	 0.0% Assets/Scripts/Presentation/Ember/Worldgen/WorldgenVisibleEvent.cs
 0.1 kb	 0.0% Assets/Scripts/Presentation/Ember/Worldgen/WorldGenesisMapper.cs
 0.1 kb	 0.0% Assets/Scripts/Presentation/Ember/Worldgen/PlanetWorldService.cs
 0.1 kb	 0.0% Assets/Scripts/Presentation/Ember/Worldgen/PlanetWorldContext.cs
 0.1 kb	 0.0% Assets/Scripts/Presentation/Ember/WorldDirector/RuntimeSpellFx.cs
 0.1 kb	 0.0% Assets/Scripts/Presentation/Ember/UI/PlayerPortraitHandoff.cs
 0.1 kb	 0.0% Assets/Scripts/Presentation/Ember/UI/Options/SettingsSection.Fields.cs
 0.1 kb	 0.0% Assets/Scripts/Presentation/Ember/UI/Options/AudioDisplaySection.cs
 0.1 kb	 0.0% Assets/Scripts/Presentation/Ember/UI/InGame/Screens/SpellbookView.cs
 0.1 kb	 0.0% Assets/Scripts/Presentation/Ember/UI/InGame/Screens/InventoryView.cs
 0.1 kb	 0.0% Assets/Scripts/Presentation/Ember/UI/InGame/Screens/IgSaveLoadData.cs
 0.1 kb	 0.0% Assets/Scripts/Presentation/Ember/UI/InGame/Screens/IgJournalData.cs
 0.1 kb	 0.0% Assets/Scripts/Presentation/Ember/UI/InGame/Screens/IgCraftingData.cs
 0.1 kb	 0.0% Assets/Scripts/Presentation/Ember/UI/InGame/Screens/ConsulFateView.cs
 0.1 kb	 0.0% Assets/Scripts/Presentation/Ember/UI/InGame/Screens/CharacterView.cs
 0.1 kb	 0.0% Assets/Scripts/Presentation/Ember/UI/InGame/InGameUiController.cs
 0.1 kb	 0.0% Assets/Scripts/Presentation/Ember/UI/EmberAtmosphereSelector.cs
 0.1 kb	 0.0% Assets/Scripts/Presentation/Ember/UI/EmberAtmosphereCueSet.cs
 0.1 kb	 0.0% Assets/Scripts/Presentation/Ember/Interaction/EmberInteractable.cs
 0.1 kb	 0.0% Assets/Scripts/Presentation/Ember/Bootstrap/EmberWorldContinuity.cs
 0.1 kb	 0.0% Assets/Scripts/Presentation/Combat/CombatUnityConversions.cs
 0.1 kb	 0.0% Assets/Scripts/Presentation/Combat/CombatPlaygroundMarker.cs
 0.1 kb	 0.0% Assets/Scripts/Domain/Forge/SingleFigureRefinementOptions.cs
 0.1 kb	 0.0% Assets/Scripts/Data/GeneratedAssetLibrary/GeneratedSpriteCropUtility.cs
 0.1 kb	 0.0% Assets/Scripts/Data/GeneratedAssetLibrary/GeneratedSpriteCropResult.cs
 0.1 kb	 0.0% Assets/Scripts/Data/GeneratedAssetLibrary/GeneratedSpriteAlphaAnalyzer.cs
 0.1 kb	 0.0% Assets/Scripts/Data/GeneratedAssetLibrary/GeneratedSpriteAlphaAnalysis.cs
 0.1 kb	 0.0% Assets/Scripts/Data/GeneratedAssetLibrary/GeneratedAssetPromptPreset.cs
 0.1 kb	 0.0% Assets/Scripts/Data/GeneratedAssetLibrary/GeneratedAssetPromptBuilder.cs
 0.1 kb	 0.0% Assets/Scripts/Data/GeneratedAssetLibrary/GeneratedAssetPathUtility.cs
 0.1 kb	 0.0% Assets/Scripts/Data/GeneratedAssetLibrary/GeneratedAssetManifestJson.cs
 0.1 kb	 0.0% Assets/Scripts/Data/GeneratedAssetLibrary/GeneratedAssetGenerationJob.cs
 0.1 kb	 0.0% Packages/com.unity.ugui/Runtime/TMP/TMP_SpriteAssetImportFormats.cs
 0.1 kb	 0.0% Packages/com.unity.shadergraph/ShaderGraphLibrary/DummyShaderGraphLibrary.cs
 0.1 kb	 0.0% Packages/com.unity.render-pipelines.universal/ShaderLibrary/ShaderTypes.cs
 0.1 kb	 0.0% Packages/com.unity.render-pipelines.universal/ShaderLibrary/Deprecated.cs
 0.1 kb	 0.0% Packages/com.unity.render-pipelines.universal/Runtime/Tiling/TileSize.cs
 0.1 kb	 0.0% Packages/com.unity.render-pipelines.universal/Runtime/2D/UTess2D/UTess.cs
 0.1 kb	 0.0% Packages/com.unity.render-pipelines.universal/Runtime/2D/Shadows/ShadowProvider/ShadowMesh2D.cs
 0.1 kb	 0.0% Packages/com.unity.render-pipelines.universal/Runtime/2D/Shadows/ShadowProvider/ShadowEdge.cs
 0.1 kb	 0.0% Packages/com.unity.render-pipelines.universal/Runtime/2D/Shadows/ShadowProvider/IEdgeStore.cs
 0.1 kb	 0.0% Packages/com.unity.render-pipelines.universal/Runtime/2D/Rendergraph/UpscalePass.cs
 0.1 kb	 0.0% Packages/com.unity.render-pipelines.universal/Runtime/2D/Passes/Utility/LightBatch.cs
 0.1 kb	 0.0% Packages/com.unity.render-pipelines.universal/Runtime/2D/Passes/Utility/LayerUtility.cs
 0.1 kb	 0.0% Packages/com.unity.render-pipelines.universal/Runtime/2D/LightUtility.cs
 0.1 kb	 0.0% Packages/com.unity.render-pipelines.core/Runtime/Utilities/SweepLineRectUtils.cs
 0.1 kb	 0.0% Packages/com.unity.render-pipelines.core/Runtime/Utilities/SceneRenderPipeline.cs
 0.1 kb	 0.0% Packages/com.unity.render-pipelines.core/Runtime/Utilities/MaterialQuality.cs
 0.1 kb	 0.0% Packages/com.unity.render-pipelines.core/Runtime/Utilities/CullContextData.cs
 0.1 kb	 0.0% Packages/com.unity.render-pipelines.core/Runtime/Utilities/CameraCaptureBridge.cs
 0.1 kb	 0.0% Packages/com.unity.render-pipelines.core/Runtime/ShaderGenerator/ShaderGeneratorAttributes.cs
 0.1 kb	 0.0% Packages/com.unity.render-pipelines.core/Runtime/RenderGraph/RenderGraph.cs
 0.1 kb	 0.0% Packages/com.unity.render-pipelines.core/Runtime/PostProcessing/LensFlareCommonSRP.cs
 0.1 kb	 0.0% Packages/com.unity.render-pipelines.core/Runtime/LookDev/IDataProvider.cs
 0.1 kb	 0.0% Packages/com.unity.render-pipelines.core/Runtime/Lighting/SphericalHarmonics.cs
 0.1 kb	 0.0% Packages/com.unity.render-pipelines.core/Runtime/Lighting/ProbeVolume/ProbeVolumesOptions.cs
 0.1 kb	 0.0% Packages/com.unity.render-pipelines.core/Runtime/Lighting/ProbeVolume/ProbeVolumeSceneData.cs
 0.1 kb	 0.0% Packages/com.unity.render-pipelines.core/Runtime/Lighting/ProbeVolume/ProbeVolumeGIContributor.cs
 0.1 kb	 0.0% Packages/com.unity.render-pipelines.core/Runtime/Lighting/ProbeVolume/ProbeVolumeBakingSet.cs
 0.1 kb	 0.0% Packages/com.unity.render-pipelines.core/Runtime/Lighting/ProbeVolume/ProbeVolumeAsset.cs
 0.1 kb	 0.0% Packages/com.unity.render-pipelines.core/Runtime/Lighting/ProbeVolume/ProbeReferenceVolume.cs
 0.1 kb	 0.0% Packages/com.unity.render-pipelines.core/Runtime/Documentation.cs
 0.1 kb	 0.0% Packages/com.unity.render-pipelines.core/Runtime/Debugging/Prefabs/Scripts/DebugUIHandlerWidget.cs
 0.1 kb	 0.0% Packages/com.unity.render-pipelines.core/Runtime/Debugging/Prefabs/Scripts/DebugUIHandlerValue.cs
 0.1 kb	 0.0% Packages/com.unity.render-pipelines.core/Runtime/Debugging/Prefabs/Scripts/DebugUIHandlerVBox.cs
 0.1 kb	 0.0% Packages/com.unity.render-pipelines.core/Runtime/Debugging/Prefabs/Scripts/DebugUIHandlerToggle.cs
 0.1 kb	 0.0% Packages/com.unity.render-pipelines.core/Runtime/Debugging/Prefabs/Scripts/DebugUIHandlerRow.cs
 0.1 kb	 0.0% Packages/com.unity.render-pipelines.core/Runtime/Debugging/Prefabs/Scripts/DebugUIHandlerPanel.cs
 0.1 kb	 0.0% Packages/com.unity.render-pipelines.core/Runtime/Debugging/Prefabs/Scripts/DebugUIHandlerObject.cs
 0.1 kb	 0.0% Packages/com.unity.render-pipelines.core/Runtime/Debugging/Prefabs/Scripts/DebugUIHandlerHBox.cs
 0.1 kb	 0.0% Packages/com.unity.render-pipelines.core/Runtime/Debugging/Prefabs/Scripts/DebugUIHandlerGroup.cs
 0.1 kb	 0.0% Packages/com.unity.render-pipelines.core/Runtime/Debugging/Prefabs/Scripts/DebugUIHandlerColor.cs
 0.1 kb	 0.0% Packages/com.unity.render-pipelines.core/Runtime/Debugging/Prefabs/Scripts/DebugUIHandlerCanvas.cs
 0.1 kb	 0.0% Packages/com.unity.render-pipelines.core/Runtime/Debugging/Prefabs/Scripts/DebugUIHandlerButton.cs
 0.1 kb	 0.0% Packages/com.unity.render-pipelines.core/Runtime/Debugging/MousePositionDebug.cs
 0.1 kb	 0.0% Packages/com.unity.render-pipelines.core/Runtime/Debugging/IVolumeDebugSettings.cs
 0.1 kb	 0.0% Packages/com.unity.render-pipelines.core/Runtime/Debugging/FrameTiming/FrameTimeBottleneck.cs
 0.1 kb	 0.0% Packages/com.unity.render-pipelines.core/Runtime/Common/Swap.Extensions.cs
 0.1 kb	 0.0% Packages/com.unity.render-pipelines.core/Runtime/Common/ReloadGroupAttribute.cs
 0.1 kb	 0.0% Packages/com.unity.render-pipelines.core/Runtime/Common/CommandBufferPool.cs
 0.1 kb	 0.0% Packages/com.unity.render-pipelines.core/Runtime/CommandBuffers/UnsafeCommandBuffer.cs
 0.1 kb	 0.0% Packages/com.unity.render-pipelines.core/Runtime/CommandBuffers/RasterCommandBuffer.cs
 0.1 kb	 0.0% Packages/com.unity.render-pipelines.core/Runtime/CommandBuffers/IUnsafeCommandBuffer.cs
 0.1 kb	 0.0% Packages/com.unity.render-pipelines.core/Runtime/CommandBuffers/IRasterCommandBuffer.cs
 0.1 kb	 0.0% Packages/com.unity.render-pipelines.core/Runtime/CommandBuffers/IBaseCommandBuffer.cs
 0.1 kb	 0.0% Packages/com.unity.render-pipelines.core/Runtime/CommandBuffers/ComputeCommandBuffer.cs
 0.1 kb	 0.0% Packages/com.unity.render-pipelines.core/Runtime/CommandBuffers/CommandBufferHelpers.cs
 0.1 kb	 0.0% Packages/com.unity.inputsystem/InputSystem/State/IInputStateChangeMonitor.cs
 0.1 kb	 0.0% Packages/com.unity.inputsystem/InputSystem/Plugins/iOS/IOSGameController.cs
 0.1 kb	 0.0% Packages/com.unity.inputsystem/InputSystem/Plugins/XInput/XInputControllerWindows.cs
 0.1 kb	 0.0% Packages/com.unity.inputsystem/InputSystem/Plugins/Users/InputUserAccountHandle.cs
 0.1 kb	 0.0% Packages/com.unity.inputsystem/InputSystem/Plugins/Switch/SwitchProControllerHID.cs
 0.1 kb	 0.0% Packages/com.unity.inputsystem/InputSystem/Plugins/PlayerInput/PlayerInputManagerEditor.cs
 0.1 kb	 0.0% Packages/com.unity.inputsystem/InputSystem/Plugins/OSX/OSXGameController.cs
 0.1 kb	 0.0% Packages/com.unity.inputsystem/InputSystem/Plugins/EnhancedTouch/EnhancedTouchSupport.cs
 0.1 kb	 0.0% Packages/com.unity.inputsystem/InputSystem/Events/DeviceConfigurationEvent.cs
 0.1 kb	 0.0% Packages/com.unity.inputsystem/InputSystem/Editor/UITKAssetEditor/Views/VisualElementExtensions.cs
 0.1 kb	 0.0% Packages/com.unity.inputsystem/InputSystem/Editor/UITKAssetEditor/Views/InputActionsTreeViewItem.cs
 0.1 kb	 0.0% Packages/com.unity.inputsystem/InputSystem/Editor/UITKAssetEditor/Views/InputActionsEditorView.cs
 0.1 kb	 0.0% Packages/com.unity.inputsystem/InputSystem/Editor/UITKAssetEditor/Views/BindingPropertiesView.cs
 0.1 kb	 0.0% Packages/com.unity.inputsystem/InputSystem/Editor/UITKAssetEditor/SerializedInputBinding.cs
 0.1 kb	 0.0% Packages/com.unity.inputsystem/InputSystem/Editor/UITKAssetEditor/SerializedInputActionMap.cs
 0.1 kb	 0.0% Packages/com.unity.inputsystem/InputSystem/Editor/UITKAssetEditor/SerializedInputAction.cs
 0.1 kb	 0.0% Packages/com.unity.inputsystem/InputSystem/Editor/UITKAssetEditor/InputActionsEditorWindow.cs
 0.1 kb	 0.0% Packages/com.unity.inputsystem/InputSystem/Editor/UITKAssetEditor/InputActionsEditorState.cs
 0.1 kb	 0.0% Packages/com.unity.inputsystem/InputSystem/Editor/UITKAssetEditor/Commands/ControlSchemeCommands.cs
 0.1 kb	 0.0% Packages/com.unity.inputsystem/InputSystem/Editor/Settings/InputSettingsProvider.cs
 0.1 kb	 0.0% Packages/com.unity.inputsystem/InputSystem/Editor/Settings/InputEditorUserSettings.cs
 0.1 kb	 0.0% Packages/com.unity.inputsystem/InputSystem/Editor/PropertyDrawers/InputControlPathDrawer.cs
 0.1 kb	 0.0% Packages/com.unity.inputsystem/InputSystem/Editor/PropertyDrawers/InputActionDrawerBase.cs
 0.1 kb	 0.0% Packages/com.unity.inputsystem/InputSystem/Editor/PropertyDrawers/InputActionAssetDrawer.cs
 0.1 kb	 0.0% Packages/com.unity.inputsystem/InputSystem/Editor/ProjectWideActions/ProjectWideActionsAsset.cs
 0.1 kb	 0.0% Packages/com.unity.inputsystem/InputSystem/Editor/Internal/AdvancedDropdown/AdvancedDropdownWindow.cs
 0.1 kb	 0.0% Packages/com.unity.inputsystem/InputSystem/Editor/Internal/AdvancedDropdown/AdvancedDropdownState.cs
 0.1 kb	 0.0% Packages/com.unity.inputsystem/InputSystem/Editor/InputSystemPluginControl.cs
 0.1 kb	 0.0% Packages/com.unity.inputsystem/InputSystem/Editor/InputLayoutCodeGenerator.cs
 0.1 kb	 0.0% Packages/com.unity.inputsystem/InputSystem/Editor/InputAssetEditorUtils.cs
 0.1 kb	 0.0% Packages/com.unity.inputsystem/InputSystem/Editor/Debugger/InputLatencyCalculator.cs
 0.1 kb	 0.0% Packages/com.unity.inputsystem/InputSystem/Editor/ControlPicker/InputControlPickerState.cs
 0.1 kb	 0.0% Packages/com.unity.inputsystem/InputSystem/Editor/ControlPicker/InputControlPathEditor.cs
 0.1 kb	 0.0% Packages/com.unity.inputsystem/InputSystem/Editor/ControlPicker/InputControlDropdownItem.cs
 0.1 kb	 0.0% Packages/com.unity.inputsystem/InputSystem/Editor/AssetImporter/InputActionCodeGenerator.cs
 0.1 kb	 0.0% Packages/com.unity.inputsystem/InputSystem/Editor/AssetImporter/InputActionAssetEditor.cs
 0.1 kb	 0.0% Packages/com.unity.inputsystem/InputSystem/Editor/AssetImporter/IInputActionAssetEditor.cs
 0.1 kb	 0.0% Packages/com.unity.inputsystem/InputSystem/Editor/AssetEditor/InputActionEditorWindow.cs
 0.1 kb	 0.0% Packages/com.unity.inputsystem/InputSystem/Editor/AssetEditor/InputActionEditorToolbar.cs
 0.1 kb	 0.0% Packages/com.unity.inputsystem/InputSystem/Editor/AssetEditor/InputActionAssetManager.cs
 0.1 kb	 0.0% Packages/com.unity.inputsystem/InputSystem/Devices/Remote/RemoteInputPlayerConnection.cs
 0.1 kb	 0.0% Packages/com.unity.inputsystem/InputSystem/Devices/InputDeviceDescription.cs
 0.1 kb	 0.0% Packages/com.unity.inputsystem/InputSystem/Devices/Haptics/DualMotorRumbleCommand.cs
 0.1 kb	 0.0% Packages/com.unity.inputsystem/InputSystem/Devices/Commands/WarpMousePositionCommand.cs
 0.1 kb	 0.0% Packages/com.unity.inputsystem/InputSystem/Devices/Commands/QueryEnabledStateCommand.cs
 0.1 kb	 0.0% Packages/com.unity.inputsystem/InputSystem/Devices/Commands/QueryDimensionsCommand.cs
 0.1 kb	 0.0% Packages/com.unity.inputsystem/InputSystem/Devices/Commands/QueryCanRunInBackground.cs
 0.1 kb	 0.0% Packages/com.unity.inputsystem/InputSystem/Devices/Commands/IInputDeviceCommandInfo.cs
 0.1 kb	 0.0% Packages/com.unity.inputsystem/InputSystem/Controls/InputControlAttribute.cs
 0.1 kb	 0.0% Packages/com.unity.inputsystem/InputSystem/Controls/DiscreteButtonControl.cs
 0.1 kb	 0.0% Packages/com.unity.inputsystem/InputSystem/Actions/InputBindingCompositeContext.cs
 0.1 kb	 0.0% Packages/com.unity.inputsystem/InputSystem/Actions/InputActionSetupExtensions.cs
 0.1 kb	 0.0% Packages/com.unity.inputsystem/InputSystem/Actions/InputActionParameters.cs
 0.1 kb	 0.0% Packages/com.unity.collections/Unity.Collections/UnsafeAtomicCounter.cs
 0.1 kb	 0.0% Packages/com.unity.cinemachine/Runtime/Core/CinemachinePropertyAttribute.cs
 0.1 kb	 0.0% Packages/com.unity.ai.assistant/Runtime/Utils/FunctionDefinitionUtils.cs
 0.1 kb	 0.0% Packages/com.unity.ai.assistant/Runtime/Socket/Workflows/Chat/IChatWorkflow.cs
 0.1 kb	 0.0% Packages/com.unity.ai.assistant/Runtime/Socket/Workflows/Chat/BaseChatWorkflow.cs
 0.1 kb	 0.0% Packages/com.unity.ai.assistant/Runtime/Socket/ErrorHandling/BackendResult.cs
 0.1 kb	 0.0% Packages/com.unity.ai.assistant/Runtime/Socket/Communication/ReceiveResult.cs
 0.1 kb	 0.0% Packages/com.unity.ai.assistant/Runtime/Socket/Communication/IClientWebSocket.cs
 0.1 kb	 0.0% Packages/com.unity.ai.assistant/Runtime/Socket/Communication/ConnectResult.cs
 0.1 kb	 0.0% Packages/com.unity.ai.assistant/Runtime/FunctionCalling/Context/PersistentState.cs
 0.1 kb	 0.0% Packages/com.unity.ai.assistant/Runtime/Data/AssistantMessageBlock.cs
 0.1 kb	 0.0% Packages/com.unity.ai.assistant/Runtime/Data/AssistantFunctionCall.cs
 0.1 kb	 0.0% Packages/com.unity.ai.assistant/Runtime/Data/AssistantConversationId.cs
 0.1 kb	 0.0% Packages/com.unity.ai.assistant/Runtime/Data/AssistantConversation.cs
 0.1 kb	 0.0% Packages/com.unity.ai.assistant/Runtime/Data/AssistantContextEntry.cs
 0.1 kb	 0.0% Packages/com.unity.ai.assistant/Runtime/Data/AcknowledgePromptInfo.cs
 0.1 kb	 0.0% Assets/TextMesh Pro/Resources/LineBreaking Leading Characters.txt
 0.1 kb	 0.0% Assets/Scripts/Simulation/Overland/OverlandWorldgen.Biomes.cs
 0.1 kb	 0.0% Assets/Scripts/Simulation/Overland/OverlandMapProjection.cs
 0.1 kb	 0.0% Assets/Scripts/Simulation/Overland/OverlandMapPlanetStore.cs
 0.1 kb	 0.0% Assets/Scripts/Simulation/Overland/OverlandMapImageSampler.cs
 0.1 kb	 0.0% Assets/Scripts/Simulation/Narrative/NpcMemoryQueryService.cs
 0.1 kb	 0.0% Assets/Scripts/Simulation/Narrative/GuardInteractionService.cs
 0.1 kb	 0.0% Assets/Scripts/Simulation/Inventory/SettlementTradeService.cs
 0.1 kb	 0.0% Assets/Scripts/Simulation/Inventory/EquipmentActionResult.cs
 0.1 kb	 0.0% Assets/Scripts/Simulation/Generation/VisibleGenerationFlow.cs
 0.1 kb	 0.0% Assets/Scripts/Simulation/Generation/NpcPromptJsonDefaults.cs
 0.1 kb	 0.0% Assets/Scripts/Simulation/Generation/GeneratedAssetProvenance.cs
 0.1 kb	 0.0% Assets/Scripts/Simulation/Composition/FieldOwnershipRegistry.cs
 0.1 kb	 0.0% Assets/Scripts/Presentation/Ember/WorldDirector/TerrainStreamer.cs
 0.1 kb	 0.0% Assets/Scripts/Presentation/Ember/WorldDirector/SkyController.cs
 0.1 kb	 0.0% Assets/Scripts/Presentation/Ember/WorldDirector/RuntimeTrapView.cs
 0.1 kb	 0.0% Assets/Scripts/Presentation/Ember/WorldDirector/RuntimePlayerRig.cs
 0.1 kb	 0.0% Assets/Scripts/Presentation/Ember/WorldDirector/RuntimeKeyView.cs
 0.1 kb	 0.0% Assets/Scripts/Presentation/Ember/WorldDirector/RuntimeHitSparks.cs
 0.1 kb	 0.0% Assets/Scripts/Presentation/Ember/WorldDirector/RuntimeDoorView.cs
 0.1 kb	 0.0% Assets/Scripts/Presentation/Ember/WorldDirector/RuntimeChestView.cs
 0.1 kb	 0.0% Assets/Scripts/Presentation/Ember/WorldDirector/NpcEventEchoFeed.cs
 0.1 kb	 0.0% Assets/Scripts/Presentation/Ember/WorldDirector/NightCurfewView.cs
 0.1 kb	 0.0% Assets/Scripts/Presentation/Ember/Visual/UrpMaterialRescue.cs
 0.1 kb	 0.0% Assets/Scripts/Presentation/Ember/Visual/EmberLightFlicker.cs
 0.1 kb	 0.0% Assets/Scripts/Presentation/Ember/Views/WorldViewProjector.cs
 0.1 kb	 0.0% Assets/Scripts/Presentation/Ember/Views/NpcActivityLabelView.cs
 0.1 kb	 0.0% Assets/Scripts/Presentation/Ember/Save/SaveSlotBrowserState.cs
 0.1 kb	 0.0% Assets/Scripts/Presentation/Ember/Save/SaveEnvelopeCodec.cs
 0.1 kb	 0.0% Assets/Scripts/Presentation/Ember/Save/JsonSliceSaveService.cs
 0.1 kb	 0.0% Assets/Scripts/Presentation/Ember/Runtime/ForgeRuntimeHelpers.cs
 0.1 kb	 0.0% Assets/Scripts/Presentation/Ember/Runtime/EmberSceneCatalog.cs
 0.1 kb	 0.0% Assets/Scripts/Presentation/Ember/Inputs/EmberInputHardware.cs
 0.1 kb	 0.0% Assets/Scripts/Presentation/Ember/Inputs/EmberInputActions.cs
 0.1 kb	 0.0% Assets/Scripts/Presentation/Ember/Forge/UnityResourceProbe.cs
 0.1 kb	 0.0% Assets/Scripts/Presentation/Ember/Forge/SerializedAssetForge.cs
 0.1 kb	 0.0% Assets/Scripts/Presentation/Ember/Forge/EmberForgeFactory.cs
 0.1 kb	 0.0% Assets/Scripts/Presentation/Ember/Forge/ComfyUiAssetForge.cs
 0.1 kb	 0.0% Assets/Scripts/Presentation/Ember/Audio/WindowsSpeechService.cs
 0.1 kb	 0.0% Assets/Scripts/Presentation/Ember/Audio/EmberAmbientAudio.cs
 0.1 kb	 0.0% Assets/Scripts/Presentation/Ember/Audio/AmbientVoiceDirector.cs
 0.1 kb	 0.0% Assets/Scripts/Domain/CharacterCreation/CharacterCreationCatalog.cs
 0.1 kb	 0.0% Packages/com.unity.ugui/Runtime/UGUI/UI/Core/Layout/HorizontalOrVerticalLayoutGroup.cs
 0.1 kb	 0.0% Packages/com.unity.render-pipelines.universal/Runtime/Tiling/ZBinningJob.cs
 0.1 kb	 0.0% Packages/com.unity.render-pipelines.universal/Runtime/Tiling/TilingJob.cs
 0.1 kb	 0.0% Packages/com.unity.render-pipelines.universal/Runtime/TemporalAA.cs
 0.1 kb	 0.0% Packages/com.unity.render-pipelines.universal/Runtime/ShadowUtils.cs
 0.1 kb	 0.0% Packages/com.unity.render-pipelines.universal/Runtime/ShaderUtils.cs
 0.1 kb	 0.0% Packages/com.unity.render-pipelines.universal/Runtime/ShaderData.cs
 0.1 kb	 0.0% Packages/com.unity.render-pipelines.universal/Runtime/Passes/CapturePass.cs
 0.1 kb	 0.0% Packages/com.unity.render-pipelines.universal/Runtime/Overrides/WhiteBalance.cs
 0.1 kb	 0.0% Packages/com.unity.render-pipelines.universal/Runtime/Overrides/Tonemapping.cs
 0.1 kb	 0.0% Packages/com.unity.render-pipelines.universal/Runtime/Overrides/SplitToning.cs
 0.1 kb	 0.0% Packages/com.unity.render-pipelines.universal/Runtime/Overrides/MotionBlur.cs
 0.1 kb	 0.0% Packages/com.unity.render-pipelines.universal/Runtime/Overrides/FilmGrain.cs
 0.1 kb	 0.0% Packages/com.unity.render-pipelines.universal/Runtime/Overrides/DepthOfField.cs
 0.1 kb	 0.0% Packages/com.unity.render-pipelines.universal/Runtime/Overrides/ColorLookup.cs
 0.1 kb	 0.0% Packages/com.unity.render-pipelines.universal/Runtime/Overrides/ColorCurves.cs
 0.1 kb	 0.0% Packages/com.unity.render-pipelines.universal/Runtime/Overrides/ChannelMixer.cs
 0.1 kb	 0.0% Packages/com.unity.render-pipelines.universal/Runtime/History/TaaHistory.cs
 0.1 kb	 0.0% Packages/com.unity.render-pipelines.universal/Runtime/History/StpHistory.cs
 0.1 kb	 0.0% Packages/com.unity.render-pipelines.universal/Runtime/Decal/Entities/DecalChunk.cs
 0.1 kb	 0.0% Packages/com.unity.render-pipelines.universal/Runtime/Debug/DebugHandler.cs
 0.1 kb	 0.0% Packages/com.unity.render-pipelines.core/Runtime/XR/XRMirrorView.cs
 0.1 kb	 0.0% Packages/com.unity.render-pipelines.core/Runtime/Utilities/GPUPrefixSum/GPUPrefixSum.ShaderIDs.cs
 0.1 kb	 0.0% Packages/com.unity.render-pipelines.core/Runtime/UnifiedRayTracing/Compute/RadeonRays/RestructureBvh.cs
 0.1 kb	 0.0% Packages/com.unity.render-pipelines.core/Runtime/UnifiedRayTracing/Compute/RadeonRays/RadeonRaysAPI.cs
 0.1 kb	 0.0% Packages/com.unity.render-pipelines.core/Runtime/UnifiedRayTracing/Common/GeometryPool/GeometryPool.cs
 0.1 kb	 0.0% Packages/com.unity.render-pipelines.core/Runtime/GPUDriven/Utilities/ParallelBitArray.cs
 0.1 kb	 0.0% Packages/com.unity.render-pipelines.core/Runtime/GPUDriven/Utilities/MemoryUtilities.cs
 0.1 kb	 0.0% Packages/com.unity.render-pipelines.core/Runtime/GPUDriven/LODGroupDataPool.cs
 0.1 kb	 0.0% Packages/com.unity.render-pipelines.core/Runtime/GPUDriven/InstanceCuller.cs
 0.1 kb	 0.0% Packages/com.unity.render-pipelines.core/Runtime/Deprecated.cs
 0.1 kb	 0.0% Packages/com.unity.render-pipelines.core/Runtime/Common/CoreAttributes.cs
 0.1 kb	 0.0% Packages/com.unity.render-pipelines.core/Runtime/CommandBuffers/BaseCommandBufer.cs
 0.1 kb	 0.0% Packages/com.unity.inputsystem/InputSystem/Utilities/NameAndParameters.cs
 0.1 kb	 0.0% Packages/com.unity.inputsystem/InputSystem/Utilities/CSharpCodeHelpers.cs
 0.1 kb	 0.0% Packages/com.unity.inputsystem/InputSystem/Plugins/UI/TrackedDeviceRaycaster.cs
 0.1 kb	 0.0% Packages/com.unity.inputsystem/InputSystem/Plugins/UI/MultiplayerEventSystem.cs
 0.1 kb	 0.0% Packages/com.unity.inputsystem/InputSystem/Plugins/UI/InputSystemUIInputModule.cs
 0.1 kb	 0.0% Packages/com.unity.inputsystem/InputSystem/Plugins/UI/ExtendedPointerEventData.cs
 0.1 kb	 0.0% Packages/com.unity.inputsystem/InputSystem/Plugins/UI/ExtendedAxisEventData.cs
 0.1 kb	 0.0% Packages/com.unity.inputsystem/InputSystem/Plugins/HID/HIDDescriptorWindow.cs
 0.1 kb	 0.0% Packages/com.unity.inputsystem/InputSystem/Plugins/DualShock/IDualShockHaptics.cs
 0.1 kb	 0.0% Packages/com.unity.inputsystem/InputSystem/Editor/AssetEditor/ParameterListView.cs
 0.1 kb	 0.0% Packages/com.unity.inputsystem/InputSystem/Editor/AssetEditor/InputActionTreeViewItems.cs
 0.1 kb	 0.0% Packages/com.unity.inputsystem/InputSystem/Controls/Processors/NormalizeProcessor.cs
 0.1 kb	 0.0% Packages/com.unity.inputsystem/InputSystem/Actions/Interactions/SlowTapInteraction.cs
 0.1 kb	 0.0% Packages/com.unity.inputsystem/InputSystem/Actions/Interactions/MultiTapInteraction.cs
 0.1 kb	 0.0% Packages/com.unity.inputsystem/InputSystem/Actions/Composites/OneModifierComposite.cs
 0.1 kb	 0.0% Packages/com.unity.collections/Unity.Collections/UnsafeUtilityEx.cs
 0.1 kb	 0.0% Packages/com.unity.collections/Unity.Collections/UnsafeAppendBuffer.cs
 0.1 kb	 0.0% Packages/com.unity.collections/Unity.Collections/NativeParallelHashSetExtensions.gen.cs
 0.1 kb	 0.0% Packages/com.unity.collections/Unity.Collections/Jobs/RegisterGenericJobTypeAttribute.cs
 0.1 kb	 0.0% Packages/com.unity.collections/Unity.Collections/DoubleRewindableAllocators.cs
 0.1 kb	 0.0% Packages/com.unity.collections/Unity.Collections/DataStreamExtensions.cs
 0.1 kb	 0.0% Packages/com.unity.cloud.gltfast/Runtime/Scripts/Newtonsoft/Schema/TextureInfoExtensions.cs
 0.1 kb	 0.0% Packages/com.unity.cloud.gltfast/Runtime/Scripts/Newtonsoft/Schema/MeshPrimitiveExtensions.cs
 0.1 kb	 0.0% Packages/com.unity.cloud.gltfast/Runtime/Scripts/Newtonsoft/Schema/AnimationChannelTarget.cs
 0.1 kb	 0.0% Packages/com.unity.cloud.gltfast/Runtime/Scripts/Newtonsoft/Schema/AccessorSparseIndices.cs
 0.1 kb	 0.0% Packages/com.unity.cloud.gltfast/Runtime/Scripts/Export/GltfShaderGraphMaterialExporter.cs
 0.1 kb	 0.0% Packages/com.unity.cloud.gltfast/DocExamples/ExportSamples.cs
 0.1 kb	 0.0% Packages/com.unity.cloud.gltfast/DocExamples/CustomGltfImport.cs
 0.1 kb	 0.0% Packages/com.unity.cinemachine/Runtime/PostProcessing/CinemachineVolumeSettings.cs
 0.1 kb	 0.0% Packages/com.unity.cinemachine/Runtime/Impulse/CinemachineImpulseManager.cs
 0.1 kb	 0.0% Packages/com.unity.cinemachine/Runtime/Impulse/CinemachineImpulseListener.cs
 0.1 kb	 0.0% Packages/com.unity.cinemachine/Runtime/Impulse/CinemachineImpulseDefinition.cs
 0.1 kb	 0.0% Packages/com.unity.cinemachine/Runtime/Helpers/CinemachineSplineSmoother.cs
 0.1 kb	 0.0% Packages/com.unity.cinemachine/Runtime/Helpers/CinemachineMixerEventsBase.cs
 0.1 kb	 0.0% Packages/com.unity.cinemachine/Runtime/Deprecated/CinemachineTouchInputMapper.cs
 0.1 kb	 0.0% Packages/com.unity.cinemachine/Runtime/Deprecated/CinemachineOrbitalTransposer.cs
 0.1 kb	 0.0% Packages/com.unity.cinemachine/Runtime/Deprecated/CinemachineInputAxisDriver.cs
 0.1 kb	 0.0% Packages/com.unity.cinemachine/Runtime/Deprecated/CinemachineFramingTransposer.cs
 0.1 kb	 0.0% Packages/com.unity.cinemachine/Runtime/Deprecated/Cinemachine3rdPersonFollow.cs
 0.1 kb	 0.0% Packages/com.unity.cinemachine/Runtime/Core/SplineContainerExtensions.cs
 0.1 kb	 0.0% Packages/com.unity.cinemachine/Runtime/Core/CinemachineVirtualCameraBase.cs
 0.1 kb	 0.0% Packages/com.unity.cinemachine/Runtime/Core/CinemachineCameraManagerBase.cs
 0.1 kb	 0.0% Packages/com.unity.cinemachine/Runtime/Core/CinemachineBlenderSettings.cs
 0.1 kb	 0.0% Packages/com.unity.cinemachine/Runtime/Components/CinemachineThirdPersonFollow.cs
 0.1 kb	 0.0% Packages/com.unity.cinemachine/Runtime/Components/CinemachineRotationComposer.cs
 0.1 kb	 0.0% Packages/com.unity.cinemachine/Runtime/Components/CinemachinePositionComposer.cs
 0.1 kb	 0.0% Packages/com.unity.cinemachine/Runtime/Components/CinemachineHardLockToTarget.cs
 0.1 kb	 0.0% Packages/com.unity.cinemachine/Runtime/Behaviours/CinemachineThirdPersonAim.cs
 0.1 kb	 0.0% Packages/com.unity.cinemachine/Runtime/Behaviours/CinemachineStateDrivenCamera.cs
 0.1 kb	 0.0% Packages/com.unity.cinemachine/Runtime/Behaviours/CinemachineSequencerCamera.cs
 0.1 kb	 0.0% Packages/com.unity.cinemachine/Runtime/Behaviours/CinemachineFreeLookModifier.cs
 0.1 kb	 0.0% Packages/com.unity.cinemachine/Runtime/Behaviours/CinemachineExternalCamera.cs
 0.1 kb	 0.0% Packages/com.unity.ai.assistant/Runtime/Socket/Protocol/REST/Model/ValidationError.cs
 0.1 kb	 0.0% Packages/com.unity.ai.assistant/Runtime/Socket/Protocol/REST/Model/ModelConfigInfo.cs
 0.1 kb	 0.0% Packages/com.unity.ai.assistant/Runtime/Socket/Protocol/REST/Model/MessageCostV1.cs
 0.1 kb	 0.0% Packages/com.unity.ai.assistant/Runtime/Socket/Protocol/REST/Model/InspirationV1.cs
 0.1 kb	 0.0% Packages/com.unity.ai.assistant/Runtime/Socket/Protocol/REST/Model/FewShotExample.cs
 0.1 kb	 0.0% Packages/com.unity.ai.assistant/Runtime/Socket/Protocol/REST/Model/ErrorResponseV1.cs
 0.1 kb	 0.0% Packages/com.unity.ai.assistant/Runtime/Socket/Protocol/REST/Model/ConversationV1.cs
 0.1 kb	 0.0% Packages/com.unity.ai.assistant/Runtime/Socket/Protocol/REST/Client/RequestOptions.cs
 0.1 kb	 0.0% Packages/com.unity.ai.assistant/Runtime/Socket/Protocol/REST/Client/Configuration.cs
 0.1 kb	 0.0% Packages/com.unity.ai.assistant/Runtime/Socket/Protocol/ProtocolUtility.cs
 0.1 kb	 0.0% Packages/com.unity.ai.assistant/Runtime/Skills/SkillRegistryTags.cs
 0.1 kb	 0.0% Packages/com.unity.ai.assistant/Runtime/Skills/MemorySkillResource.cs
 0.1 kb	 0.0% Packages/com.unity.ai.assistant/Runtime/Skills/FileSkillResource.cs
 0.1 kb	 0.0% Packages/com.unity.ai.assistant/Runtime/FunctionCalling/Permissions/ToolPermissions.cs
 0.1 kb	 0.0% Packages/com.unity.ai.assistant/Runtime/FunctionCalling/Permissions/IToolPermissions.cs
 0.1 kb	 0.0% Packages/com.unity.ai.assistant/Runtime/FunctionCalling/Interactions/ToolInteractions.cs
 0.1 kb	 0.0% Packages/com.unity.ai.assistant/Runtime/FunctionCalling/IFunctionToolbox.cs
 0.1 kb	 0.0% Packages/com.unity.ai.assistant/Runtime/FunctionCalling/IFunctionSource.cs
 0.1 kb	 0.0% Packages/com.unity.ai.assistant/Runtime/FunctionCalling/ICachedFunction.cs
 0.1 kb	 0.0% Packages/com.unity.ai.assistant/Runtime/FunctionCalling/FunctionToolbox.cs
 0.1 kb	 0.0% Packages/com.unity.ai.assistant/Runtime/FunctionCalling/FunctionCache.cs
 0.1 kb	 0.0% Packages/com.unity.ai.assistant/Runtime/FunctionCalling/Container/IToolUiContainer.cs
 0.1 kb	 0.0% Packages/com.unity.ai.assistant/Runtime/Backend/UnityVersionProvider.cs
 0.1 kb	 0.0% Packages/com.unity.ai.assistant/Runtime/Backend/IAssistantBackend.cs
 0.1 kb	 0.0% Packages/com.unity.ai.assistant/Runtime/Backend/FunctionCallResult.cs
 0.1 kb	 0.0% Packages/com.unity.ai.assistant/Runtime/Backend/CapabilityRegistry.cs
 0.1 kb	 0.0% Packages/com.unity.ai.assistant/Runtime/ApplicationModels/ConversationData.cs
 0.1 kb	 0.0% Packages/com.unity.ai.assistant/Runtime/Agents/Utils/AgentProtocolUtils.cs
 0.1 kb	 0.0% Assets/TextMesh Pro/Examples & Extras/Resources/Color Gradient Presets/Light to Dark Green - Vertical.asset
 0.1 kb	 0.0% Assets/TextMesh Pro/Examples & Extras/Resources/Color Gradient Presets/Dark to Light Green - Vertical.asset
 0.1 kb	 0.0% Assets/Scripts/Ui/Backends/UiToolkit/UiToolkitSurface.cs
 0.1 kb	 0.0% Assets/Scripts/Ui/Backends/UiToolkit/UiToolkitPanel.cs
 0.1 kb	 0.0% Assets/Scripts/Simulation/Worldgen/WorldgenService.HistorySim.cs
 0.1 kb	 0.0% Assets/Scripts/Simulation/Worldgen/Planet/TectonicElevation.cs
 0.1 kb	 0.0% Assets/Scripts/Simulation/Worldgen/Planet/PlatePartitionResult.cs
 0.1 kb	 0.0% Assets/Scripts/Simulation/Worldgen/Planet/PlateBoundaryEdge.cs
 0.1 kb	 0.0% Assets/Scripts/Simulation/Worldgen/Planet/PlanetImageSampler.cs
 0.1 kb	 0.0% Assets/Scripts/Simulation/Worldgen/History/HistorySystems.cs
 0.1 kb	 0.0% Assets/Scripts/Simulation/WorldDirector/WorldSpaceProjection.cs
 0.1 kb	 0.0% Assets/Scripts/Simulation/WorldDirector/StreetLayoutStrategy.cs
 0.1 kb	 0.0% Assets/Scripts/Simulation/WorldDirector/SettlementContext.cs
 0.1 kb	 0.0% Assets/Scripts/Simulation/WorldDirector/PlanetSurfaceSampler.cs
 0.1 kb	 0.0% Assets/Scripts/Simulation/WorldDirector/BuildingPlacement.cs
 0.1 kb	 0.0% Assets/Scripts/Simulation/World/WorldActorLoadoutFactory.cs
 0.1 kb	 0.0% Assets/Scripts/Simulation/World/ShortageResponseSystem.cs
 0.1 kb	 0.0% Assets/Scripts/Simulation/World/ProceduralRoomGenerator.cs
 0.1 kb	 0.0% Assets/Scripts/Simulation/World/IFactionDecayEventPolicy.cs
 0.1 kb	 0.0% Assets/Scripts/Simulation/World/FactionReputationSystem.cs
 0.1 kb	 0.0% Assets/Scripts/Simulation/World/DungeonTraversalService.cs
 0.1 kb	 0.0% Assets/Scripts/Simulation/World/DoorInteractionService.cs
 0.1 kb	 0.0% Assets/Scripts/Simulation/Time/GameTimeAdvanceSystem.cs
 0.1 kb	 0.0% Assets/Scripts/Simulation/Quest/QuestInteractionService.cs
 0.1 kb	 0.0% Assets/Scripts/Simulation/Process/FarmingJobRequestFactory.cs
 0.1 kb	 0.0% Assets/Scripts/Simulation/Overland/OverlandWorldgen.Settlements.cs
 0.1 kb	 0.0% Assets/Scripts/Simulation/Magic/SpellSuccessChanceResult.cs
 0.1 kb	 0.0% Assets/Scripts/Simulation/Magic/SpellExecutionService.cs
 0.1 kb	 0.0% Assets/Scripts/Simulation/Magic/EffectOperationHandlers.cs
 0.1 kb	 0.0% Assets/Scripts/Simulation/Living/NeedConsumptionSystem.cs
 0.1 kb	 0.0% Assets/Scripts/Simulation/Living/Actions/StrikeQuarryAdvancer.cs
 0.1 kb	 0.0% Assets/Scripts/Simulation/Living/Actions/PlantSeedAdvancer.cs
 0.1 kb	 0.0% Assets/Scripts/Simulation/Living/Actions/PerformWorkAdvancer.cs
 0.1 kb	 0.0% Assets/Scripts/Simulation/Living/Actions/MoveToPlotAdvancer.cs
 0.1 kb	 0.0% Assets/Scripts/Simulation/Living/Actions/MoveToFoodAdvancer.cs
 0.1 kb	 0.0% Assets/Scripts/Simulation/Living/Actions/MoveToBedAdvancer.cs
 0.1 kb	 0.0% Assets/Scripts/Simulation/Living/Actions/HarvestCropAdvancer.cs
 0.1 kb	 0.0% Assets/Scripts/Simulation/Living/Actions/ConsumeFoodAdvancer.cs
 0.1 kb	 0.0% Assets/Scripts/Simulation/Living/Actions/ActionLogDebugSink.cs
 0.1 kb	 0.0% Assets/Scripts/Simulation/Forge/OnnxPngSpriteImageCodec.cs
 0.1 kb	 0.0% Assets/Scripts/Simulation/Forge/OnnxImageMatteService.cs
 0.1 kb	 0.0% Assets/Scripts/Simulation/Forge/NullImageMatteService.cs
 0.1 kb	 0.0% Assets/Scripts/Simulation/Combat/RealtimeDamageService.cs
 0.1 kb	 0.0% Assets/Scripts/Simulation/Combat/RealtimeCombatTickResult.cs
 0.1 kb	 0.0% Assets/Scripts/Simulation/AiDm/PartyAgentToolSurface.cs
 0.1 kb	 0.0% Assets/Scripts/Simulation/AiDm/NpcVoiceSignatureService.cs
 0.1 kb	 0.0% Assets/Scripts/Simulation/AiDm/NpcVariantTintService.cs
 0.1 kb	 0.0% Assets/Scripts/Simulation/AiDm/DmAgentEscalationService.cs
 0.1 kb	 0.0% Assets/Scripts/Presentation/Visual/WorldEventNarrator.cs
 0.1 kb	 0.0% Assets/Scripts/Presentation/Visual/WorldEventInterest.cs
 0.1 kb	 0.0% Assets/Scripts/Presentation/Visual/SeasonClockSnapshot.cs
 0.1 kb	 0.0% Assets/Scripts/Presentation/Visual/MemoryFactSnapshot.cs
 0.1 kb	 0.0% Assets/Scripts/Presentation/Visual/ColonyNeedsSnapshot.cs
 0.1 kb	 0.0% Assets/Scripts/Presentation/Ember/UI/UiAnimationHelper.cs
 0.1 kb	 0.0% Assets/Scripts/Presentation/Ember/UI/Options/SettingsSection.cs
 0.1 kb	 0.0% Assets/Scripts/Presentation/Ember/UI/Options/OptionsScreen.cs
 0.1 kb	 0.0% Assets/Scripts/Presentation/Ember/UI/Options/KeybindsSection.cs
 0.1 kb	 0.0% Assets/Scripts/Presentation/Ember/UI/Options/IOptionsSection.cs
 0.1 kb	 0.0% Assets/Scripts/Presentation/Ember/UI/InGame/Screens/WorldMapView.cs
 0.1 kb	 0.0% Assets/Scripts/Presentation/Ember/UI/InGame/Screens/TradeView.cs
 0.1 kb	 0.0% Assets/Scripts/Presentation/Ember/UI/InGame/Screens/SaveLoadView.cs
 0.1 kb	 0.0% Assets/Scripts/Presentation/Ember/UI/InGame/Screens/PauseView.cs
 0.1 kb	 0.0% Assets/Scripts/Presentation/Ember/UI/InGame/Screens/LevelUpView.cs
 0.1 kb	 0.0% Assets/Scripts/Presentation/Ember/UI/InGame/Screens/JournalView.cs
 0.1 kb	 0.0% Assets/Scripts/Presentation/Ember/UI/InGame/Screens/IgTradeData.cs
 0.1 kb	 0.0% Assets/Scripts/Presentation/Ember/UI/InGame/Screens/IgMockData.cs
 0.1 kb	 0.0% Assets/Scripts/Presentation/Ember/UI/InGame/Screens/DialogView.cs
 0.1 kb	 0.0% Assets/Scripts/Presentation/Ember/UI/InGame/Screens/DeathView.cs
 0.1 kb	 0.0% Assets/Scripts/Presentation/Ember/UI/InGame/Screens/CraftingView.cs
 0.1 kb	 0.0% Assets/Scripts/Presentation/Ember/UI/InGame/Screens/CombatView.cs
 0.1 kb	 0.0% Assets/Scripts/Presentation/Ember/UI/InGame/Screens/ColonyView.cs
 0.1 kb	 0.0% Assets/Scripts/Presentation/Ember/UI/EmberWorldGenIntent.cs
 0.1 kb	 0.0% Assets/Scripts/Presentation/Ember/UI/EmberHudFormatter.cs
 0.1 kb	 0.0% Assets/Scripts/Presentation/Ember/UI/DialogPortraitKey.cs
 0.1 kb	 0.0% Assets/Scripts/Presentation/Ember/UI/DialogCursorPolicy.cs
 0.1 kb	 0.0% Assets/Scripts/Presentation/Ember/UI/CombatScreenSource.cs
 0.1 kb	 0.0% Assets/Scripts/Presentation/Ember/UI/CharacterCreationUI.cs
 0.1 kb	 0.0% Assets/Scripts/Presentation/Ember/Interaction/EmberScenePortal.cs
 0.1 kb	 0.0% Assets/Scripts/Presentation/Ember/Bootstrap/EmberWorldHost.cs
 0.1 kb	 0.0% Assets/Scripts/Presentation/Ember/Adapters/IDialogSource.cs
 0.1 kb	 0.0% Assets/Scripts/Presentation/Ember/Adapters/ActionVerbTable.cs
 0.1 kb	 0.0% Assets/Scripts/Presentation/Combat/CombatInputAdapter.cs
 0.1 kb	 0.0% Assets/Scripts/Presentation/Combat/CombatAnimatorDriver.cs
 0.1 kb	 0.0% Assets/Scripts/Infrastructure/AiDm/LlmHttpClientCore.cs
 0.1 kb	 0.0% Assets/Scripts/Domain/Quest/WorldEventOccurredCondition.cs
 0.1 kb	 0.0% Assets/Scripts/Domain/Quest/InventoryHasItemTagCondition.cs
 0.1 kb	 0.0% Assets/Scripts/Domain/CharacterCreation/CharacterCreationPrimitives.cs
 0.1 kb	 0.0% Assets/Scripts/Data/GeneratedAssetLibrary/GeneratedMeshValidator.cs
 0.1 kb	 0.0% Assets/Scripts/Data/GeneratedAssetLibrary/GeneratedAssetResolver.cs
 0.1 kb	 0.0% Assets/Scripts/Data/GeneratedAssetLibrary/GeneratedAssetManifest.cs
 0.1 kb	 0.0% Assets/Scripts/Data/GeneratedAssetLibrary/GeneratedAssetIdUtility.cs
 0.1 kb	 0.0% Assets/Scripts/Data/GeneratedAssetLibrary/GeneratedAssetDatabase.cs
 0.1 kb	 0.0% Packages/com.unity.ugui/Runtime/TMP/TMP_DynamicFontAssetUtilities.cs
 0.1 kb	 0.0% Packages/com.unity.splines/Runtime/SplineDataHandleAttribute.cs
 0.1 kb	 0.0% Packages/com.unity.render-pipelines.universal/Runtime/NoAllocUtils.cs
 0.1 kb	 0.0% Packages/com.unity.render-pipelines.universal/Runtime/2D/Light2D.cs
 0.1 kb	 0.0% Packages/com.unity.render-pipelines.universal/Runtime/2D/Clipper.cs
 0.1 kb	 0.0% Packages/com.unity.render-pipelines.core/Runtime/XR/XRSRPSettings.cs
 0.1 kb	 0.0% Packages/com.unity.render-pipelines.core/Runtime/Volume/VolumeProfile.cs
 0.1 kb	 0.0% Packages/com.unity.render-pipelines.core/Runtime/Volume/VolumeParameter.cs
 0.1 kb	 0.0% Packages/com.unity.render-pipelines.core/Runtime/Volume/VolumeManager.cs
 0.1 kb	 0.0% Packages/com.unity.render-pipelines.core/Runtime/Volume/VolumeDebugData.cs
 0.1 kb	 0.0% Packages/com.unity.render-pipelines.core/Runtime/Volume/VolumeComponent.cs
 0.1 kb	 0.0% Packages/com.unity.render-pipelines.core/Runtime/Volume/VolumeCollection.cs
 0.1 kb	 0.0% Packages/com.unity.render-pipelines.core/Runtime/Volume/KeyframeUtility.cs
 0.1 kb	 0.0% Packages/com.unity.render-pipelines.core/Runtime/Utilities/TileLayoutUtils.cs
 0.1 kb	 0.0% Packages/com.unity.render-pipelines.core/Runtime/Utilities/TextureGradient.cs
 0.1 kb	 0.0% Packages/com.unity.render-pipelines.core/Runtime/Utilities/ResourceReloader.cs
 0.1 kb	 0.0% Packages/com.unity.render-pipelines.core/Runtime/Utilities/LightUnitUtils.cs
 0.1 kb	 0.0% Packages/com.unity.render-pipelines.core/Runtime/Utilities/HaltonSequence.cs
 0.1 kb	 0.0% Packages/com.unity.render-pipelines.core/Runtime/Utilities/HDROutputUtils.cs
 0.1 kb	 0.0% Packages/com.unity.render-pipelines.core/Runtime/Utilities/GPUPrefixSum/GPUPrefixSum.Data.cs
 0.1 kb	 0.0% Packages/com.unity.render-pipelines.core/Runtime/Utilities/DelegateUtility.cs
 0.1 kb	 0.0% Packages/com.unity.render-pipelines.core/Runtime/Utilities/CoreMatrixUtils.cs
 0.1 kb	 0.0% Packages/com.unity.render-pipelines.core/Runtime/Utilities/ColorSpaceUtils.cs
 0.1 kb	 0.0% Packages/com.unity.render-pipelines.core/Runtime/Utilities/ArrayExtensions.cs
 0.1 kb	 0.0% Packages/com.unity.render-pipelines.core/Runtime/Textures/Texture2DAtlas.cs
 0.1 kb	 0.0% Packages/com.unity.render-pipelines.core/Runtime/Textures/RTHandleSystem.cs
 0.1 kb	 0.0% Packages/com.unity.render-pipelines.core/Runtime/Sampling/SobolData.cs
 0.1 kb	 0.0% Packages/com.unity.render-pipelines.core/Runtime/RenderPipeline/IVolumetricCloud.cs
 0.1 kb	 0.0% Packages/com.unity.render-pipelines.core/Runtime/RenderPipeline/ICloudBackground.cs
 0.1 kb	 0.0% Packages/com.unity.render-pipelines.core/Runtime/RenderGraph/RenderGraphCompilationCache.cs
 0.1 kb	 0.0% Packages/com.unity.render-pipelines.core/Runtime/PostProcessing/LensFlareDataSRP.cs
 0.1 kb	 0.0% Packages/com.unity.render-pipelines.core/Runtime/Lighting/ProbeVolume/ProbeVolumeUtil.cs
 0.1 kb	 0.0% Packages/com.unity.render-pipelines.core/Runtime/Lighting/ProbeVolume/ProbeBrickPool.cs
 0.1 kb	 0.0% Packages/com.unity.render-pipelines.core/Runtime/Lighting/ProbeVolume/ProbeBrickIndex.cs
 0.1 kb	 0.0% Packages/com.unity.render-pipelines.core/Runtime/GPUDriven/InstanceData/InstanceType.cs
 0.1 kb	 0.0% Packages/com.unity.render-pipelines.core/Runtime/GPUDriven/InstanceData/InstanceData.cs
 0.1 kb	 0.0% Packages/com.unity.render-pipelines.core/Runtime/Debugging/ProfilingScope.cs
 0.1 kb	 0.0% Packages/com.unity.render-pipelines.core/Runtime/Debugging/FrameTiming/FrameTimeSample.cs
 0.1 kb	 0.0% Packages/com.unity.render-pipelines.core/Runtime/Debugging/DebugManager.UIState.cs
 0.1 kb	 0.0% Packages/com.unity.render-pipelines.core/Runtime/Debugging/DebugManager.Actions.cs
 0.1 kb	 0.0% Packages/com.unity.render-pipelines.core/Runtime/Debugging/DebugFrameTiming.cs
 0.1 kb	 0.0% Packages/com.unity.render-pipelines.core/Runtime/Common/SerializableEnum.cs
 0.1 kb	 0.0% Packages/com.unity.render-pipelines.core/Runtime/Common/ReloadAttribute.cs
 0.1 kb	 0.0% Packages/com.unity.render-pipelines.core/Runtime/Common/IAdditionalData.cs
 0.1 kb	 0.0% Packages/com.unity.render-pipelines.core/Runtime/Common/DynamicString.cs
 0.1 kb	 0.0% Packages/com.unity.render-pipelines.core/Runtime/Common/CoreUnsafeUtils.cs
 0.1 kb	 0.0% Packages/com.unity.render-pipelines.core/Runtime/Common/ContextContainer.cs
 0.1 kb	 0.0% Packages/com.unity.render-pipelines.core/Runtime/Common/ConstantBuffer.cs
 0.1 kb	 0.0% Packages/com.unity.render-pipelines.core/Runtime/Camera/CameraSwitcher.cs
 0.1 kb	 0.0% Packages/com.unity.inputsystem/InputSystem/Utilities/Comparers.cs
 0.1 kb	 0.0% Packages/com.unity.inputsystem/InputSystem/State/InputStateHistory.cs
 0.1 kb	 0.0% Packages/com.unity.inputsystem/InputSystem/State/InputStateBuffers.cs
 0.1 kb	 0.0% Packages/com.unity.inputsystem/InputSystem/State/IInputStateTypeInfo.cs
 0.1 kb	 0.0% Packages/com.unity.inputsystem/InputSystem/Plugins/iOS/InputSettingsiOSProvider.cs
 0.1 kb	 0.0% Packages/com.unity.inputsystem/InputSystem/Plugins/Users/InputUserSettings.cs
 0.1 kb	 0.0% Packages/com.unity.inputsystem/InputSystem/Plugins/PlayerInput/PlayerInputEditor.cs
 0.1 kb	 0.0% Packages/com.unity.inputsystem/InputSystem/Plugins/EnhancedTouch/TouchSimulation.cs
 0.1 kb	 0.0% Packages/com.unity.inputsystem/InputSystem/NativeInputRuntime.cs
 0.1 kb	 0.0% Packages/com.unity.inputsystem/InputSystem/Events/InputEventListener.cs
 0.1 kb	 0.0% Packages/com.unity.inputsystem/InputSystem/Events/IMECompositionEvent.cs
 0.1 kb	 0.0% Packages/com.unity.inputsystem/InputSystem/Events/IInputEventTypeInfo.cs
 0.1 kb	 0.0% Packages/com.unity.inputsystem/InputSystem/Events/DeviceRemoveEvent.cs
 0.1 kb	 0.0% Packages/com.unity.inputsystem/InputSystem/Editor/UITKAssetEditor/Views/MatchingControlPaths.cs
 0.1 kb	 0.0% Packages/com.unity.inputsystem/InputSystem/Editor/UITKAssetEditor/Views/IViewStateCollection.cs
 0.1 kb	 0.0% Packages/com.unity.inputsystem/InputSystem/Editor/UITKAssetEditor/Views/ControlSchemesView.cs
 0.1 kb	 0.0% Packages/com.unity.inputsystem/InputSystem/Editor/UITKAssetEditor/Views/ActionPropertiesView.cs
 0.1 kb	 0.0% Packages/com.unity.inputsystem/InputSystem/Editor/UITKAssetEditor/EnumerableExtensions.cs
 0.1 kb	 0.0% Packages/com.unity.inputsystem/InputSystem/Editor/PropertyDrawers/InputActionMapDrawer.cs
 0.1 kb	 0.0% Packages/com.unity.inputsystem/InputSystem/Editor/PropertyDrawers/InputActionDrawer.cs
 0.1 kb	 0.0% Packages/com.unity.inputsystem/InputSystem/Editor/Internal/InputEventTreeView.cs
 0.1 kb	 0.0% Packages/com.unity.inputsystem/InputSystem/Editor/Internal/InputControlTreeView.cs
 0.1 kb	 0.0% Packages/com.unity.inputsystem/InputSystem/Editor/Internal/BuildProviderHelpers.cs
 0.1 kb	 0.0% Packages/com.unity.inputsystem/InputSystem/Editor/Internal/AdvancedDropdown/MultiLevelDataSource.cs
 0.1 kb	 0.0% Packages/com.unity.inputsystem/InputSystem/Editor/Internal/AdvancedDropdown/CallbackDataSource.cs
 0.1 kb	 0.0% Packages/com.unity.inputsystem/InputSystem/Editor/Internal/AdvancedDropdown/AdvancedDropdownItem.cs
 0.1 kb	 0.0% Packages/com.unity.inputsystem/InputSystem/Editor/Internal/AdvancedDropdown/AdvancedDropdownGUI.cs
 0.1 kb	 0.0% Packages/com.unity.inputsystem/InputSystem/Editor/InputParameterEditor.cs
 0.1 kb	 0.0% Packages/com.unity.inputsystem/InputSystem/Editor/DeviceSimulator/InputSystemPlugin.cs
 0.1 kb	 0.0% Packages/com.unity.inputsystem/InputSystem/Editor/Debugger/InputDebuggerWindow.cs
 0.1 kb	 0.0% Packages/com.unity.inputsystem/InputSystem/Editor/ControlPicker/InputControlPicker.cs
 0.1 kb	 0.0% Packages/com.unity.inputsystem/InputSystem/Editor/BuildPipeline/LinkFileGenerator.cs
 0.1 kb	 0.0% Packages/com.unity.inputsystem/InputSystem/Editor/AssetImporter/InputActionImporter.cs
 0.1 kb	 0.0% Packages/com.unity.inputsystem/InputSystem/Editor/AssetEditor/PropertiesViewBase.cs
 0.1 kb	 0.0% Packages/com.unity.inputsystem/InputSystem/Editor/AssetEditor/InputActionTreeView.cs
 0.1 kb	 0.0% Packages/com.unity.inputsystem/InputSystem/Editor/Analytics/InputEditorAnalytics.cs
 0.1 kb	 0.0% Packages/com.unity.inputsystem/InputSystem/Editor/Analytics/InputBuildAnalytic.cs
 0.1 kb	 0.0% Packages/com.unity.inputsystem/InputSystem/Devices/InputDeviceMatcher.cs
 0.1 kb	 0.0% Packages/com.unity.inputsystem/InputSystem/Devices/InputDeviceBuilder.cs
 0.1 kb	 0.0% Packages/com.unity.inputsystem/InputSystem/Devices/ITextInputReceiver.cs
 0.1 kb	 0.0% Packages/com.unity.inputsystem/InputSystem/Devices/IEventPreProcessor.cs
 0.1 kb	 0.0% Packages/com.unity.inputsystem/InputSystem/Devices/ICustomDeviceReset.cs
 0.1 kb	 0.0% Packages/com.unity.inputsystem/InputSystem/Devices/Commands/RequestSyncCommand.cs
 0.1 kb	 0.0% Packages/com.unity.inputsystem/InputSystem/Devices/Commands/RequestResetCommand.cs
 0.1 kb	 0.0% Packages/com.unity.inputsystem/InputSystem/Devices/Commands/QueryUserIdCommand.cs
 0.1 kb	 0.0% Packages/com.unity.inputsystem/InputSystem/Devices/Commands/QueryKeyNameCommand.cs
 0.1 kb	 0.0% Packages/com.unity.inputsystem/InputSystem/Devices/Commands/InputDeviceCommand.cs
 0.1 kb	 0.0% Packages/com.unity.inputsystem/InputSystem/Devices/Commands/EnableDeviceCommand.cs
 0.1 kb	 0.0% Packages/com.unity.inputsystem/InputSystem/Devices/Commands/DisableDeviceCommand.cs
 0.1 kb	 0.0% Packages/com.unity.inputsystem/InputSystem/Controls/TouchPressControl.cs
 0.1 kb	 0.0% Packages/com.unity.inputsystem/InputSystem/Controls/TouchPhaseControl.cs
 0.1 kb	 0.0% Packages/com.unity.inputsystem/InputSystem/Controls/QuaternionControl.cs
 0.1 kb	 0.0% Packages/com.unity.inputsystem/InputSystem/Controls/InputControlLayout.cs
 0.1 kb	 0.0% Packages/com.unity.inputsystem/InputSystem/Controls/InputControlExtensions.cs
 0.1 kb	 0.0% Packages/com.unity.inputsystem/InputSystem/Actions/InputInteractionContext.cs
 0.1 kb	 0.0% Packages/com.unity.inputsystem/InputSystem/Actions/InputBindingComposite.cs
 0.1 kb	 0.0% Packages/com.unity.inputsystem/InputSystem/Actions/IInputActionCollection.cs
 0.1 kb	 0.0% Packages/com.unity.collections/Unity.Collections/NativeNotBurstCompatible.cs
 0.1 kb	 0.0% Packages/com.unity.ai.assistant/Runtime/Utils/ProjectVersionUtils.cs
 0.1 kb	 0.0% Packages/com.unity.ai.assistant/Runtime/Utils/AssistantModeUtils.cs
 0.1 kb	 0.0% Packages/com.unity.ai.assistant/Runtime/Utils/AssistantJsonHelper.cs
 0.1 kb	 0.0% Packages/com.unity.ai.assistant/Runtime/Utils/AssemblyUtils.cs
 0.1 kb	 0.0% Packages/com.unity.ai.assistant/Runtime/Socket/Workflows/Chat/CloseReason.cs
 0.1 kb	 0.0% Packages/com.unity.ai.assistant/Runtime/Socket/Workflows/Chat/ChatWorkflow.cs
 0.1 kb	 0.0% Packages/com.unity.ai.assistant/Runtime/Socket/Protocol/REST/Api/AiAssistantApi.cs
 0.1 kb	 0.0% Packages/com.unity.ai.assistant/Runtime/Socket/ErrorHandling/ErrorInfo.cs
 0.1 kb	 0.0% Packages/com.unity.ai.assistant/Runtime/Socket/Communication/SendResult.cs
 0.1 kb	 0.0% Packages/com.unity.ai.assistant/Runtime/Data/ImageContextMetaData.cs
 0.1 kb	 0.0% Packages/com.unity.ai.assistant/Runtime/Data/ICredentialsContext.cs
 0.1 kb	 0.0% Packages/com.unity.ai.assistant/Runtime/Data/AssistantMessageId.cs
 0.1 kb	 0.0% Packages/com.unity.ai.assistant/Runtime/Data/AssistantContextList.cs
 0.1 kb	 0.0% Packages/com.unity.ai.assistant/Modules/Unity.AI.MCP.Runtime/Serialization/UnityTypeConverters.cs
 0.1 kb	 0.0% Assets/TextMesh Pro/Examples & Extras/Resources/Color Gradient Presets/Yellow to Orange - Vertical.asset
 0.1 kb	 0.0% Assets/TextMesh Pro/Examples & Extras/Resources/Color Gradient Presets/Blue to Purple - Vertical.asset
 0.1 kb	 0.0% Assets/Scripts/Simulation/Worldgen/WorldgenService.Phases.cs
 0.1 kb	 0.0% Assets/Scripts/Simulation/Worldgen/WorldgenService.History.cs
 0.1 kb	 0.0% Assets/Scripts/Simulation/Worldgen/WorldgenParameters.cs
 0.1 kb	 0.0% Assets/Scripts/Simulation/Worldgen/SyllableNameForge.cs
 0.1 kb	 0.0% Assets/Scripts/Simulation/Worldgen/Planet/PlanetGenerationPipeline.cs
 0.1 kb	 0.0% Assets/Scripts/Simulation/Process/JobAssignmentSystem.Tick.cs
 0.1 kb	 0.0% Assets/Scripts/Simulation/Overland/OverlandWorldgen.Regions.cs
 0.1 kb	 0.0% Assets/Scripts/Simulation/Movement/CombatMovementInput.cs
 0.1 kb	 0.0% Assets/Scripts/Simulation/Movement/CombatMotorSettings.cs
 0.1 kb	 0.0% Assets/Scripts/Simulation/Movement/CombatKinematicMotor.cs
 0.1 kb	 0.0% Assets/Scripts/Simulation/Inventory/MerchantTradeService.cs
 0.1 kb	 0.0% Assets/Scripts/Simulation/Inventory/EquipmentCombatStats.cs
 0.1 kb	 0.0% Assets/Scripts/Simulation/Generation/StaticPromptCatalog.cs
 0.1 kb	 0.0% Assets/Scripts/Simulation/Generation/LlmPromptComposer.cs
 0.1 kb	 0.0% Assets/Scripts/Simulation/Generation/GenerationFailureLog.cs
 0.1 kb	 0.0% Assets/Scripts/Simulation/Generation/CoreAssetManifest.cs
 0.1 kb	 0.0% Assets/Scripts/Simulation/Generation/AssetManifestScanner.cs
 0.1 kb	 0.0% Assets/Scripts/Simulation/Composition/WorldTickRegistry.cs
 0.1 kb	 0.0% Assets/Scripts/Simulation/Composition/WorldTickComposer.cs
 0.1 kb	 0.0% Assets/Scripts/Simulation/Composition/DefaultTickSystems.cs
 0.1 kb	 0.0% Assets/Scripts/Simulation/CharacterCreation/AttributeRoller.cs
 0.1 kb	 0.0% Assets/Scripts/Simulation/Bestiary/WorldBestiaryCatalog.cs
 0.1 kb	 0.0% Assets/Scripts/Presentation/Ember/Views/NpcPoseIconView.cs
 0.1 kb	 0.0% Assets/Scripts/Presentation/Ember/Views/NpcEventEchoView.cs
 0.1 kb	 0.0% Assets/Scripts/Presentation/Ember/UI/SaveLoadSource.cs
 0.1 kb	 0.0% Assets/Scripts/Presentation/Ember/UI/QuestGuidanceSource.cs
 0.1 kb	 0.0% Assets/Scripts/Presentation/Ember/UI/CraftingSource.cs
 0.1 kb	 0.0% Assets/Scripts/Presentation/Ember/Tick/EmberTickDriver.cs
 0.1 kb	 0.0% Assets/Scripts/Presentation/Ember/Save/EmberSaveService.cs
 0.1 kb	 0.0% Assets/Scripts/Presentation/Ember/Loading/LoadingScreen.cs
 0.1 kb	 0.0% Assets/Scripts/Presentation/Ember/Forge/ModelBootstrap.cs
 0.1 kb	 0.0% Assets/Scripts/Presentation/Ember/Forge/ForgeBootstrap.cs
 0.1 kb	 0.0% Assets/Scripts/Presentation/Ember/Boot/BootBootstrap.cs
 0.1 kb	 0.0% Assets/Scripts/Presentation/Ember/Audio/SpeechDirector.cs
 0.1 kb	 0.0% Assets/Scripts/Presentation/Ember/Audio/PiperSpeechSynth.cs
 0.1 kb	 0.0% Assets/Scripts/Domain/Inventory/InventoryRecipeAdapter.cs
 0.1 kb	 0.0% Assets/Scripts/Domain/Generation/NpcPromptJsonValidator.cs
 0.1 kb	 0.0% Assets/Scripts/Domain/Generation/GenericNpcBaseManifest.cs
 0.1 kb	 0.0% Assets/Scripts/Data/Content/InteractionConsequenceLootDtos.cs
 0.1 kb	 0.0% Assets/Scripts/Data/Content/CampaignRuntimeUiDtos.cs
 0.1 kb	 0.0% Packages/com.unity.ugui/Runtime/UGUI/EventSystem/UIElements/WorldDocumentRaycaster.cs
 0.1 kb	 0.0% Packages/com.unity.ugui/Runtime/UGUI/EventSystem/InputModules/StandaloneInputModule.cs
 0.1 kb	 0.0% Packages/com.unity.render-pipelines.universal/Runtime/StpUtils.cs
 0.1 kb	 0.0% Packages/com.unity.render-pipelines.universal/Runtime/RendererFeatures/OnTilePostProcessPass.cs
 0.1 kb	 0.0% Packages/com.unity.render-pipelines.universal/Runtime/RendererFeatures/OnTilePostProcessFeature.cs
 0.1 kb	 0.0% Packages/com.unity.render-pipelines.universal/Runtime/Overrides/Vignette.cs
 0.1 kb	 0.0% Packages/com.unity.render-pipelines.universal/Runtime/Overrides/Bloom.cs
 0.1 kb	 0.0% Packages/com.unity.render-pipelines.core/Runtime/XR/XRView.cs
 0.1 kb	 0.0% Packages/com.unity.render-pipelines.core/Runtime/XR/XRSystem.cs
 0.1 kb	 0.0% Packages/com.unity.render-pipelines.core/Runtime/XR/XRPass.cs
 0.1 kb	 0.0% Packages/com.unity.render-pipelines.core/Runtime/XR/XRLayout.cs
 0.1 kb	 0.0% Packages/com.unity.render-pipelines.core/Runtime/UnifiedRayTracing/StringIDs.cs
 0.1 kb	 0.0% Packages/com.unity.render-pipelines.core/Runtime/UnifiedRayTracing/Compute/RadeonRays/RadixSort.cs
 0.1 kb	 0.0% Packages/com.unity.render-pipelines.core/Runtime/UnifiedRayTracing/Compute/RadeonRays/HlbvhBuilder.cs
 0.1 kb	 0.0% Packages/com.unity.render-pipelines.core/Runtime/UnifiedRayTracing/Common/Utilities/Utils.cs
 0.1 kb	 0.0% Packages/com.unity.render-pipelines.core/Runtime/GPUDriven/BatchLayers.cs
 0.1 kb	 0.0% Packages/com.unity.render-pipelines.core/Runtime/Debugging/DebugUI.Containers.cs
 0.1 kb	 0.0% Packages/com.unity.inputsystem/InputSystem/Utilities/StringHelpers.cs
 0.1 kb	 0.0% Packages/com.unity.inputsystem/InputSystem/Utilities/SpriteUtilities.cs
 0.1 kb	 0.0% Packages/com.unity.inputsystem/InputSystem/Utilities/PrimitiveValue.cs
 0.1 kb	 0.0% Packages/com.unity.inputsystem/InputSystem/Utilities/PredictiveParser.cs
 0.1 kb	 0.0% Packages/com.unity.inputsystem/InputSystem/Utilities/NumberHelpers.cs
 0.1 kb	 0.0% Packages/com.unity.inputsystem/InputSystem/Utilities/MemoryHelpers.cs
 0.1 kb	 0.0% Packages/com.unity.inputsystem/InputSystem/Utilities/InternedString.cs
 0.1 kb	 0.0% Packages/com.unity.inputsystem/InputSystem/Utilities/ExceptionHelpers.cs
 0.1 kb	 0.0% Packages/com.unity.inputsystem/InputSystem/Utilities/DelegateHelpers.cs
 0.1 kb	 0.0% Packages/com.unity.inputsystem/InputSystem/Plugins/iOS/iOSStepCounter.cs
 0.1 kb	 0.0% Packages/com.unity.inputsystem/InputSystem/Plugins/XR/TrackedPoseDriver.cs
 0.1 kb	 0.0% Packages/com.unity.inputsystem/InputSystem/Plugins/XR/Haptics/BufferedRumble.cs
 0.1 kb	 0.0% Packages/com.unity.inputsystem/InputSystem/Plugins/UI/VirtualMouseInput.cs
 0.1 kb	 0.0% Packages/com.unity.inputsystem/InputSystem/Plugins/UI/INavigationEventData.cs
 0.1 kb	 0.0% Packages/com.unity.inputsystem/InputSystem/Plugins/UI/BaseInputOverride.cs
 0.1 kb	 0.0% Packages/com.unity.inputsystem/InputSystem/Plugins/DualShock/DualShockSupport.cs
 0.1 kb	 0.0% Packages/com.unity.inputsystem/InputSystem/Plugins/DualShock/DualShockGamepad.cs
 0.1 kb	 0.0% Packages/com.unity.inputsystem/InputSystem/Controls/Processors/ScaleProcessor.cs
 0.1 kb	 0.0% Packages/com.unity.inputsystem/InputSystem/Controls/Processors/InvertProcessor.cs
 0.1 kb	 0.0% Packages/com.unity.inputsystem/InputSystem/Controls/Processors/ClampProcessor.cs
 0.1 kb	 0.0% Packages/com.unity.inputsystem/InputSystem/Actions/Interactions/TapInteraction.cs
 0.1 kb	 0.0% Packages/com.unity.inputsystem/InputSystem/Actions/Interactions/PressInteraction.cs
 0.1 kb	 0.0% Packages/com.unity.inputsystem/InputSystem/Actions/Interactions/HoldInteraction.cs
 0.1 kb	 0.0% Packages/com.unity.inputsystem/InputSystem/Actions/InputActionTrace.cs
 0.1 kb	 0.0% Packages/com.unity.inputsystem/InputSystem/Actions/Composites/Vector3Composite.cs
 0.1 kb	 0.0% Packages/com.unity.inputsystem/InputSystem/Actions/Composites/Vector2Composite.cs
 0.1 kb	 0.0% Packages/com.unity.inputsystem/InputSystem/Actions/Composites/AxisComposite.cs
 0.1 kb	 0.0% Packages/com.unity.collections/Unity.Collections/UnsafeBitArray.cs
 0.1 kb	 0.0% Packages/com.unity.collections/Unity.Collections/UTF8ArrayUnsafeUtility.cs
 0.1 kb	 0.0% Packages/com.unity.collections/Unity.Collections/StreamCompressionModel.cs
 0.1 kb	 0.0% Packages/com.unity.collections/Unity.Collections/NativeArrayExtensions.cs
 0.1 kb	 0.0% Packages/com.unity.collections/Unity.Collections/FixedStringInternalMethods.cs
 0.1 kb	 0.0% Packages/com.unity.collections/Unity.Collections/FixedStringFormatMethods.gen.cs
 0.1 kb	 0.0% Packages/com.unity.cloud.gltfast/Runtime/Scripts/Newtonsoft/Schema/TextureExtensions.cs
 0.1 kb	 0.0% Packages/com.unity.cloud.gltfast/Runtime/Scripts/Newtonsoft/Schema/PbrMetallicRoughness.cs
 0.1 kb	 0.0% Packages/com.unity.cloud.gltfast/Runtime/Scripts/Newtonsoft/Schema/OcclusionTextureInfo.cs
 0.1 kb	 0.0% Packages/com.unity.cloud.gltfast/Runtime/Scripts/Newtonsoft/Schema/NormalTextureInfo.cs
 0.1 kb	 0.0% Packages/com.unity.cloud.gltfast/Runtime/Scripts/Newtonsoft/Schema/MaterialExtensions.cs
 0.1 kb	 0.0% Packages/com.unity.cloud.gltfast/Runtime/Scripts/Newtonsoft/Schema/CameraPerspective.cs
 0.1 kb	 0.0% Packages/com.unity.cloud.gltfast/Runtime/Scripts/Newtonsoft/Schema/CameraOrthographic.cs
 0.1 kb	 0.0% Packages/com.unity.cloud.gltfast/Runtime/Scripts/Newtonsoft/Schema/BufferViewExtensions.cs
 0.1 kb	 0.0% Packages/com.unity.cloud.gltfast/Runtime/Scripts/Newtonsoft/Schema/AccessorSparseValues.cs
 0.1 kb	 0.0% Packages/com.unity.cloud.gltfast/Runtime/Scripts/MaterialsVariants/MultiMaterialsVariantsSlotInstances.cs
 0.1 kb	 0.0% Packages/com.unity.cloud.gltfast/Runtime/Scripts/Export/MetaMaterialExportBuiltIn.cs
 0.1 kb	 0.0% Packages/com.unity.cloud.gltfast/Runtime/Scripts/Export/GltfUnlitMaterialExporter.cs
 0.1 kb	 0.0% Packages/com.unity.cloud.gltfast/DocExamples/SimpleExport.cs
 0.1 kb	 0.0% Packages/com.unity.cloud.gltfast/DocExamples/ExtraData.cs
 0.1 kb	 0.0% Packages/com.unity.cinemachine/Runtime/Impulse/CinemachineImpulseSource.cs
 0.1 kb	 0.0% Packages/com.unity.cinemachine/Runtime/Impulse/CinemachineFixedSignal.cs
 0.1 kb	 0.0% Packages/com.unity.cinemachine/Runtime/Helpers/GroupWeightManipulator.cs
 0.1 kb	 0.0% Packages/com.unity.cinemachine/Runtime/Helpers/CinemachineTriggerAction.cs
 0.1 kb	 0.0% Packages/com.unity.cinemachine/Runtime/Helpers/CinemachineCameraEvents.cs
 0.1 kb	 0.0% Packages/com.unity.cinemachine/Runtime/Helpers/CinemachineBrainEvents.cs
 0.1 kb	 0.0% Packages/com.unity.cinemachine/Runtime/Deprecated/DeprecatedAttributes.cs
 0.1 kb	 0.0% Packages/com.unity.cinemachine/Runtime/Deprecated/CinemachineVirtualCamera.cs
 0.1 kb	 0.0% Packages/com.unity.cinemachine/Runtime/Deprecated/CinemachineTransposer.cs
 0.1 kb	 0.0% Packages/com.unity.cinemachine/Runtime/Deprecated/CinemachineTrackedDolly.cs
 0.1 kb	 0.0% Packages/com.unity.cinemachine/Runtime/Deprecated/CinemachineSmoothPath.cs
 0.1 kb	 0.0% Packages/com.unity.cinemachine/Runtime/Deprecated/CinemachineInputProvider.cs
 0.1 kb	 0.0% Packages/com.unity.cinemachine/Runtime/Deprecated/CinemachineGroupComposer.cs
 0.1 kb	 0.0% Packages/com.unity.cinemachine/Runtime/Deprecated/CinemachineDoNotUpgrade.cs
 0.1 kb	 0.0% Packages/com.unity.cinemachine/Runtime/Core/VirtualCameraRegistry.cs
 0.1 kb	 0.0% Packages/com.unity.cinemachine/Runtime/Core/UnityVectorExtensions.cs
 0.1 kb	 0.0% Packages/com.unity.cinemachine/Runtime/Core/ScreenComposerSettings.cs
 0.1 kb	 0.0% Packages/com.unity.cinemachine/Runtime/Core/IShotQualityEvaluator.cs
 0.1 kb	 0.0% Packages/com.unity.cinemachine/Runtime/Core/CinemachineComponentBase.cs
 0.1 kb	 0.0% Packages/com.unity.cinemachine/Runtime/Components/CinemachineSplineDolly.cs
 0.1 kb	 0.0% Packages/com.unity.cinemachine/Runtime/Components/CinemachineOrbitalFollow.cs
 0.1 kb	 0.0% Packages/com.unity.cinemachine/Runtime/Components/CinemachineHardLookAt.cs
 0.1 kb	 0.0% Packages/com.unity.cinemachine/Runtime/Behaviours/CinemachineTargetGroup.cs
 0.1 kb	 0.0% Packages/com.unity.cinemachine/Runtime/Behaviours/CinemachineStoryboard.cs
 0.1 kb	 0.0% Packages/com.unity.cinemachine/Runtime/Behaviours/CinemachineSplineRoll.cs
 0.1 kb	 0.0% Packages/com.unity.cinemachine/Runtime/Behaviours/CinemachineSplineCart.cs
 0.1 kb	 0.0% Packages/com.unity.cinemachine/Runtime/Behaviours/CinemachineRecomposer.cs
 0.1 kb	 0.0% Packages/com.unity.cinemachine/Runtime/Behaviours/CinemachinePixelPerfect.cs
 0.1 kb	 0.0% Packages/com.unity.cinemachine/Runtime/Behaviours/CinemachineMixingCamera.cs
 0.1 kb	 0.0% Packages/com.unity.cinemachine/Runtime/Behaviours/CinemachineGroupFraming.cs
 0.1 kb	 0.0% Packages/com.unity.cinemachine/Runtime/Behaviours/CinemachineFollowZoom.cs
 0.1 kb	 0.0% Packages/com.unity.cinemachine/Runtime/Behaviours/CinemachineDeoccluder.cs
 0.1 kb	 0.0% Packages/com.unity.cinemachine/Runtime/Behaviours/CinemachineDecollider.cs
 0.1 kb	 0.0% Packages/com.unity.cinemachine/Runtime/Behaviours/CinemachineConfiner3D.cs
 0.1 kb	 0.0% Packages/com.unity.cinemachine/Runtime/Behaviours/CinemachineConfiner2D.cs
 0.1 kb	 0.0% Packages/com.unity.cinemachine/Runtime/Behaviours/CinemachineCameraOffset.cs
 0.1 kb	 0.0% Packages/com.unity.burst/Runtime/CompilerServices/SkipLocalsInitAttribute.cs
 0.1 kb	 0.0% Packages/com.unity.burst/Runtime/CompilerServices/IgnoreWarningAttribute.cs
 0.1 kb	 0.0% Packages/com.unity.ai.assistant/Runtime/Socket/Protocol/REST/Model/MessageV1.cs
 0.1 kb	 0.0% Packages/com.unity.ai.assistant/Runtime/Socket/Protocol/REST/Model/Guideline.cs
 0.1 kb	 0.0% Packages/com.unity.ai.assistant/Runtime/Socket/Protocol/REST/Model/FeedbackV1.cs
 0.1 kb	 0.0% Packages/com.unity.ai.assistant/Runtime/Socket/Protocol/REST/Client/IApiAccessor.cs
 0.1 kb	 0.0% Packages/com.unity.ai.assistant/Runtime/Socket/Protocol/REST/Client/ClientUtils.cs
 0.1 kb	 0.0% Packages/com.unity.ai.assistant/Runtime/Socket/Protocol/REST/Client/ApiResponse.cs
 0.1 kb	 0.0% Packages/com.unity.ai.assistant/Runtime/Socket/Protocol/REST/Client/ApiException.cs
 0.1 kb	 0.0% Packages/com.unity.ai.assistant/Runtime/Socket/Protocol/REST/Client/ApiClient.cs
 0.1 kb	 0.0% Packages/com.unity.ai.assistant/Runtime/Socket/Protocol/Models/IModel.cs
 0.1 kb	 0.0% Packages/com.unity.ai.assistant/Runtime/Skills/SkillsRegistry.cs
 0.1 kb	 0.0% Packages/com.unity.ai.assistant/Runtime/Skills/SkillFileIssue.cs
 0.1 kb	 0.0% Packages/com.unity.ai.assistant/Runtime/Skills/SkillDefinition.cs
 0.1 kb	 0.0% Packages/com.unity.ai.assistant/Runtime/Skills/ISkillResource.cs
 0.1 kb	 0.0% Packages/com.unity.ai.assistant/Runtime/Markup/LinkHandlerAttribute.cs
 0.1 kb	 0.0% Packages/com.unity.ai.assistant/Runtime/FunctionCalling/ToolRegistry.cs
 0.1 kb	 0.0% Packages/com.unity.ai.assistant/Runtime/FunctionCalling/Permissions/Utils/PathUtils.cs
 0.1 kb	 0.0% Packages/com.unity.ai.assistant/Runtime/Data/VirtualAttachment.cs
 0.1 kb	 0.0% Packages/com.unity.ai.assistant/Runtime/Backend/MessageFeedback.cs
 0.1 kb	 0.0% Packages/com.unity.ai.assistant/Runtime/Backend/IFunctionCaller.cs
 0.1 kb	 0.0% Packages/com.unity.ai.assistant/Runtime/ApplicationModels/Conversation.cs
 0.1 kb	 0.0% Packages/com.unity.ai.assistant/Runtime/ApplicationModels/ContextItem.cs
 0.1 kb	 0.0% Packages/com.unity.ai.assistant/Runtime/Agents/SequentialAgent.cs
 0.1 kb	 0.0% Packages/com.unity.ai.assistant/Runtime/Agents/AgentRegistry.cs
 0.1 kb	 0.0% Assets/Scripts/Simulation/Worldgen/Planet/SettlementStage.cs
 0.1 kb	 0.0% Assets/Scripts/Simulation/Worldgen/Planet/ResourceStage.cs
 0.1 kb	 0.0% Assets/Scripts/Simulation/Worldgen/Planet/PlatePartition.cs
 0.1 kb	 0.0% Assets/Scripts/Simulation/Worldgen/Planet/PlateBoundarySet.cs
 0.1 kb	 0.0% Assets/Scripts/Simulation/Worldgen/Planet/PlateBoundaries.cs
 0.1 kb	 0.0% Assets/Scripts/Simulation/Worldgen/Planet/PlanetTileField.cs
 0.1 kb	 0.0% Assets/Scripts/Simulation/Worldgen/Planet/PlanetSettlement.cs
 0.1 kb	 0.0% Assets/Scripts/Simulation/Worldgen/Planet/PlanetParameters.cs
 0.1 kb	 0.0% Assets/Scripts/Simulation/Worldgen/Planet/PlanetGenerator.cs
 0.1 kb	 0.0% Assets/Scripts/Simulation/Worldgen/Planet/IcosphereTile.cs
 0.1 kb	 0.0% Assets/Scripts/Simulation/Worldgen/Planet/IcosphereGrid.cs
 0.1 kb	 0.0% Assets/Scripts/Simulation/Worldgen/Planet/HydrologyStage.cs
 0.1 kb	 0.0% Assets/Scripts/Simulation/Worldgen/Planet/ElevationNoise.cs
 0.1 kb	 0.0% Assets/Scripts/Simulation/WorldDirector/WorldGeoSampler.cs
 0.1 kb	 0.0% Assets/Scripts/Simulation/WorldDirector/SettlementLayout.cs
 0.1 kb	 0.0% Assets/Scripts/Simulation/World/RuntimeHistorySystem.cs
 0.1 kb	 0.0% Assets/Scripts/Simulation/World/RoomMovementService.cs
 0.1 kb	 0.0% Assets/Scripts/Simulation/World/PriceUpdateSystem.cs
 0.1 kb	 0.0% Assets/Scripts/Simulation/World/PlayerRestService.cs
 0.1 kb	 0.0% Assets/Scripts/Simulation/World/PlayerLevelUpService.cs
 0.1 kb	 0.0% Assets/Scripts/Simulation/Quest/WorldQuestGenerator.cs
 0.1 kb	 0.0% Assets/Scripts/Simulation/Process/WorldSaveRehydration.cs
 0.1 kb	 0.0% Assets/Scripts/Simulation/Process/PlantGrowthSystem.cs
 0.1 kb	 0.0% Assets/Scripts/Simulation/Process/JobAssignmentSystem.cs
 0.1 kb	 0.0% Assets/Scripts/Simulation/Memory/MemoryWriteSystem.cs
 0.1 kb	 0.0% Assets/Scripts/Simulation/Memory/MemoryRecallService.cs
 0.1 kb	 0.0% Assets/Scripts/Simulation/Magic/WorldSpellCatalog.cs
 0.1 kb	 0.0% Assets/Scripts/Simulation/Magic/SpellTargetValidator.cs
 0.1 kb	 0.0% Assets/Scripts/Simulation/Magic/SpellExecutionResult.cs
 0.1 kb	 0.0% Assets/Scripts/Simulation/Magic/SpellCostCalculator.cs
 0.1 kb	 0.0% Assets/Scripts/Simulation/Magic/SpellCooldownService.cs
 0.1 kb	 0.0% Assets/Scripts/Simulation/Magic/SpellCastingService.cs
 0.1 kb	 0.0% Assets/Scripts/Simulation/Magic/SpellCastRollService.cs
 0.1 kb	 0.0% Assets/Scripts/Simulation/Magic/SpellCastRollResult.cs
 0.1 kb	 0.0% Assets/Scripts/Simulation/Magic/ShieldBuffService.cs
 0.1 kb	 0.0% Assets/Scripts/Simulation/Living/NeedRecoverySystem.cs
 0.1 kb	 0.0% Assets/Scripts/Simulation/Living/NeedMoodEvaluator.cs
 0.1 kb	 0.0% Assets/Scripts/Simulation/Living/AmbientLifeSystem.cs
 0.1 kb	 0.0% Assets/Scripts/Simulation/Living/Actions/WorkOperations.cs
 0.1 kb	 0.0% Assets/Scripts/Simulation/Living/Actions/TakeFoodAdvancer.cs
 0.1 kb	 0.0% Assets/Scripts/Simulation/Living/Actions/SleepOperations.cs
 0.1 kb	 0.0% Assets/Scripts/Simulation/Living/Actions/SleepAdvancer.cs
 0.1 kb	 0.0% Assets/Scripts/Simulation/Living/Actions/OnWatchAdvancer.cs
 0.1 kb	 0.0% Assets/Scripts/Simulation/Living/Actions/HaulCropAdvancer.cs
 0.1 kb	 0.0% Assets/Scripts/Simulation/Living/Actions/FoodOperations.cs
 0.1 kb	 0.0% Assets/Scripts/Simulation/Living/Actions/FarmOperations.cs
 0.1 kb	 0.0% Assets/Scripts/Simulation/Living/Actions/CombatOperations.cs
 0.1 kb	 0.0% Assets/Scripts/Simulation/Living/Actions/ActionAdvancer.cs
 0.1 kb	 0.0% Assets/Scripts/Simulation/Forge/SdxlTurboPipeline.cs
 0.1 kb	 0.0% Assets/Scripts/Simulation/Forge/OnnxSessionFactory.cs
 0.1 kb	 0.0% Assets/Scripts/Simulation/Forge/LatentNoiseSampler.cs
 0.1 kb	 0.0% Assets/Scripts/Simulation/Forge/GenerationManager.cs
 0.1 kb	 0.0% Assets/Scripts/Simulation/Combat/RealtimeCombatState.cs
 0.1 kb	 0.0% Assets/Scripts/Simulation/Combat/EncounterTurnService.cs
 0.1 kb	 0.0% Assets/Scripts/Simulation/Combat/CombatMathService.cs
 0.1 kb	 0.0% Assets/Scripts/Simulation/Combat/CombatHitRollService.cs
 0.1 kb	 0.0% Assets/Scripts/Simulation/Combat/CombatDamageService.cs
 0.1 kb	 0.0% Assets/Scripts/Simulation/Combat/CombatActionResolver.cs
 0.1 kb	 0.0% Assets/Scripts/Simulation/Combat/BodyPartHierarchy.cs
 0.1 kb	 0.0% Assets/Scripts/Simulation/AiDm/ToolCallValidator.cs
 0.1 kb	 0.0% Assets/Scripts/Simulation/AiDm/StarterToolSurfaces.cs
 0.1 kb	 0.0% Assets/Scripts/Simulation/AiDm/PlayerVoiceService.cs
 0.1 kb	 0.0% Assets/Scripts/Simulation/AiDm/NpcMemoryLlmEnvelope.cs
 0.1 kb	 0.0% Assets/Scripts/Simulation/AiDm/NpcAgentToolSurface.cs
 0.1 kb	 0.0% Assets/Scripts/Simulation/AiDm/NarrationServices.cs
 0.1 kb	 0.0% Assets/Scripts/Simulation/AiDm/LlmRoutingService.cs
 0.1 kb	 0.0% Assets/Scripts/Simulation/AiDm/LlmProposalValidator.cs
 0.1 kb	 0.0% Assets/Scripts/Simulation/AiDm/DmAgentToolSurface.cs
 0.1 kb	 0.0% Assets/Scripts/Presentation/Visual/JobDebugSnapshot.cs
 0.1 kb	 0.0% Assets/Scripts/Presentation/Ember/UI/VisibleUiSurface.cs
 0.1 kb	 0.0% Assets/Scripts/Presentation/Ember/UI/TradeSource.cs
 0.1 kb	 0.0% Assets/Scripts/Presentation/Ember/UI/OverlandMapPanel.cs
 0.1 kb	 0.0% Assets/Scripts/Presentation/Ember/UI/LevelUpSource.cs
 0.1 kb	 0.0% Assets/Scripts/Presentation/Ember/UI/JournalSource.cs
 0.1 kb	 0.0% Assets/Scripts/Presentation/Ember/UI/JobQueuePanel.cs
 0.1 kb	 0.0% Assets/Scripts/Presentation/Ember/UI/InventoryGrid.cs
 0.1 kb	 0.0% Assets/Scripts/Presentation/Ember/UI/InGame/WorldHudView.cs
 0.1 kb	 0.0% Assets/Scripts/Presentation/Ember/UI/InGame/Screens/LootView.cs
 0.1 kb	 0.0% Assets/Scripts/Presentation/Ember/UI/InGame/IsExternalInit.cs
 0.1 kb	 0.0% Assets/Scripts/Presentation/Ember/UI/EventLogHudPanel.cs
 0.1 kb	 0.0% Assets/Scripts/Presentation/Ember/UI/EmberWorldGenUI.cs
 0.1 kb	 0.0% Assets/Scripts/Presentation/Ember/UI/EmberMainMenuUI.cs
 0.1 kb	 0.0% Assets/Scripts/Presentation/Ember/UI/DialogBoxPanel.cs
 0.1 kb	 0.0% Assets/Scripts/Presentation/Ember/UI/ColonyNeedsPanel.cs
 0.1 kb	 0.0% Assets/Scripts/Infrastructure/AiDm/SyncTaskBridge.cs
 0.1 kb	 0.0% Assets/Scripts/Infrastructure/AiDm/NativeLlmClient.cs
 0.1 kb	 0.0% Assets/Scripts/Infrastructure/AiDm/LocalQwenClient.cs
 0.1 kb	 0.0% Assets/Scripts/Infrastructure/AiDm/LlmClientConfig.cs
 0.1 kb	 0.0% Assets/Scripts/Infrastructure/AiDm/CloudLlmClient.cs
 0.1 kb	 0.0% Assets/Scripts/Domain/World/GeneratedDungeonLayout.cs
 0.1 kb	 0.0% Assets/Scripts/Domain/Quest/TicksElapsedCondition.cs
 0.1 kb	 0.0% Assets/Scripts/Domain/Quest/AppendQuestEventAction.cs
 0.1 kb	 0.0% Assets/Scripts/Domain/Process/StockpileRecipeInventory.cs
 0.1 kb	 0.0% Assets/Scripts/Domain/Memory/ActorMemoryEventTypes.cs
 0.1 kb	 0.0% Assets/Scripts/Domain/Magic/ShieldBuffStateRegistry.cs
 0.1 kb	 0.0% Assets/Scripts/Domain/Forge/SingleFigureGateResult.cs
 0.1 kb	 0.0% Assets/Scripts/Domain/Forge/GeometricPromptCatalog.cs
 0.1 kb	 0.0% Assets/Scripts/Domain/Forge/AssetGenerationResult.cs
 0.1 kb	 0.0% Assets/Scripts/Domain/Forge/AssetGenerationRequest.cs
 0.1 kb	 0.0% Assets/Scripts/Domain/Configuration/EmberRuntimeOptions.cs
 0.1 kb	 0.0% Assets/Scripts/Domain/AiDm/ConsultFateOutcomeBucket.cs
 0.1 kb	 0.0% Assets/Scripts/Domain/Actors/Actions/ActionKindDescriptor.cs
 0.1 kb	 0.0% Assets/Scripts/Data/Save/SliceJson/WorldSaveMapper.Narrative.cs
 0.1 kb	 0.0% Assets/Scripts/Data/Save/SliceJson/WorldSaveMapper.ActorDetail.cs
 0.1 kb	 0.0% Assets/Scripts/Data/Save/SliceJson/WorldSaveMapper.ActionLog.cs
 0.1 kb	 0.0% Assets/Scripts/Data/Recipes/ProductionRecipeRegistry.cs
 0.1 kb	 0.0% Assets/Scripts/Data/GeneratedAssetLibrary/GeneratedAssetRecord.cs
 0.1 kb	 0.0% Assets/Scripts/Data/GeneratedAssetLibrary/GeneratedAssetQuery.cs
 0.1 kb	 0.0% Assets/Scripts/Data/GeneratedAssetLibrary/GeneratedAssetKey.cs
 0.1 kb	 0.0% Assets/Scripts/Data/Content/WorldSupportDtos.cs
 0.1 kb	 0.0% Assets/Scripts/Data/Content/InstitutionScheduleSocialDtos.cs
 0.1 kb	 0.0% Assets/Scripts/Data/Content/EconomyColonyCaravanDtos.cs
 0.1 kb	 0.0% Assets/Scripts/Data/Content/ContentDatabaseProvider.cs
 0.1 kb	 0.0% Packages/com.unity.ugui/Runtime/TMP/TMP_ScrollbarEventHandler.cs
 0.1 kb	 0.0% Packages/com.unity.ugui/Runtime/TMP/TMP_PackageResourceImporter.cs
 0.1 kb	 0.0% Packages/com.unity.ugui/Runtime/InternalBridge/ObjectUtilsBridge.cs
 0.1 kb	 0.0% Packages/com.unity.splines/Runtime/SplineModificationData.cs
 0.1 kb	 0.0% Packages/com.unity.render-pipelines.core/Runtime/Vrs/VrsShaders.cs
 0.1 kb	 0.0% Packages/com.unity.render-pipelines.core/Runtime/Vrs/VrsResources.cs
 0.1 kb	 0.0% Packages/com.unity.render-pipelines.core/Runtime/Volume/VolumeStack.cs
 0.1 kb	 0.0% Packages/com.unity.render-pipelines.core/Runtime/Utilities/TextureCurve.cs
 0.1 kb	 0.0% Packages/com.unity.render-pipelines.core/Runtime/Utilities/MeshGizmo.cs
 0.1 kb	 0.0% Packages/com.unity.render-pipelines.core/Runtime/Utilities/HashFNV1A32.cs
 0.1 kb	 0.0% Packages/com.unity.render-pipelines.core/Runtime/Utilities/HableCurve.cs
 0.1 kb	 0.0% Packages/com.unity.render-pipelines.core/Runtime/Utilities/GPUPrefixSum/GPUPrefixSum.cs
 0.1 kb	 0.0% Packages/com.unity.render-pipelines.core/Runtime/Utilities/CoreUtils.cs
 0.1 kb	 0.0% Packages/com.unity.render-pipelines.core/Runtime/Utilities/ColorUtils.cs
 0.1 kb	 0.0% Packages/com.unity.render-pipelines.core/Runtime/Textures/TextureXR.cs
 0.1 kb	 0.0% Packages/com.unity.render-pipelines.core/Runtime/Textures/RTHandles.cs
 0.1 kb	 0.0% Packages/com.unity.render-pipelines.core/Runtime/Stripping/IStripper.cs
 0.1 kb	 0.0% Packages/com.unity.render-pipelines.core/Runtime/ShaderLibrary/Sampling/Hammersley.cs
 0.1 kb	 0.0% Packages/com.unity.render-pipelines.core/Runtime/Lighting/ProbeVolume/ProbeVolume.cs
 0.1 kb	 0.0% Packages/com.unity.render-pipelines.core/Runtime/GPUDriven/FrustumPlanes.cs
 0.1 kb	 0.0% Packages/com.unity.render-pipelines.core/Runtime/Debugging/Prefabs/Scripts/UIFoldout.cs
 0.1 kb	 0.0% Packages/com.unity.render-pipelines.core/Runtime/Debugging/DebugUpdater.cs
 0.1 kb	 0.0% Packages/com.unity.render-pipelines.core/Runtime/Debugging/DebugUI.Panel.cs
 0.1 kb	 0.0% Packages/com.unity.render-pipelines.core/Runtime/Debugging/DebugUI.Fields.cs
 0.1 kb	 0.0% Packages/com.unity.render-pipelines.core/Runtime/Debugging/DebugShapes.cs
 0.1 kb	 0.0% Packages/com.unity.render-pipelines.core/Runtime/Debugging/DebugOverlay.cs
 0.1 kb	 0.0% Packages/com.unity.render-pipelines.core/Runtime/Debugging/DebugManager.cs
 0.1 kb	 0.0% Packages/com.unity.render-pipelines.core/Runtime/Camera/FreeCamera.cs
 0.1 kb	 0.0% Packages/com.unity.mathematics/Unity.Mathematics/PropertyAttributes.cs
 0.1 kb	 0.0% Packages/com.unity.inputsystem/InputSystem/State/InputStateBlock.cs
 0.1 kb	 0.0% Packages/com.unity.inputsystem/InputSystem/Plugins/iOS/iOSPostProcessBuild.cs
 0.1 kb	 0.0% Packages/com.unity.inputsystem/InputSystem/Plugins/XInput/XInputSupport.cs
 0.1 kb	 0.0% Packages/com.unity.inputsystem/InputSystem/Plugins/XInput/XInputController.cs
 0.1 kb	 0.0% Packages/com.unity.inputsystem/InputSystem/Plugins/XInput/IXboxOneRumble.cs
 0.1 kb	 0.0% Packages/com.unity.inputsystem/InputSystem/Plugins/WebGL/WebGLJoystick.cs
 0.1 kb	 0.0% Packages/com.unity.inputsystem/InputSystem/Plugins/UnityRemote/UnityRemoteSupport.cs
 0.1 kb	 0.0% Packages/com.unity.inputsystem/InputSystem/Plugins/Switch/SwitchSupportHID.cs
 0.1 kb	 0.0% Packages/com.unity.inputsystem/InputSystem/Plugins/PlayerInput/PlayerInputManager.cs
 0.1 kb	 0.0% Packages/com.unity.inputsystem/InputSystem/Plugins/PlayerInput/DefaultInputActions.cs
 0.1 kb	 0.0% Packages/com.unity.inputsystem/InputSystem/Plugins/OnScreen/OnScreenSupport.cs
 0.1 kb	 0.0% Packages/com.unity.inputsystem/InputSystem/Plugins/OnScreen/OnScreenStick.cs
 0.1 kb	 0.0% Packages/com.unity.inputsystem/InputSystem/Plugins/OnScreen/OnScreenControl.cs
 0.1 kb	 0.0% Packages/com.unity.inputsystem/InputSystem/Plugins/OnScreen/OnScreenButton.cs
 0.1 kb	 0.0% Packages/com.unity.inputsystem/InputSystem/Plugins/Linux/SDLDeviceBuilder.cs
 0.1 kb	 0.0% Packages/com.unity.inputsystem/InputSystem/Plugins/EnhancedTouch/TouchHistory.cs
 0.1 kb	 0.0% Packages/com.unity.inputsystem/InputSystem/Plugins/Android/AndroidSupport.cs
 0.1 kb	 0.0% Packages/com.unity.inputsystem/InputSystem/InputSystemObject.cs
 0.1 kb	 0.0% Packages/com.unity.inputsystem/InputSystem/InputManagerStateMonitors.cs
 0.1 kb	 0.0% Packages/com.unity.inputsystem/InputSystem/InputFeatureNames.cs
 0.1 kb	 0.0% Packages/com.unity.inputsystem/InputSystem/IInputRuntime.cs
 0.1 kb	 0.0% Packages/com.unity.inputsystem/InputSystem/IInputDiagnostics.cs
 0.1 kb	 0.0% Packages/com.unity.inputsystem/InputSystem/Events/InputEventTrace.cs
 0.1 kb	 0.0% Packages/com.unity.inputsystem/InputSystem/Events/InputEventStream.cs
 0.1 kb	 0.0% Packages/com.unity.inputsystem/InputSystem/Events/InputEventPtr.cs
 0.1 kb	 0.0% Packages/com.unity.inputsystem/InputSystem/Events/InputEventBuffer.cs
 0.1 kb	 0.0% Packages/com.unity.inputsystem/InputSystem/Events/DeviceResetEvent.cs
 0.1 kb	 0.0% Packages/com.unity.inputsystem/InputSystem/Events/DeltaStateEvent.cs
 0.1 kb	 0.0% Packages/com.unity.inputsystem/InputSystem/Editor/UITKAssetEditor/Views/PropertiesView.cs
 0.1 kb	 0.0% Packages/com.unity.inputsystem/InputSystem/Editor/UITKAssetEditor/Views/DropManipulator.cs
 0.1 kb	 0.0% Packages/com.unity.inputsystem/InputSystem/Editor/UITKAssetEditor/Views/CopyPasteHelper.cs
 0.1 kb	 0.0% Packages/com.unity.inputsystem/InputSystem/Editor/UITKAssetEditor/Views/ActionsTreeView.cs
 0.1 kb	 0.0% Packages/com.unity.inputsystem/InputSystem/Editor/UITKAssetEditor/Views/ActionMapsView.cs
 0.1 kb	 0.0% Packages/com.unity.inputsystem/InputSystem/Editor/UITKAssetEditor/StateContainer.cs
 0.1 kb	 0.0% Packages/com.unity.inputsystem/InputSystem/Editor/UITKAssetEditor/ExpressionUtils.cs
 0.1 kb	 0.0% Packages/com.unity.inputsystem/InputSystem/Editor/Internal/TreeViewHelpers.cs
 0.1 kb	 0.0% Packages/com.unity.inputsystem/InputSystem/Editor/Internal/InputStateWindow.cs
 0.1 kb	 0.0% Packages/com.unity.inputsystem/InputSystem/Editor/Internal/EditorHelpers.cs
 0.1 kb	 0.0% Packages/com.unity.inputsystem/InputSystem/Editor/Internal/AdvancedDropdown/AdvancedDropdown.cs
 0.1 kb	 0.0% Packages/com.unity.inputsystem/InputSystem/Editor/InputDiagnostics.cs
 0.1 kb	 0.0% Packages/com.unity.inputsystem/InputSystem/Devices/Haptics/IDualMotorRumble.cs
 0.1 kb	 0.0% Packages/com.unity.inputsystem/InputSystem/Devices/Haptics/DualMotorRumble.cs
 0.1 kb	 0.0% Packages/com.unity.inputsystem/InputSystem/Controls/Vector3Control.cs
 0.1 kb	 0.0% Packages/com.unity.inputsystem/InputSystem/Controls/Vector2Control.cs
 0.1 kb	 0.0% Packages/com.unity.inputsystem/InputSystem/Controls/IntegerControl.cs
 0.1 kb	 0.0% Packages/com.unity.inputsystem/InputSystem/Controls/DoubleControl.cs
 0.1 kb	 0.0% Packages/com.unity.inputsystem/InputSystem/Controls/ButtonControl.cs
 0.1 kb	 0.0% Packages/com.unity.inputsystem/InputSystem/Controls/AnyKeyControl.cs
 0.1 kb	 0.0% Packages/com.unity.inputsystem/InputSystem/Actions/InputControlScheme.cs
 0.1 kb	 0.0% Packages/com.unity.inputsystem/InputSystem/Actions/InputBindingResolver.cs
 0.1 kb	 0.0% Packages/com.unity.inputsystem/InputSystem/Actions/InputActionReference.cs
 0.1 kb	 0.0% Packages/com.unity.inputsystem/InputSystem/Actions/InputActionProperty.cs
 0.1 kb	 0.0% Packages/com.unity.inputsystem/InputSystem/Actions/IInputInteraction.cs
 0.1 kb	 0.0% Packages/com.unity.collections/Unity.Collections/UnsafeList.cs
 0.1 kb	 0.0% Packages/com.unity.collections/Unity.Collections/FixedStringParseMethods.cs
 0.1 kb	 0.0% Packages/com.unity.collections/Unity.Collections/FixedStringAppendMethods.cs
 0.1 kb	 0.0% Packages/com.unity.cloud.gltfast/Runtime/Scripts/Schema/MaterialsVariantsExtension.cs
 0.1 kb	 0.0% Packages/com.unity.cloud.gltfast/Runtime/Scripts/Material/UniveralRPMaterialGenerator.cs
 0.1 kb	 0.0% Packages/com.unity.cloud.gltfast/Runtime/Scripts/Material/ShaderGraphMaterialGenerator.cs
 0.1 kb	 0.0% Packages/com.unity.cloud.gltfast/Runtime/Scripts/Export/VertexAttributeUsage.cs
 0.1 kb	 0.0% Packages/com.unity.cinemachine/Runtime/Core/TargetTracking.cs
 0.1 kb	 0.0% Packages/com.unity.cinemachine/Runtime/Core/InputAxisControllerBase.cs
 0.1 kb	 0.0% Packages/com.unity.ai.assistant/Runtime/Utils/TextFileUtils.cs
 0.1 kb	 0.0% Packages/com.unity.ai.assistant/Runtime/Utils/EnvironmentUtils.cs
 0.1 kb	 0.0% Packages/com.unity.ai.assistant/Runtime/Utils/DispatchUtility.cs
 0.1 kb	 0.0% Packages/com.unity.ai.assistant/Runtime/Data/TodoUpdateEvent.cs
 0.1 kb	 0.0% Packages/com.unity.ai.assistant/Runtime/Data/AssistantMessage.cs
 0.1 kb	 0.0% Assets/Scripts/Simulation/Worldgen/WorldgenService.cs
 0.1 kb	 0.0% Assets/Scripts/Simulation/Worldgen/WorldGeography.cs
 0.1 kb	 0.0% Assets/Scripts/Simulation/Worldgen/GeneratedWorld.cs
 0.1 kb	 0.0% Assets/Scripts/Simulation/Rng/IDeterministicRng.cs
 0.1 kb	 0.0% Assets/Scripts/Simulation/Overland/OverlandWorldgen.cs
 0.1 kb	 0.0% Assets/Scripts/Simulation/Narrative/TradeRefusalHook.cs
 0.1 kb	 0.0% Assets/Scripts/Simulation/Narrative/DialogueResponse.cs
 0.1 kb	 0.0% Assets/Scripts/Simulation/Narrative/AskAboutService.cs
 0.1 kb	 0.0% Assets/Scripts/Simulation/Movement/CombatVector3.cs
 0.1 kb	 0.0% Assets/Scripts/Simulation/Movement/CombatMotorStep.cs
 0.1 kb	 0.0% Assets/Scripts/Simulation/Movement/CombatMotorState.cs
 0.1 kb	 0.0% Assets/Scripts/Simulation/Inventory/WorldItemCatalog.cs
 0.1 kb	 0.0% Assets/Scripts/Simulation/Inventory/PickupService.cs
 0.1 kb	 0.0% Assets/Scripts/Simulation/Inventory/EquipmentService.cs
 0.1 kb	 0.0% Assets/Scripts/Simulation/Composition/WorldStateDigest.cs
 0.1 kb	 0.0% Assets/Scripts/Simulation/Composition/IWorldTickSystem.cs
 0.1 kb	 0.0% Assets/Scripts/Presentation/Ember/Views/WorksiteView.cs
 0.1 kb	 0.0% Assets/Scripts/Presentation/Ember/Views/ActorView.cs
 0.1 kb	 0.0% Assets/Scripts/Presentation/Ember/UI/InGame/InGameDesign.cs
 0.1 kb	 0.0% Assets/Scripts/Presentation/Ember/Inputs/EmberInput.cs
 0.1 kb	 0.0% Assets/Scripts/Presentation/Ember/Forge/ForgeLocator.cs
 0.1 kb	 0.0% Assets/Scripts/Presentation/Ember/EmberLocators.cs
 0.1 kb	 0.0% Assets/Scripts/Domain/Worldgen/WorldHistoryEvent.cs
 0.1 kb	 0.0% Assets/Scripts/Domain/Worldgen/NotableFigureRecord.cs
 0.1 kb	 0.0% Assets/Scripts/Domain/Overland/OverlandSettlement.cs
 0.1 kb	 0.0% Assets/Scripts/Domain/Overland/OverlandParameters.cs
 0.1 kb	 0.0% Assets/Scripts/Domain/Narrative/ConversationState.cs
 0.1 kb	 0.0% Assets/Scripts/Domain/Generation/ManifestScanReport.cs
 0.1 kb	 0.0% Assets/Scripts/Data/Save/WorldSaveData.WorldProcess.cs
 0.1 kb	 0.0% Assets/Scripts/Data/Save/WorldSaveData.Economy.cs
 0.1 kb	 0.0% Assets/Scripts/Data/Save/WorldSaveData.ActorDungeon.cs
 0.1 kb	 0.0% Assets/Scripts/Data/Save/SpellCooldownSaveMapper.cs
 0.1 kb	 0.0% Assets/Scripts/Data/Save/SliceJson/WorldSaveMapper.World.cs
 0.1 kb	 0.0% Assets/Scripts/Data/Save/SliceJson/WorldSaveMapper.Quest.cs
 0.1 kb	 0.0% Assets/Scripts/Data/Save/SliceJson/WorldSaveMapper.Process.cs
 0.1 kb	 0.0% Assets/Scripts/Data/Save/SliceJson/WorldSaveMapper.Economy.cs
 0.1 kb	 0.0% Assets/Scripts/Data/Content/DialogHistoryDtos.cs
 0.1 kb	 0.0% Packages/com.unity.ugui/Runtime/UGUI/UI/Core/Utility/ReflectionMethodsCache.cs
 0.1 kb	 0.0% Packages/com.unity.ugui/Runtime/UGUI/UI/Core/MultipleDisplayUtilities.cs
 0.1 kb	 0.0% Packages/com.unity.ugui/Runtime/UGUI/UI/Core/Layout/HorizontalLayoutGroup.cs
 0.1 kb	 0.0% Packages/com.unity.ugui/Runtime/UGUI/UI/Core/IGraphicEnabledDisabled.cs
 0.1 kb	 0.0% Packages/com.unity.ugui/Runtime/UGUI/UI/Core/GraphicRebuildTracker.cs
 0.1 kb	 0.0% Packages/com.unity.ugui/Runtime/UGUI/UI/Core/Culling/RectangularVertexClipper.cs
 0.1 kb	 0.0% Packages/com.unity.ugui/Runtime/UGUI/EventSystem/UIElements/PanelEventHandler.cs
 0.1 kb	 0.0% Packages/com.unity.ugui/Runtime/UGUI/EventSystem/Raycasters/Physics2DRaycaster.cs
 0.1 kb	 0.0% Packages/com.unity.ugui/Runtime/UGUI/EventSystem/InputModules/PointerInputModule.cs
 0.1 kb	 0.0% Packages/com.unity.splines/Runtime/Interpolators.cs
 0.1 kb	 0.0% Packages/com.unity.render-pipelines.core/ShaderLibrary/DummyShaderLibrary.cs
 0.1 kb	 0.0% Packages/com.unity.render-pipelines.core/Runtime/Utilities/GPUSort/GPUSort.Data.cs
 0.1 kb	 0.0% Packages/com.unity.render-pipelines.core/Runtime/Utilities/BitArray.cs
 0.1 kb	 0.0% Packages/com.unity.render-pipelines.core/Runtime/UnifiedRayTracing/Compute/RadeonRays/StringIDs.cs
 0.1 kb	 0.0% Packages/com.unity.render-pipelines.core/Runtime/UnifiedRayTracing/Compute/RadeonRays/Common.cs
 0.1 kb	 0.0% Packages/com.unity.render-pipelines.core/Runtime/UnifiedRayTracing/Compute/RadeonRays/BvhCheck.cs
 0.1 kb	 0.0% Packages/com.unity.render-pipelines.core/Runtime/Inputs/InputRegistering.cs
 0.1 kb	 0.0% Packages/com.unity.inputsystem/InputSystem/Utilities/TypeTable.cs
 0.1 kb	 0.0% Packages/com.unity.inputsystem/InputSystem/Utilities/TypeHelpers.cs
 0.1 kb	 0.0% Packages/com.unity.inputsystem/InputSystem/Utilities/Substring.cs
 0.1 kb	 0.0% Packages/com.unity.inputsystem/InputSystem/Utilities/SavedState.cs
 0.1 kb	 0.0% Packages/com.unity.inputsystem/InputSystem/Utilities/Observables/Observable.cs
 0.1 kb	 0.0% Packages/com.unity.inputsystem/InputSystem/Utilities/NamedValue.cs
 0.1 kb	 0.0% Packages/com.unity.inputsystem/InputSystem/Utilities/MiscHelpers.cs
 0.1 kb	 0.0% Packages/com.unity.inputsystem/InputSystem/Utilities/JsonParser.cs
 0.1 kb	 0.0% Packages/com.unity.inputsystem/InputSystem/Utilities/ArrayHelpers.cs
 0.1 kb	 0.0% Packages/com.unity.inputsystem/InputSystem/Plugins/iOS/InputSettingsiOS.cs
 0.1 kb	 0.0% Packages/com.unity.inputsystem/InputSystem/Plugins/XR/XRLayoutBuilder.cs
 0.1 kb	 0.0% Packages/com.unity.inputsystem/InputSystem/Plugins/UI/NavigationModel.cs
 0.1 kb	 0.0% Packages/com.unity.inputsystem/InputSystem/InputUpdateType.cs
 0.1 kb	 0.0% Packages/com.unity.collections/Unity.Collections/UnsafeText.cs
 0.1 kb	 0.0% Packages/com.unity.collections/Unity.Collections/UnsafeStream.cs
 0.1 kb	 0.0% Packages/com.unity.collections/Unity.Collections/RewindableAllocator.cs
 0.1 kb	 0.0% Packages/com.unity.collections/Unity.Collections/FixedStringMethods.cs
 0.1 kb	 0.0% Packages/com.unity.collections/Unity.Collections/AutoFreeAllocator.cs
 0.1 kb	 0.0% Packages/com.unity.cloud.gltfast/Runtime/Scripts/UninterruptedDefaultDeferAgent.cs
 0.1 kb	 0.0% Packages/com.unity.cloud.gltfast/Runtime/Scripts/Newtonsoft/Schema/UnclassifiedData.cs
 0.1 kb	 0.0% Packages/com.unity.cloud.gltfast/Runtime/Scripts/Newtonsoft/Schema/RootExtensions.cs
 0.1 kb	 0.0% Packages/com.unity.cloud.gltfast/Runtime/Scripts/Newtonsoft/Schema/NodeExtensions.cs
 0.1 kb	 0.0% Packages/com.unity.cloud.gltfast/Runtime/Scripts/Newtonsoft/Schema/MeshPrimitive.cs
 0.1 kb	 0.0% Packages/com.unity.cloud.gltfast/Runtime/Scripts/Newtonsoft/Schema/AnimationSampler.cs
 0.1 kb	 0.0% Packages/com.unity.cloud.gltfast/Runtime/Scripts/Newtonsoft/Schema/AnimationChannel.cs
 0.1 kb	 0.0% Packages/com.unity.cloud.gltfast/Runtime/Scripts/Newtonsoft/Schema/AccessorSparse.cs
 0.1 kb	 0.0% Packages/com.unity.cloud.gltfast/Runtime/Scripts/MaterialsVariants/MaterialsVariantsSlotInstances.cs
 0.1 kb	 0.0% Packages/com.unity.cloud.gltfast/Runtime/Scripts/MaterialsVariants/IMaterialsVariantsSlotInstance.cs
 0.1 kb	 0.0% Packages/com.unity.cloud.gltfast/Runtime/Scripts/Loading/CustomHeaderDownloadProvider.cs
 0.1 kb	 0.0% Packages/com.unity.cloud.gltfast/Runtime/Scripts/Export/StandardMaterialExport.cs
 0.1 kb	 0.0% Packages/com.unity.cloud.gltfast/Runtime/Scripts/Export/MeshMaterialCombination.cs
 0.1 kb	 0.0% Packages/com.unity.cloud.gltfast/Runtime/Scripts/Export/GameObjectExportSettings.cs
 0.1 kb	 0.0% Packages/com.unity.cinemachine/Runtime/PostProcessing/CinemachineAutoFocus.cs
 0.1 kb	 0.0% Packages/com.unity.cinemachine/Runtime/Deprecated/LegacyLensSettings.cs
 0.1 kb	 0.0% Packages/com.unity.cinemachine/Runtime/Deprecated/CinemachinePipeline.cs
 0.1 kb	 0.0% Packages/com.unity.cinemachine/Runtime/Deprecated/CinemachinePathBase.cs
 0.1 kb	 0.0% Packages/com.unity.cinemachine/Runtime/Deprecated/CinemachineFreeLook.cs
 0.1 kb	 0.0% Packages/com.unity.cinemachine/Runtime/Deprecated/CinemachineDollyCart.cs
 0.1 kb	 0.0% Packages/com.unity.cinemachine/Runtime/Deprecated/CinemachineConfiner.cs
 0.1 kb	 0.0% Packages/com.unity.cinemachine/Runtime/Deprecated/CinemachineComposer.cs
 0.1 kb	 0.0% Packages/com.unity.cinemachine/Runtime/Deprecated/CinemachineCollider.cs
 0.1 kb	 0.0% Packages/com.unity.cinemachine/Runtime/Core/TargetPositionCache.cs
 0.1 kb	 0.0% Packages/com.unity.cinemachine/Runtime/Core/SignalSourceAsset.cs
 0.1 kb	 0.0% Packages/com.unity.cinemachine/Runtime/Core/LookaheadSettings.cs
 0.1 kb	 0.0% Packages/com.unity.cinemachine/Runtime/Core/ICinemachineCamera.cs
 0.1 kb	 0.0% Packages/com.unity.cinemachine/Runtime/Core/CinemachineExtension.cs
 0.1 kb	 0.0% Packages/com.unity.cinemachine/Runtime/Core/CameraUpdateManager.cs
 0.1 kb	 0.0% Packages/com.unity.cinemachine/Runtime/Components/CinemachinePanTilt.cs
 0.1 kb	 0.0% Packages/com.unity.cinemachine/Runtime/Components/CinemachineFollow.cs
 0.1 kb	 0.0% Packages/com.unity.cinemachine/Runtime/Behaviours/CinemachineClearShot.cs
 0.1 kb	 0.0% Packages/com.unity.cinemachine/Runtime/Behaviours/CinemachineCamera.cs
 0.1 kb	 0.0% Packages/com.unity.burst/Runtime/CompilerServices/AssumeRangeAttribute.cs
 0.1 kb	 0.0% Packages/com.unity.ai.assistant/Runtime/Socket/Protocol/REST/Model/Payload.cs
 0.1 kb	 0.0% Packages/com.unity.ai.assistant/Runtime/Skills/SkillUtils.cs
 0.1 kb	 0.0% Packages/com.unity.ai.assistant/Runtime/Backend/SourceBlock.cs
 0.1 kb	 0.0% Packages/com.unity.ai.assistant/Modules/Unity.AI.Tracing/TraceSinkConfigManager.cs
 0.1 kb	 0.0% Packages/com.unity.ai.assistant/Modules/Unity.AI.Tracing/TraceConfigFileWriter.cs
 0.1 kb	 0.0% Assets/Scripts/Ui/Foundation/UiSurfaceLocator.cs
 0.1 kb	 0.0% Assets/Scripts/Simulation/Worldgen/Planet/PlateMotion.cs
 0.1 kb	 0.0% Assets/Scripts/Simulation/Worldgen/Planet/PlanetVector.cs
 0.1 kb	 0.0% Assets/Scripts/Simulation/Worldgen/Planet/PlanetRng.cs
 0.1 kb	 0.0% Assets/Scripts/Simulation/Worldgen/Planet/PlanetField.cs
 0.1 kb	 0.0% Assets/Scripts/Simulation/Worldgen/Planet/ErosionStage.cs
 0.1 kb	 0.0% Assets/Scripts/Simulation/Worldgen/Planet/ClimateStage.cs
 0.1 kb	 0.0% Assets/Scripts/Simulation/World/ShortageDetector.cs
 0.1 kb	 0.0% Assets/Scripts/Simulation/World/CaravanSystem.cs
 0.1 kb	 0.0% Assets/Scripts/Simulation/Process/PlantingSystem.cs
 0.1 kb	 0.0% Assets/Scripts/Simulation/Magic/SpellResolver.cs
 0.1 kb	 0.0% Assets/Scripts/Simulation/Magic/SpellCastResult.cs
 0.1 kb	 0.0% Assets/Scripts/Simulation/Magic/MagicTickDriver.cs
 0.1 kb	 0.0% Assets/Scripts/Simulation/Magic/EffectRegistry.cs
 0.1 kb	 0.0% Assets/Scripts/Simulation/Living/ScheduleSystem.cs
 0.1 kb	 0.0% Assets/Scripts/Simulation/Living/RumorMillSystem.cs
 0.1 kb	 0.0% Assets/Scripts/Simulation/Living/FoodPileCache.cs
 0.1 kb	 0.0% Assets/Scripts/Simulation/Living/CompanionSystem.cs
 0.1 kb	 0.0% Assets/Scripts/Simulation/Living/CascadeSystems.cs
 0.1 kb	 0.0% Assets/Scripts/Simulation/Living/Actions/HuntAdvancer.cs
 0.1 kb	 0.0% Assets/Scripts/Simulation/Forge/Sd15LcmPipeline.cs
 0.1 kb	 0.0% Assets/Scripts/Simulation/Forge/PromptComposers.cs
 0.1 kb	 0.0% Assets/Scripts/Simulation/Forge/OnnxPngEncoder.cs
 0.1 kb	 0.0% Assets/Scripts/Simulation/Forge/OnnxPngDecoder.cs
 0.1 kb	 0.0% Assets/Scripts/Simulation/Forge/OnnxAssetForge.cs
 0.1 kb	 0.0% Assets/Scripts/Simulation/Forge/ModelManifest.cs
 0.1 kb	 0.0% Assets/Scripts/Simulation/Forge/ClipBpeTokenizer.cs
 0.1 kb	 0.0% Assets/Scripts/Simulation/Forge/AssetForgeQueue.cs
 0.1 kb	 0.0% Assets/Scripts/Simulation/Forge/AssetForgeCache.cs
 0.1 kb	 0.0% Assets/Scripts/Simulation/Combat/BodyPartSelector.cs
 0.1 kb	 0.0% Assets/Scripts/Simulation/AiDm/ToolUseService.cs
 0.1 kb	 0.0% Assets/Scripts/Simulation/AiDm/ToolCallTracer.cs
 0.1 kb	 0.0% Assets/Scripts/Simulation/AiDm/ToolCallRouter.cs
 0.1 kb	 0.0% Assets/Scripts/Simulation/AiDm/MockLlmClient.cs
 0.1 kb	 0.0% Assets/Scripts/Simulation/AiDm/FlavourBudget.cs
 0.1 kb	 0.0% Assets/Scripts/Simulation/AiDm/EmbeddingClient.cs
 0.1 kb	 0.0% Assets/Scripts/Simulation/AiDm/DialogStreamText.cs
 0.1 kb	 0.0% Assets/Scripts/Presentation/Ember/UI/PauseMenu.cs
 0.1 kb	 0.0% Assets/Scripts/Presentation/Ember/UI/InGame/IgModal.cs
 0.1 kb	 0.0% Assets/Scripts/Presentation/Ember/UI/FactionPanel.cs
 0.1 kb	 0.0% Assets/Scripts/Presentation/Ember/UI/EmberPalette.cs
 0.1 kb	 0.0% Assets/Scripts/Presentation/Ember/UI/CombatHud.cs
 0.1 kb	 0.0% Assets/Scripts/Domain/World/FactionReputation.cs
 0.1 kb	 0.0% Assets/Scripts/Domain/World/FactionRelationKind.cs
 0.1 kb	 0.0% Assets/Scripts/Domain/World/FactionDecayConfig.cs
 0.1 kb	 0.0% Assets/Scripts/Domain/World/DungeonSpawnPoint.cs
 0.1 kb	 0.0% Assets/Scripts/Domain/Quest/QuestResourceBinding.cs
 0.1 kb	 0.0% Assets/Scripts/Domain/Quest/QuestMutationContext.cs
 0.1 kb	 0.0% Assets/Scripts/Domain/Quest/CompleteQuestAction.cs
 0.1 kb	 0.0% Assets/Scripts/Domain/Quest/AllQuestCondition.cs
 0.1 kb	 0.0% Assets/Scripts/Domain/Quest/ActorDeadCondition.cs
 0.1 kb	 0.0% Assets/Scripts/Domain/Process/WorldProcessInstance.cs
 0.1 kb	 0.0% Assets/Scripts/Domain/Process/StockpileComponent.cs
 0.1 kb	 0.0% Assets/Scripts/Domain/Process/ReservationRecord.cs
 0.1 kb	 0.0% Assets/Scripts/Domain/Process/ReservationLedger.cs
 0.1 kb	 0.0% Assets/Scripts/Domain/Process/PlantGrowthStageDef.cs
 0.1 kb	 0.0% Assets/Scripts/Domain/Process/NeedRecoveryRecipe.cs
 0.1 kb	 0.0% Assets/Scripts/Domain/Memory/TransactionRecord.cs
 0.1 kb	 0.0% Assets/Scripts/Domain/Magic/SpellCooldownState.cs
 0.1 kb	 0.0% Assets/Scripts/Domain/Magic/EffectOperationKind.cs
 0.1 kb	 0.0% Assets/Scripts/Domain/Forge/ImageGenKindTemplate.cs
 0.1 kb	 0.0% Assets/Scripts/Domain/Forge/ISpriteImageCodec.cs
 0.1 kb	 0.0% Assets/Scripts/Domain/Forge/ISingleFigureGate.cs
 0.1 kb	 0.0% Assets/Scripts/Domain/Forge/IImageMatteService.cs
 0.1 kb	 0.0% Assets/Scripts/Domain/Forge/IImageGenSpecFactory.cs
 0.1 kb	 0.0% Assets/Scripts/Domain/Core/IWorldNavigability.cs
 0.1 kb	 0.0% Assets/Scripts/Domain/Combat/RealtimeDamageResult.cs
 0.1 kb	 0.0% Assets/Scripts/Domain/Combat/QueuedCombatAction.cs
 0.1 kb	 0.0% Assets/Scripts/Domain/Combat/CombatStrikeResult.cs
 0.1 kb	 0.0% Assets/Scripts/Domain/Combat/CombatActionEvent.cs
 0.1 kb	 0.0% Assets/Scripts/Domain/AiDm/ToolCallTraceRecord.cs
 0.1 kb	 0.0% Assets/Scripts/Domain/AiDm/LlmProposalLogEntry.cs
 0.1 kb	 0.0% Assets/Scripts/Domain/Actors/ActorScheduleState.cs
 0.1 kb	 0.0% Assets/Scripts/Domain/Actors/ActorJobPreference.cs
 0.1 kb	 0.0% Assets/Scripts/Domain/Actors/Actions/IActionLogSink.cs
 0.1 kb	 0.0% Assets/Scripts/Domain/Actors/Actions/ActionLogRing.cs
 0.1 kb	 0.0% Assets/Scripts/Domain/Actors/Actions/ActionLogManager.cs
 0.1 kb	 0.0% Assets/Scripts/Domain/Actors/Actions/ActionLogEntry.cs
 0.1 kb	 0.0% Assets/Scripts/Data/Save/WorldSaveData.Narrative.cs
 0.1 kb	 0.0% Assets/Scripts/Data/GeneratedAssetLibrary/GeneratedMeshJob.cs
 0.1 kb	 0.0% Assets/Scripts/Data/Content/RecipeMaterialDtos.cs
 0.1 kb	 0.0% Assets/Scripts/Data/Content/IContentPathProvider.cs
 0.1 kb	 0.0% Assets/Scripts/Data/Content/ContentExtensionDto.cs
 0.1 kb	 0.0% Assets/Scripts/Data/Content/ContentDatabaseState.cs
 0.1 kb	 0.0% Assets/Scripts/Data/Content/ContentDatabase.Loader.cs
 0.1 kb	 0.0% Assets/Scripts/Data/Content/ContentDatabase.Indexing.cs
 0.1 kb	 0.0% Assets/Scripts/Data/Content/CampaignArcLegacyNpcDtos.cs
 0.1 kb	 0.0% Packages/com.unity.ugui/Runtime/UGUI/UI/Animation/CoroutineTween.cs
 0.1 kb	 0.0% Packages/com.unity.ugui/Runtime/UGUI/EventSystem/EventInterfaces.cs
 0.1 kb	 0.0% Packages/com.unity.ugui/Runtime/TMP/TMPro_ExtensionMethods.cs
 0.1 kb	 0.0% Packages/com.unity.ugui/Runtime/TMP/TMP_TextParsingUtilities.cs
 0.1 kb	 0.0% Packages/com.unity.ugui/Runtime/TMP/TMP_TextElement_Legacy.cs
 0.1 kb	 0.0% Packages/com.unity.ugui/Runtime/TMP/TMP_FontAssetUtilities.cs
 0.1 kb	 0.0% Packages/com.unity.ugui/Runtime/TMP/MaterialReferenceManager.cs
 0.1 kb	 0.0% Packages/com.unity.ugui/Runtime/TMP/FontFeatureCommonGSUB.cs
 0.1 kb	 0.0% Packages/com.unity.splines/Runtime/SplineInstantiate.cs
 0.1 kb	 0.0% Packages/com.unity.splines/Runtime/PropertyAttributes.cs
 0.1 kb	 0.0% Packages/com.unity.splines/Runtime/KnotLinkCollection.cs
 0.1 kb	 0.0% Packages/com.unity.splines/Runtime/InterpolatorsUtility.cs
 0.1 kb	 0.0% Packages/com.unity.splines/Runtime/EmbeddedSplineData.cs
 0.1 kb	 0.0% Packages/com.unity.render-pipelines.universal/Runtime/2D/Shadows/ShadowProvider/VertexDictionary.cs
 0.1 kb	 0.0% Packages/com.unity.render-pipelines.core/Runtime/Vrs/VrsLut.cs
 0.1 kb	 0.0% Packages/com.unity.render-pipelines.core/Runtime/Volume/Volume.cs
 0.1 kb	 0.0% Packages/com.unity.render-pipelines.core/Runtime/Volume/IVolume.cs
 0.1 kb	 0.0% Packages/com.unity.render-pipelines.core/Runtime/Utilities/GPUSort/GPUSort.cs
 0.1 kb	 0.0% Packages/com.unity.render-pipelines.core/Runtime/Utilities/FSRUtils.cs
 0.1 kb	 0.0% Packages/com.unity.render-pipelines.core/Runtime/Utilities/Blitter.cs
 0.1 kb	 0.0% Packages/com.unity.render-pipelines.core/Runtime/Textures/RTHandle.cs
 0.1 kb	 0.0% Packages/com.unity.render-pipelines.core/Runtime/Debugging/DebugUI.cs
 0.1 kb	 0.0% Packages/com.unity.inputsystem/InputSystem/Utilities/DynamicBitfield.cs
 0.1 kb	 0.0% Packages/com.unity.inputsystem/InputSystem/State/InputState.cs
 0.1 kb	 0.0% Packages/com.unity.inputsystem/InputSystem/Plugins/WebGL/WebGLSupport.cs
 0.1 kb	 0.0% Packages/com.unity.inputsystem/InputSystem/Plugins/WebGL/WebGLGamepad.cs
 0.1 kb	 0.0% Packages/com.unity.inputsystem/InputSystem/Plugins/Users/InputUser.cs
 0.1 kb	 0.0% Packages/com.unity.inputsystem/InputSystem/Plugins/Linux/LinuxSupport.cs
 0.1 kb	 0.0% Packages/com.unity.inputsystem/InputSystem/Plugins/EnhancedTouch/Touch.cs
 0.1 kb	 0.0% Packages/com.unity.inputsystem/InputSystem/Plugins/EnhancedTouch/Finger.cs
 0.1 kb	 0.0% Packages/com.unity.inputsystem/InputSystem/InputSettings.cs
 0.1 kb	 0.0% Packages/com.unity.inputsystem/InputSystem/InputMetrics.cs
 0.1 kb	 0.0% Packages/com.unity.inputsystem/InputSystem/InputExtensions.cs
 0.1 kb	 0.0% Packages/com.unity.inputsystem/InputSystem/InputAnalytics.cs
 0.1 kb	 0.0% Packages/com.unity.inputsystem/InputSystem/Events/TextEvent.cs
 0.1 kb	 0.0% Packages/com.unity.inputsystem/InputSystem/Events/StateEvent.cs
 0.1 kb	 0.0% Packages/com.unity.inputsystem/InputSystem/Events/InputEvent.cs
 0.1 kb	 0.0% Packages/com.unity.inputsystem/InputSystem/Events/ActionEvent.cs
 0.1 kb	 0.0% Packages/com.unity.inputsystem/InputSystem/Editor/UITKAssetEditor/Views/Selectors.cs
 0.1 kb	 0.0% Packages/com.unity.inputsystem/InputSystem/Editor/UITKAssetEditor/Views/ContextMenu.cs
 0.1 kb	 0.0% Packages/com.unity.inputsystem/InputSystem/Editor/Internal/GUIHelpers.cs
 0.1 kb	 0.0% Packages/com.unity.inputsystem/InputSystem/Devices/TrackedDevice.cs
 0.1 kb	 0.0% Packages/com.unity.inputsystem/InputSystem/Devices/Remote/InputRemoting.cs
 0.1 kb	 0.0% Packages/com.unity.inputsystem/InputSystem/Devices/Precompiled/FastTouchscreen.cs
 0.1 kb	 0.0% Packages/com.unity.inputsystem/InputSystem/Devices/Precompiled/FastMouse.partial.cs
 0.1 kb	 0.0% Packages/com.unity.inputsystem/InputSystem/Devices/IEventMerger.cs
 0.1 kb	 0.0% Packages/com.unity.inputsystem/InputSystem/Controls/TouchControl.cs
 0.1 kb	 0.0% Packages/com.unity.inputsystem/InputSystem/Controls/StickControl.cs
 0.1 kb	 0.0% Packages/com.unity.inputsystem/InputSystem/Controls/KeyControl.cs
 0.1 kb	 0.0% Packages/com.unity.inputsystem/InputSystem/Controls/InputProcessor.cs
 0.1 kb	 0.0% Packages/com.unity.inputsystem/InputSystem/Controls/InputControlPath.cs
 0.1 kb	 0.0% Packages/com.unity.inputsystem/InputSystem/Controls/DpadControl.cs
 0.1 kb	 0.0% Packages/com.unity.inputsystem/InputSystem/Controls/DeltaControl.cs
 0.1 kb	 0.0% Packages/com.unity.inputsystem/InputSystem/Controls/AxisControl.cs
 0.1 kb	 0.0% Packages/com.unity.inputsystem/InputSystem/Actions/InputActionState.cs
 0.1 kb	 0.0% Packages/com.unity.inputsystem/InputSystem/Actions/InputActionMap.cs
 0.1 kb	 0.0% Packages/com.unity.inputsystem/InputSystem/Actions/InputActionAsset.cs
 0.1 kb	 0.0% Packages/com.unity.collections/Unity.Collections/UnsafeQueue.cs
 0.1 kb	 0.0% Packages/com.unity.collections/Unity.Collections/NativeHashMap.cs
 0.1 kb	 0.0% Packages/com.unity.collections/Unity.Collections/FixedStringFormat.gen.cs
 0.1 kb	 0.0% Packages/com.unity.collections/Unity.Collections/FixedString.gen.cs
 0.1 kb	 0.0% Packages/com.unity.cloud.gltfast/Runtime/Scripts/Newtonsoft/Schema/GltfAnimation.cs
 0.1 kb	 0.0% Packages/com.unity.cloud.gltfast/Runtime/Scripts/Material/BuiltInMaterialGenerator.cs
 0.1 kb	 0.0% Packages/com.unity.cinemachine/Runtime/SaveDuringPlay/Attributes.cs
 0.1 kb	 0.0% Packages/com.unity.ai.assistant/Runtime/Utils/TaskUtils.cs
 0.1 kb	 0.0% Packages/com.unity.ai.assistant/Runtime/Utils/SharedTask.cs
 0.1 kb	 0.0% Packages/com.unity.ai.assistant/Runtime/Utils/MainThread.cs
 0.1 kb	 0.0% Packages/com.unity.ai.assistant/Runtime/Utils/InternalLog.cs
 0.1 kb	 0.0% Packages/com.unity.ai.assistant/Runtime/Utils/DelayUtility.cs
 0.1 kb	 0.0% Packages/com.unity.ai.assistant/Runtime/Data/FeedbackData.cs
 0.1 kb	 0.0% Packages/com.unity.ai.assistant/Modules/Unity.AI.Tracing/AssemblyInfo.cs
 0.1 kb	 0.0% Assets/Scripts/Simulation/Narrative/ThinkService.cs
 0.1 kb	 0.0% Assets/Scripts/Simulation/Composition/TickContext.cs
 0.1 kb	 0.0% Assets/Scripts/Presentation/Ember/Save/SaveData.cs
 0.1 kb	 0.0% Assets/Scripts/Presentation/Ember/EmberScenes.cs
 0.1 kb	 0.0% Assets/Scripts/Domain/Worldgen/SettlementRecord.cs
 0.1 kb	 0.0% Assets/Scripts/Domain/Worldgen/NpcSeedRecord.cs
 0.1 kb	 0.0% Assets/Scripts/Domain/Narrative/NpcTopicCatalog.cs
 0.1 kb	 0.0% Assets/Scripts/Domain/Narrative/DialogueTemplate.cs
 0.1 kb	 0.0% Assets/Scripts/Domain/Narrative/AskAboutTopic.cs
 0.1 kb	 0.0% Assets/Scripts/Domain/Inventory/InventoryState.cs
 0.1 kb	 0.0% Assets/Scripts/Domain/Inventory/InventoryItem.cs
 0.1 kb	 0.0% Assets/Scripts/Domain/Inventory/EquipmentState.cs
 0.1 kb	 0.0% Assets/Scripts/Domain/Inventory/EquipmentSlot.cs
 0.1 kb	 0.0% Assets/Scripts/Domain/Generation/NpcPromptJson.cs
 0.1 kb	 0.0% Assets/Scripts/Domain/Generation/ManifestEntry.cs
 0.1 kb	 0.0% Assets/Scripts/Data/Save/SliceJson/WorldSaveMapper.cs
 0.1 kb	 0.0% Assets/Scripts/Data/Save/ShieldBuffSaveMapper.cs
 0.1 kb	 0.0% Assets/Scripts/Data/Save/FileSaveRepository.cs
 0.1 kb	 0.0% Assets/Scripts/Data/Save/DungeonSaveMapper.cs
 0.1 kb	 0.0% Assets/Scripts/Data/Content/WorldCatalogDtos.cs
 0.1 kb	 0.0% Assets/Scripts/Data/Content/SpellMonsterDtos.cs
 0.1 kb	 0.0% Assets/Scripts/Data/Content/ProgressionQuestDtos.cs
 0.1 kb	 0.0% Assets/Scripts/Data/Content/LocationNpcDtos.cs
 0.1 kb	 0.0% Assets/Scripts/Data/Content/FactionClassDtos.cs
 0.1 kb	 0.0% Assets/Scripts/Data/Content/ContentDatabase.Rest.cs
 0.1 kb	 0.0% Packages/com.unity.ugui/Runtime/UGUI/UI/Core/SetPropertyUtility.cs
 0.1 kb	 0.0% Packages/com.unity.ugui/Runtime/UGUI/UI/Core/MaterialModifiers/IMaterialModifier.cs
 0.1 kb	 0.0% Packages/com.unity.ugui/Runtime/UGUI/UI/Core/Layout/VerticalLayoutGroup.cs
 0.1 kb	 0.0% Packages/com.unity.ugui/Runtime/UGUI/UI/Core/Layout/ContentSizeFitter.cs
 0.1 kb	 0.0% Packages/com.unity.ugui/Runtime/UGUI/UI/Core/Layout/AspectRatioFitter.cs
 0.1 kb	 0.0% Packages/com.unity.ugui/Runtime/UGUI/UI/Core/FontUpdateTracker.cs
 0.1 kb	 0.0% Packages/com.unity.ugui/Runtime/UGUI/UI/Core/CanvasUpdateRegistry.cs
 0.1 kb	 0.0% Packages/com.unity.ugui/Runtime/UGUI/UI/Core/AnimationTriggers.cs
 0.1 kb	 0.0% Packages/com.unity.ugui/Runtime/UGUI/EventSystem/UIElements/PanelRaycaster.cs
 0.1 kb	 0.0% Packages/com.unity.ugui/Runtime/UGUI/EventSystem/Raycasters/PhysicsRaycaster.cs
 0.1 kb	 0.0% Packages/com.unity.ugui/Runtime/UGUI/EventSystem/Raycasters/BaseRaycaster.cs
 0.1 kb	 0.0% Packages/com.unity.ugui/Runtime/UGUI/EventSystem/RaycasterManager.cs
 0.1 kb	 0.0% Packages/com.unity.ugui/Runtime/UGUI/EventSystem/RaycastResult.cs
 0.1 kb	 0.0% Packages/com.unity.ugui/Runtime/UGUI/EventSystem/InputModules/TouchInputModule.cs
 0.1 kb	 0.0% Packages/com.unity.ugui/Runtime/UGUI/EventSystem/InputModules/BaseInputModule.cs
 0.1 kb	 0.0% Packages/com.unity.ugui/Runtime/UGUI/EventSystem/ExecuteEvents.cs
 0.1 kb	 0.0% Packages/com.unity.ugui/Runtime/UGUI/EventSystem/EventData/PointerEventData.cs
 0.1 kb	 0.0% Packages/com.unity.ugui/Runtime/UGUI/EventSystem/EventData/BaseEventData.cs
 0.1 kb	 0.0% Packages/com.unity.ugui/Runtime/UGUI/EventSystem/EventData/AxisEventData.cs
 0.1 kb	 0.0% Packages/com.unity.ugui/Runtime/TMP/TMP_TextProcessingStack.cs
 0.1 kb	 0.0% Packages/com.unity.ugui/Runtime/TMP/TMP_FontFeaturesCommon.cs
 0.1 kb	 0.0% Packages/com.unity.render-pipelines.core/Runtime/UnifiedRayTracing/Compute/RadeonRays/Scan.cs
 0.1 kb	 0.0% Packages/com.unity.render-pipelines.core/Runtime/Lights/LightAnchor.cs
 0.1 kb	 0.0% Packages/com.unity.render-pipelines.core/Runtime/GPUDriven/AABB.cs
 0.1 kb	 0.0% Packages/com.unity.mathematics/Unity.Mathematics/rigid_transform.cs
 0.1 kb	 0.0% Packages/com.unity.mathematics/Unity.Mathematics/math_unity_conversion.cs
 0.1 kb	 0.0% Packages/com.unity.mathematics/Unity.Mathematics/affine_transform.cs
 0.1 kb	 0.0% Packages/com.unity.mathematics/Unity.Mathematics/Geometry/MinMaxAABB.cs
 0.1 kb	 0.0% Packages/com.unity.inputsystem/InputSystem/Utilities/FourCC.cs
 0.1 kb	 0.0% Packages/com.unity.inputsystem/InputSystem/Plugins/iOS/iOSSupport.cs
 0.1 kb	 0.0% Packages/com.unity.inputsystem/InputSystem/Plugins/XR/XRSupport.cs
 0.1 kb	 0.0% Packages/com.unity.inputsystem/InputSystem/Plugins/XR/GenericXRDevice.cs
 0.1 kb	 0.0% Packages/com.unity.inputsystem/InputSystem/Plugins/XR/Devices/WindowsMR.cs
 0.1 kb	 0.0% Packages/com.unity.inputsystem/InputSystem/Plugins/XR/Controls/PoseControl.cs
 0.1 kb	 0.0% Packages/com.unity.inputsystem/InputSystem/Plugins/UI/PointerModel.cs
 0.1 kb	 0.0% Packages/com.unity.inputsystem/InputSystem/Plugins/OSX/OSXSupport.cs
 0.1 kb	 0.0% Packages/com.unity.inputsystem/InputSystem/Plugins/HID/HIDSupport.cs
 0.1 kb	 0.0% Packages/com.unity.inputsystem/InputSystem/Plugins/HID/HIDParser.cs
 0.1 kb	 0.0% Packages/com.unity.collections/Unity.Collections/xxHash3.StreamingState.cs
 0.1 kb	 0.0% Packages/com.unity.collections/Unity.Collections/NativeSort.cs
 0.1 kb	 0.0% Packages/com.unity.collections/Unity.Collections/NativeBitArray.cs
 0.1 kb	 0.0% Packages/com.unity.collections/Unity.Collections/ListExtensions.cs
 0.1 kb	 0.0% Packages/com.unity.collections/Unity.Collections/Jobs/IJobParallelForDefer.cs
 0.1 kb	 0.0% Packages/com.unity.collections/Unity.Collections/Jobs/IJobParallelForBatch.cs
 0.1 kb	 0.0% Packages/com.unity.collections/Unity.Collections/FixedStringUtils.cs
 0.1 kb	 0.0% Packages/com.unity.collections/Unity.Collections/DataStreamWriter.cs
 0.1 kb	 0.0% Packages/com.unity.collections/Unity.Collections/DataStreamReader.cs
 0.1 kb	 0.0% Packages/com.unity.collections/Unity.Collections/ConcurrentMask.cs
 0.1 kb	 0.0% Packages/com.unity.collections/Unity.Collections/CollectionHelper.cs
 0.1 kb	 0.0% Packages/com.unity.collections/Unity.Collections/AllocatorManager.cs
 0.1 kb	 0.0% Packages/com.unity.cloud.gltfast/Runtime/Scripts/VertexBufferGeneratorBase.cs
 0.1 kb	 0.0% Packages/com.unity.cloud.gltfast/Runtime/Scripts/TimeBudgetPerFrameDeferAgent.cs
 0.1 kb	 0.0% Packages/com.unity.cloud.gltfast/Runtime/Scripts/Schema/TextureInfoExtensions.cs
 0.1 kb	 0.0% Packages/com.unity.cloud.gltfast/Runtime/Scripts/Schema/PbrSpecularGlossiness.cs
 0.1 kb	 0.0% Packages/com.unity.cloud.gltfast/Runtime/Scripts/Schema/MaterialPbrMetallicRoughness.cs
 0.1 kb	 0.0% Packages/com.unity.cloud.gltfast/Runtime/Scripts/Schema/AnimationChannelTarget.cs
 0.1 kb	 0.0% Packages/com.unity.cloud.gltfast/Runtime/Scripts/Schema/AccessorSparseIndices.cs
 0.1 kb	 0.0% Packages/com.unity.cloud.gltfast/Runtime/Scripts/Newtonsoft/Schema/TextureInfo.cs
 0.1 kb	 0.0% Packages/com.unity.cloud.gltfast/Runtime/Scripts/Newtonsoft/Schema/MeshExtras.cs
 0.1 kb	 0.0% Packages/com.unity.cloud.gltfast/Runtime/Scripts/Newtonsoft/Schema/IJsonObject.cs
 0.1 kb	 0.0% Packages/com.unity.cloud.gltfast/Runtime/Scripts/Newtonsoft/Schema/BufferView.cs
 0.1 kb	 0.0% Packages/com.unity.cloud.gltfast/Runtime/Scripts/MaterialsVariants/MaterialsVariantsComponent.cs
 0.1 kb	 0.0% Packages/com.unity.cloud.gltfast/Runtime/Scripts/Loading/DefaultDownloadProvider.cs
 0.1 kb	 0.0% Packages/com.unity.cloud.gltfast/Runtime/Scripts/IMaterialsVariantsProvider.cs
 0.1 kb	 0.0% Packages/com.unity.cloud.gltfast/Runtime/Scripts/GameObjectBoundsInstantiator.cs
 0.1 kb	 0.0% Packages/com.unity.cloud.gltfast/Runtime/Scripts/Export/NormalImageExport.cs
 0.1 kb	 0.0% Packages/com.unity.cloud.gltfast/Runtime/Scripts/Export/MaterialExportBase.cs
 0.1 kb	 0.0% Packages/com.unity.cloud.gltfast/Runtime/Scripts/Export/KhrLightsPunctual.cs
 0.1 kb	 0.0% Packages/com.unity.cloud.gltfast/Runtime/Scripts/Export/GltfMaterialExporter.cs
 0.1 kb	 0.0% Packages/com.unity.cloud.gltfast/Runtime/Scripts/Export/DracoExportSettings.cs
 0.1 kb	 0.0% Packages/com.unity.cinemachine/Runtime/ThirdParty/Clipper.Minkowski.cs
 0.1 kb	 0.0% Packages/com.unity.cinemachine/Runtime/Deprecated/CinemachinePath.cs
 0.1 kb	 0.0% Packages/com.unity.cinemachine/Runtime/Deprecated/CinemachinePOV.cs
 0.1 kb	 0.0% Packages/com.unity.cinemachine/Runtime/Debug/CinemachineDebug.cs
 0.1 kb	 0.0% Packages/com.unity.cinemachine/Runtime/Core/UpdateTracker.cs
 0.1 kb	 0.0% Packages/com.unity.cinemachine/Runtime/Core/SplineSettings.cs
 0.1 kb	 0.0% Packages/com.unity.cinemachine/Runtime/Core/SplineHelpers.cs
 0.1 kb	 0.0% Packages/com.unity.cinemachine/Runtime/Core/SplineAutoDolly.cs
 0.1 kb	 0.0% Packages/com.unity.cinemachine/Runtime/Core/RuntimeUtility.cs
 0.1 kb	 0.0% Packages/com.unity.cinemachine/Runtime/Core/PrioritySettings.cs
 0.1 kb	 0.0% Packages/com.unity.cinemachine/Runtime/Core/Predictor.cs
 0.1 kb	 0.0% Packages/com.unity.cinemachine/Runtime/Core/NoiseSettings.cs
 0.1 kb	 0.0% Packages/com.unity.cinemachine/Runtime/Core/CinemachineCore.cs
 0.1 kb	 0.0% Packages/com.unity.cinemachine/Runtime/Core/CinemachineBlend.cs
 0.1 kb	 0.0% Packages/com.unity.cinemachine/Runtime/Core/CameraBlendStack.cs
 0.1 kb	 0.0% Packages/com.unity.cinemachine/Runtime/Behaviours/CinemachineBrain.cs
 0.1 kb	 0.0% Packages/com.unity.burst/Runtime/SafeStringArrayHelper.cs
 0.1 kb	 0.0% Packages/com.unity.burst/Runtime/Editor/BurstEditorOptions.cs
 0.1 kb	 0.0% Packages/com.unity.burst/Runtime/Editor/BurstCompileTarget.cs
 0.1 kb	 0.0% Packages/com.unity.burst/Runtime/Editor/BurstAssemblyDisable.cs
 0.1 kb	 0.0% Packages/com.unity.burst/Runtime/BurstCompileAttribute.cs
 0.1 kb	 0.0% Packages/com.unity.ai.assistant/Runtime/Markup/ILinkHandler.cs
 0.1 kb	 0.0% Packages/com.unity.ai.assistant/Runtime/Agents/LlmAgent.cs
 0.1 kb	 0.0% Packages/com.unity.ai.assistant/Runtime/Agents/IAgent.cs
 0.1 kb	 0.0% Assets/Scripts/Ui/Foundation/IUiSurface.cs
 0.1 kb	 0.0% Assets/Scripts/Simulation/World/WorldFactory.cs
 0.1 kb	 0.0% Assets/Scripts/Simulation/Quest/QuestSystem.cs
 0.1 kb	 0.0% Assets/Scripts/Simulation/Process/RecipeSystem.cs
 0.1 kb	 0.0% Assets/Scripts/Simulation/Living/NeedsSystem.cs
 0.1 kb	 0.0% Assets/Scripts/Simulation/Living/CommunalSeat.cs
 0.1 kb	 0.0% Assets/Scripts/Simulation/Forge/PromptHash.cs
 0.1 kb	 0.0% Assets/Scripts/Simulation/AiDm/ToolRegistry.cs
 0.1 kb	 0.0% Assets/Scripts/Simulation/AiDm/ILlmRouter.cs
 0.1 kb	 0.0% Assets/Scripts/Presentation/Ember/UI/SpellBar.cs
 0.1 kb	 0.0% Assets/Scripts/Presentation/Ember/UI/EmberHud.cs
 0.1 kb	 0.0% Assets/Scripts/Domain/World/WorldEventLog.cs
 0.1 kb	 0.0% Assets/Scripts/Domain/World/WorldComponentId.cs
 0.1 kb	 0.0% Assets/Scripts/Domain/World/TradeRouteDef.cs
 0.1 kb	 0.0% Assets/Scripts/Domain/World/SiteUnrestRecord.cs
 0.1 kb	 0.0% Assets/Scripts/Domain/World/PursuitRecord.cs
 0.1 kb	 0.0% Assets/Scripts/Domain/World/ProceduralRoom.cs
 0.1 kb	 0.0% Assets/Scripts/Domain/World/HuntTargetRecord.cs
 0.1 kb	 0.0% Assets/Scripts/Domain/World/FactionRecord.cs
 0.1 kb	 0.0% Assets/Scripts/Domain/World/DungeonRoomState.cs
 0.1 kb	 0.0% Assets/Scripts/Domain/World/DungeonDoorState.cs
 0.1 kb	 0.0% Assets/Scripts/Domain/World/CaravanInstance.cs
 0.1 kb	 0.0% Assets/Scripts/Domain/World/BlockedCellSet.cs
 0.1 kb	 0.0% Assets/Scripts/Domain/World/AmbientCritter.cs
 0.1 kb	 0.0% Assets/Scripts/Domain/Time/SeasonDefinition.cs
 0.1 kb	 0.0% Assets/Scripts/Domain/Time/SeasonCalendar.cs
 0.1 kb	 0.0% Assets/Scripts/Domain/Quest/WorldQuestRecord.cs
 0.1 kb	 0.0% Assets/Scripts/Domain/Quest/QuestWorldView.cs
 0.1 kb	 0.0% Assets/Scripts/Domain/Quest/QuestDefinition.cs
 0.1 kb	 0.0% Assets/Scripts/Domain/Quest/MainQuestState.cs
 0.1 kb	 0.0% Assets/Scripts/Domain/Quest/IQuestCondition.cs
 0.1 kb	 0.0% Assets/Scripts/Domain/Quest/GrantItemAction.cs
 0.1 kb	 0.0% Assets/Scripts/Domain/Process/WorldProcessId.cs
 0.1 kb	 0.0% Assets/Scripts/Domain/Process/WorldProcessDef.cs
 0.1 kb	 0.0% Assets/Scripts/Domain/Process/WorksiteStore.cs
 0.1 kb	 0.0% Assets/Scripts/Domain/Process/WorksiteRecord.cs
 0.1 kb	 0.0% Assets/Scripts/Domain/Process/WorkOrderLedger.cs
 0.1 kb	 0.0% Assets/Scripts/Domain/Process/SoilComponent.cs
 0.1 kb	 0.0% Assets/Scripts/Domain/Process/RecipeIngredient.cs
 0.1 kb	 0.0% Assets/Scripts/Domain/Process/PlantSpeciesDef.cs
 0.1 kb	 0.0% Assets/Scripts/Domain/Process/PlantGrowthRule.cs
 0.1 kb	 0.0% Assets/Scripts/Domain/Process/PlantComponent.cs
 0.1 kb	 0.0% Assets/Scripts/Domain/Process/NpcRoleJobMapper.cs
 0.1 kb	 0.0% Assets/Scripts/Domain/Process/IRecipeInventory.cs
 0.1 kb	 0.0% Assets/Scripts/Domain/Memory/NpcMemoryStore.cs
 0.1 kb	 0.0% Assets/Scripts/Domain/Memory/MemoryComponent.cs
 0.1 kb	 0.0% Assets/Scripts/Domain/Memory/InteractionEvent.cs
 0.1 kb	 0.0% Assets/Scripts/Domain/Magic/SpellEffectSpec.cs
 0.1 kb	 0.0% Assets/Scripts/Domain/Magic/SpellEffectCode.cs
 0.1 kb	 0.0% Assets/Scripts/Domain/Magic/SpellDefinition.cs
 0.1 kb	 0.0% Assets/Scripts/Domain/Magic/ShieldBuffState.cs
 0.1 kb	 0.0% Assets/Scripts/Domain/Magic/EffectOperation.cs
 0.1 kb	 0.0% Assets/Scripts/Domain/Magic/EffectDefinition.cs
 0.1 kb	 0.0% Assets/Scripts/Domain/Forge/SpriteImageFrame.cs
 0.1 kb	 0.0% Assets/Scripts/Domain/Forge/PromptTemplate.cs
 0.1 kb	 0.0% Assets/Scripts/Domain/Forge/IResourceProbe.cs
 0.1 kb	 0.0% Assets/Scripts/Domain/Forge/IPromptComposer.cs
 0.1 kb	 0.0% Assets/Scripts/Domain/Forge/AssetKind.cs
 0.1 kb	 0.0% Assets/Scripts/Domain/Core/ReservationId.cs
 0.1 kb	 0.0% Assets/Scripts/Domain/Core/MovementService.cs
 0.1 kb	 0.0% Assets/Scripts/Domain/Combat/WeaponHitEvent.cs
 0.1 kb	 0.0% Assets/Scripts/Domain/Combat/EncounterState.cs
 0.1 kb	 0.0% Assets/Scripts/Domain/Combat/CombatActionId.cs
 0.1 kb	 0.0% Assets/Scripts/Domain/Combat/CombatActionDef.cs
 0.1 kb	 0.0% Assets/Scripts/Domain/AiDm/ToolSurfaceKind.cs
 0.1 kb	 0.0% Assets/Scripts/Domain/AiDm/ToolDescriptor.cs
 0.1 kb	 0.0% Assets/Scripts/Domain/AiDm/ToolCallEnvelope.cs
 0.1 kb	 0.0% Assets/Scripts/Domain/AiDm/LlmProviderKind.cs
 0.1 kb	 0.0% Assets/Scripts/Domain/Actors/EmberStatBlock.cs
 0.1 kb	 0.0% Assets/Scripts/Domain/Actors/ActorActionState.cs
 0.1 kb	 0.0% Assets/Scripts/Data/Save/WorldSaveData.Quest.cs
 0.1 kb	 0.0% Assets/Scripts/Data/GeneratedAssetLibrary/PixelRect.cs
 0.1 kb	 0.0% Assets/Scripts/Data/Content/WorldgenDtos.cs
 0.1 kb	 0.0% Assets/Scripts/Data/Content/ContentDatabase.cs
 0.1 kb	 0.0% Packages/com.unity.ugui/Runtime/TMP/TMPro_EventManager.cs
 0.1 kb	 0.0% Packages/com.unity.ugui/Runtime/TMP/TMP_UpdateRegistery.cs
 0.1 kb	 0.0% Packages/com.unity.ugui/Runtime/TMP/TMP_UpdateManager.cs
 0.1 kb	 0.0% Packages/com.unity.ugui/Runtime/TMP/TMP_TextUtilities.cs
 0.1 kb	 0.0% Packages/com.unity.ugui/Runtime/TMP/TMP_TextProcessingCommon.cs
 0.1 kb	 0.0% Packages/com.unity.ugui/Runtime/TMP/TMP_SpriteCharacter.cs
 0.1 kb	 0.0% Packages/com.unity.ugui/Runtime/TMP/TMP_SpriteAnimator.cs
 0.1 kb	 0.0% Packages/com.unity.ugui/Runtime/TMP/TMP_SelectionCaret.cs
 0.1 kb	 0.0% Packages/com.unity.ugui/Runtime/TMP/TMP_ResourcesManager.cs
 0.1 kb	 0.0% Packages/com.unity.ugui/Runtime/TMP/TMP_MaterialManager.cs
 0.1 kb	 0.0% Packages/com.unity.ugui/Runtime/TMP/TMP_InputValidator.cs
 0.1 kb	 0.0% Packages/com.unity.ugui/Runtime/TMP/TMP_FontFeatureTable.cs
 0.1 kb	 0.0% Packages/com.unity.ugui/Runtime/TMP/TMP_DefaultControls.cs
 0.1 kb	 0.0% Packages/com.unity.ugui/Runtime/TMP/TMP_Compatibility.cs
 0.1 kb	 0.0% Packages/com.unity.ugui/Runtime/TMP/TMP_ColorGradient.cs
 0.1 kb	 0.0% Packages/com.unity.ugui/Runtime/TMP/TMP_CharacterInfo.cs
 0.1 kb	 0.0% Packages/com.unity.ugui/Runtime/TMP/ITextPreProcessor.cs
 0.1 kb	 0.0% Packages/com.unity.ugui/Runtime/TMP/FontFeatureCommonGPOS.cs
 0.1 kb	 0.0% Packages/com.unity.splines/Runtime/SplineUtility.cs
 0.1 kb	 0.0% Packages/com.unity.splines/Runtime/SplineType.cs
 0.1 kb	 0.0% Packages/com.unity.splines/Runtime/SplineKnotIndex.cs
 0.1 kb	 0.0% Packages/com.unity.splines/Runtime/SplineFactory.cs
 0.1 kb	 0.0% Packages/com.unity.splines/Runtime/SplineExtrude.cs
 0.1 kb	 0.0% Packages/com.unity.splines/Runtime/SplineContainer.cs
 0.1 kb	 0.0% Packages/com.unity.splines/Runtime/SplineComponent.cs
 0.1 kb	 0.0% Packages/com.unity.splines/Runtime/SplineAnimate.cs
 0.1 kb	 0.0% Packages/com.unity.splines/Runtime/ISplineProvider.cs
 0.1 kb	 0.0% Packages/com.unity.splines/Runtime/ISplineContainer.cs
 0.1 kb	 0.0% Packages/com.unity.splines/Runtime/IExtrudeShape.cs
 0.1 kb	 0.0% Packages/com.unity.render-pipelines.core/Runtime/Vrs/Vrs.cs
 0.1 kb	 0.0% Packages/com.unity.render-pipelines.core/Runtime/STP/STP.cs
 0.1 kb	 0.0% Packages/com.unity.mathematics/Unity.Mathematics/double4x4.gen.cs
 0.1 kb	 0.0% Packages/com.unity.mathematics/Unity.Mathematics/double4x3.gen.cs
 0.1 kb	 0.0% Packages/com.unity.mathematics/Unity.Mathematics/double4x2.gen.cs
 0.1 kb	 0.0% Packages/com.unity.mathematics/Unity.Mathematics/double3x4.gen.cs
 0.1 kb	 0.0% Packages/com.unity.mathematics/Unity.Mathematics/double3x3.gen.cs
 0.1 kb	 0.0% Packages/com.unity.mathematics/Unity.Mathematics/double3x2.gen.cs
 0.1 kb	 0.0% Packages/com.unity.mathematics/Unity.Mathematics/double2x4.gen.cs
 0.1 kb	 0.0% Packages/com.unity.mathematics/Unity.Mathematics/double2x3.gen.cs
 0.1 kb	 0.0% Packages/com.unity.mathematics/Unity.Mathematics/double2x2.gen.cs
 0.1 kb	 0.0% Packages/com.unity.inputsystem/InputSystem/Plugins/PlayerInput/PlayerInput.cs
 0.1 kb	 0.0% Packages/com.unity.inputsystem/InputSystem/Plugins/PlayerInput/InputValue.cs
 0.1 kb	 0.0% Packages/com.unity.inputsystem/InputSystem/InputSystem.cs
 0.1 kb	 0.0% Packages/com.unity.inputsystem/InputSystem/InputManager.cs
 0.1 kb	 0.0% Packages/com.unity.inputsystem/InputSystem/Editor/UITKAssetEditor/Commands/Commands.cs
 0.1 kb	 0.0% Packages/com.unity.inputsystem/InputSystem/Editor/Dialog.cs
 0.1 kb	 0.0% Packages/com.unity.inputsystem/InputSystem/Devices/Touchscreen.cs
 0.1 kb	 0.0% Packages/com.unity.inputsystem/InputSystem/Devices/Precompiled/FastMouse.cs
 0.1 kb	 0.0% Packages/com.unity.inputsystem/InputSystem/Devices/Precompiled/FastKeyboard.cs
 0.1 kb	 0.0% Packages/com.unity.inputsystem/InputSystem/Devices/InputDevice.cs
 0.1 kb	 0.0% Packages/com.unity.inputsystem/InputSystem/Devices/Haptics/IHaptics.cs
 0.1 kb	 0.0% Packages/com.unity.inputsystem/InputSystem/Controls/InputControl.cs
 0.1 kb	 0.0% Packages/com.unity.inputsystem/InputSystem/Controls/CommonUsages.cs
 0.1 kb	 0.0% Packages/com.unity.inputsystem/InputSystem/AssemblyInfo.cs
 0.1 kb	 0.0% Packages/com.unity.inputsystem/InputSystem/Actions/InputBinding.cs
 0.1 kb	 0.0% Packages/com.unity.inputsystem/InputSystem/Actions/InputAction.cs
 0.1 kb	 0.0% Packages/com.unity.collections/Unity.Collections/NativeText.gen.cs
 0.1 kb	 0.0% Packages/com.unity.collections/Unity.Collections/FixedList.gen.cs
 0.1 kb	 0.0% Packages/com.unity.cloud.gltfast/Runtime/Scripts/VertexBufferTexCoords.cs
 0.1 kb	 0.0% Packages/com.unity.cloud.gltfast/Runtime/Scripts/Schema/FakeSchema/MaterialExtension.cs
 0.1 kb	 0.0% Packages/com.unity.cloud.gltfast/Runtime/Scripts/Newtonsoft/Schema/GltfCamera.cs
 0.1 kb	 0.0% Packages/com.unity.cloud.gltfast/Runtime/Scripts/Material/MaterialGenerator.cs
 0.1 kb	 0.0% Packages/com.unity.cloud.gltfast/Runtime/Scripts/Material/IMaterialGenerator.cs
 0.1 kb	 0.0% Packages/com.unity.cinemachine/Runtime/ThirdParty/Clipper.Offset.cs
 0.1 kb	 0.0% Packages/com.unity.cinemachine/Runtime/Core/DeltaTimeScaleProcessor.cs
 0.1 kb	 0.0% Packages/com.unity.ai.assistant/Runtime/Data/TodoItem.cs
 0.1 kb	 0.0% Assets/Scripts/Simulation/Rng/XorShiftRng.cs
 0.1 kb	 0.0% Assets/Scripts/Simulation/Diagnostics/EmberLog.cs
 0.1 kb	 0.0% Assets/Scripts/Domain/Worldgen/WorldProfile.cs
 0.1 kb	 0.0% Assets/Scripts/Domain/Worldgen/SettlementId.cs
 0.1 kb	 0.0% Assets/Scripts/Domain/Worldgen/RegionRecord.cs
 0.1 kb	 0.0% Assets/Scripts/Domain/Overland/RegionTile.cs
 0.1 kb	 0.0% Assets/Scripts/Domain/Overland/OverlandMap.cs
 0.1 kb	 0.0% Assets/Scripts/Domain/Inventory/RoomPickup.cs
 0.1 kb	 0.0% Assets/Scripts/Domain/Inventory/ItemRecord.cs
 0.1 kb	 0.0% Assets/Scripts/Data/Save/WorldSaveData.cs
 0.1 kb	 0.0% Assets/Scripts/Data/Save/SaveSlotMetadata.cs
 0.1 kb	 0.0% Assets/Scripts/Data/Save/ItemSaveMapper.cs
 0.1 kb	 0.0% Assets/Scripts/Data/Save/ActorSaveMapper.cs
 0.1 kb	 0.0% Packages/com.unity.ugui/Runtime/UGUI/UI/Core/VertexModifiers/PositionAsUV1.cs
 0.1 kb	 0.0% Packages/com.unity.ugui/Runtime/UGUI/UI/Core/VertexModifiers/IMeshModifier.cs
 0.1 kb	 0.0% Packages/com.unity.ugui/Runtime/UGUI/UI/Core/VertexModifiers/BaseMeshEffect.cs
 0.1 kb	 0.0% Packages/com.unity.ugui/Runtime/UGUI/UI/Core/StencilMaterial.cs
 0.1 kb	 0.0% Packages/com.unity.ugui/Runtime/UGUI/UI/Core/MaskableGraphic.cs
 0.1 kb	 0.0% Packages/com.unity.ugui/Runtime/UGUI/UI/Core/MaskUtilities.cs
 0.1 kb	 0.0% Packages/com.unity.ugui/Runtime/UGUI/UI/Core/Layout/LayoutUtility.cs
 0.1 kb	 0.0% Packages/com.unity.ugui/Runtime/UGUI/UI/Core/Layout/LayoutRebuilder.cs
 0.1 kb	 0.0% Packages/com.unity.ugui/Runtime/UGUI/UI/Core/Layout/LayoutElement.cs
 0.1 kb	 0.0% Packages/com.unity.ugui/Runtime/UGUI/UI/Core/Layout/ILayoutElement.cs
 0.1 kb	 0.0% Packages/com.unity.ugui/Runtime/UGUI/UI/Core/Layout/GridLayoutGroup.cs
 0.1 kb	 0.0% Packages/com.unity.ugui/Runtime/UGUI/UI/Core/GraphicRegistry.cs
 0.1 kb	 0.0% Packages/com.unity.ugui/Runtime/UGUI/UI/Core/GraphicRaycaster.cs
 0.1 kb	 0.0% Packages/com.unity.ugui/Runtime/UGUI/UI/Core/DefaultControls.cs
 0.1 kb	 0.0% Packages/com.unity.ugui/Runtime/UGUI/UI/Core/Culling/ClipperRegistry.cs
 0.1 kb	 0.0% Packages/com.unity.ugui/Runtime/UGUI/EventSystem/UIBehaviour.cs
 0.1 kb	 0.0% Packages/com.unity.ugui/Runtime/UGUI/EventSystem/InputModules/BaseInput.cs
 0.1 kb	 0.0% Packages/com.unity.ugui/Runtime/UGUI/EventSystem/EventTrigger.cs
 0.1 kb	 0.0% Packages/com.unity.ugui/Runtime/UGUI/EventSystem/EventSystem.cs
 0.1 kb	 0.0% Packages/com.unity.ugui/Runtime/TMP/TMPro_MeshUtilities.cs
 0.1 kb	 0.0% Packages/com.unity.ugui/Runtime/TMP/TMP_ShaderUtilities.cs
 0.1 kb	 0.0% Packages/com.unity.ugui/Runtime/TMP/TMP_RichTextTagsCommon.cs
 0.1 kb	 0.0% Packages/com.unity.ugui/Runtime/TMP/TMP_FontAssetCommon.cs
 0.1 kb	 0.0% Packages/com.unity.mathematics/Unity.Mathematics/quaternion.cs
 0.1 kb	 0.0% Packages/com.unity.mathematics/Unity.Mathematics/Noise/classicnoise4D.cs
 0.1 kb	 0.0% Packages/com.unity.mathematics/Unity.Mathematics/Noise/classicnoise3D.cs
 0.1 kb	 0.0% Packages/com.unity.mathematics/Unity.Mathematics/Noise/classicnoise2D.cs
 0.1 kb	 0.0% Packages/com.unity.mathematics/Unity.Mathematics/Noise/cellular2x2x2.cs
 0.1 kb	 0.0% Packages/com.unity.mathematics/Unity.Mathematics/Geometry/Plane.cs
 0.1 kb	 0.0% Packages/com.unity.inputsystem/InputSystem/Plugins/XR/Devices/Oculus.cs
 0.1 kb	 0.0% Packages/com.unity.collections/Unity.Collections/UIntFloat.cs
 0.1 kb	 0.0% Packages/com.unity.collections/Unity.Collections/NativeStream.cs
 0.1 kb	 0.0% Packages/com.unity.collections/Unity.Collections/Jobs/EarlyInitHelpers.cs
 0.1 kb	 0.0% Packages/com.unity.cloud.gltfast/Runtime/Scripts/VertexBufferDescriptor.cs
 0.1 kb	 0.0% Packages/com.unity.cloud.gltfast/Runtime/Scripts/UninterruptedDeferAgent.cs
 0.1 kb	 0.0% Packages/com.unity.cloud.gltfast/Runtime/Scripts/Schema/TextureExtensions.cs
 0.1 kb	 0.0% Packages/com.unity.cloud.gltfast/Runtime/Scripts/Schema/OcclusionTextureInfo.cs
 0.1 kb	 0.0% Packages/com.unity.cloud.gltfast/Runtime/Scripts/Schema/NormalTextureInfo.cs
 0.1 kb	 0.0% Packages/com.unity.cloud.gltfast/Runtime/Scripts/Schema/NodeLightsPunctual.cs
 0.1 kb	 0.0% Packages/com.unity.cloud.gltfast/Runtime/Scripts/Schema/MeshGpuInstancing.cs
 0.1 kb	 0.0% Packages/com.unity.cloud.gltfast/Runtime/Scripts/Schema/MaterialExtensions.cs
 0.1 kb	 0.0% Packages/com.unity.cloud.gltfast/Runtime/Scripts/Schema/BufferViewExtensions.cs
 0.1 kb	 0.0% Packages/com.unity.cloud.gltfast/Runtime/Scripts/Schema/AccessorSparseValues.cs
 0.1 kb	 0.0% Packages/com.unity.cloud.gltfast/Runtime/Scripts/Newtonsoft/Schema/Texture.cs
 0.1 kb	 0.0% Packages/com.unity.cloud.gltfast/Runtime/Scripts/Newtonsoft/Schema/Scene.cs
 0.1 kb	 0.0% Packages/com.unity.cloud.gltfast/Runtime/Scripts/Newtonsoft/Schema/Sampler.cs
 0.1 kb	 0.0% Packages/com.unity.cloud.gltfast/Runtime/Scripts/Newtonsoft/Schema/Material.cs
 0.1 kb	 0.0% Packages/com.unity.cloud.gltfast/Runtime/Scripts/Newtonsoft/Schema/Image.cs
 0.1 kb	 0.0% Packages/com.unity.cloud.gltfast/Runtime/Scripts/Newtonsoft/Schema/Buffer.cs
 0.1 kb	 0.0% Packages/com.unity.cloud.gltfast/Runtime/Scripts/Newtonsoft/Schema/Asset.cs
 0.1 kb	 0.0% Packages/com.unity.cloud.gltfast/Runtime/Scripts/Newtonsoft/Schema/Accessor.cs
 0.1 kb	 0.0% Packages/com.unity.cloud.gltfast/Runtime/Scripts/Newtonsoft/GltfImport.cs
 0.1 kb	 0.0% Packages/com.unity.cloud.gltfast/Runtime/Scripts/NativeArrayExtensions.cs
 0.1 kb	 0.0% Packages/com.unity.cloud.gltfast/Runtime/Scripts/MorphTargetsGenerator.cs
 0.1 kb	 0.0% Packages/com.unity.cloud.gltfast/Runtime/Scripts/MaterialsVariants/MaterialsVariantsControl.cs
 0.1 kb	 0.0% Packages/com.unity.cloud.gltfast/Runtime/Scripts/MaterialsVariants/IMaterialsVariantsSlot.cs
 0.1 kb	 0.0% Packages/com.unity.cloud.gltfast/Runtime/Scripts/Loading/IDownloadProvider.cs
 0.1 kb	 0.0% Packages/com.unity.cloud.gltfast/Runtime/Scripts/LightPunctualExtension.cs
 0.1 kb	 0.0% Packages/com.unity.cloud.gltfast/Runtime/Scripts/InstantiationSettings.cs
 0.1 kb	 0.0% Packages/com.unity.cloud.gltfast/Runtime/Scripts/ImportAddons/ImportAddonRegistry.cs
 0.1 kb	 0.0% Packages/com.unity.cloud.gltfast/Runtime/Scripts/ImportAddons/ImportAddonInstance.cs
 0.1 kb	 0.0% Packages/com.unity.cloud.gltfast/Runtime/Scripts/GltfJsonUtilityParser.cs
 0.1 kb	 0.0% Packages/com.unity.cloud.gltfast/Runtime/Scripts/GameObjectSceneInstance.cs
 0.1 kb	 0.0% Packages/com.unity.cloud.gltfast/Runtime/Scripts/GameObjectInstantiator.cs
 0.1 kb	 0.0% Packages/com.unity.cloud.gltfast/Runtime/Scripts/Export/TextureComparer.cs
 0.1 kb	 0.0% Packages/com.unity.cloud.gltfast/Runtime/Scripts/Export/OrmImageExport.cs
 0.1 kb	 0.0% Packages/com.unity.cloud.gltfast/Runtime/Scripts/Export/MaterialExport.cs
 0.1 kb	 0.0% Packages/com.unity.cloud.gltfast/Runtime/Scripts/Export/ImageExportBase.cs
 0.1 kb	 0.0% Packages/com.unity.cloud.gltfast/Runtime/Scripts/Export/IMaterialExport.cs
 0.1 kb	 0.0% Packages/com.unity.cloud.gltfast/Runtime/Scripts/Export/IGltfWritable.cs
 0.1 kb	 0.0% Packages/com.unity.cloud.gltfast/Runtime/Scripts/Export/GameObjectExport.cs
 0.1 kb	 0.0% Packages/com.unity.cloud.gltfast/Runtime/Scripts/Export/ExportSettings.cs
 0.1 kb	 0.0% Packages/com.unity.cinemachine/Runtime/ThirdParty/Clipper.Engine.cs
 0.1 kb	 0.0% Packages/com.unity.cinemachine/Runtime/Deprecated/AxisState.cs
 0.1 kb	 0.0% Packages/com.unity.cinemachine/Runtime/Debug/DebugText.cs
 0.1 kb	 0.0% Packages/com.unity.cinemachine/Runtime/Core/LensSettings.cs
 0.1 kb	 0.0% Packages/com.unity.cinemachine/Runtime/Core/InputAxis.cs
 0.1 kb	 0.0% Packages/com.unity.cinemachine/Runtime/Core/ConfinerOven.cs
 0.1 kb	 0.0% Packages/com.unity.cinemachine/Runtime/Core/CameraTarget.cs
 0.1 kb	 0.0% Packages/com.unity.cinemachine/Runtime/Core/CameraState.cs
 0.1 kb	 0.0% Packages/com.unity.cinemachine/Runtime/Core/BlendManager.cs
 0.1 kb	 0.0% Packages/com.unity.burst/Runtime/Intrinsics/SimdDebugViews.cs
 0.1 kb	 0.0% Packages/com.unity.burst/Runtime/Editor/BurstReflection.cs
 0.1 kb	 0.0% Packages/com.unity.burst/Runtime/BurstCompilerOptions.cs
 0.1 kb	 0.0% Packages/com.unity.ai.assistant/Modules/Unity.AI.Tracing/TraceCategories.cs
 0.1 kb	 0.0% Assets/Scripts/Ui/Foundation/UiTokens.cs
 0.1 kb	 0.0% Assets/Scripts/Ui/Foundation/IUiPanel.cs
 0.1 kb	 0.0% Assets/Scripts/Domain/World/WorldState.cs
 0.1 kb	 0.0% Assets/Scripts/Domain/World/WorldEvent.cs
 0.1 kb	 0.0% Assets/Scripts/Domain/World/SiteStore.cs
 0.1 kb	 0.0% Assets/Scripts/Domain/World/SiteRecord.cs
 0.1 kb	 0.0% Assets/Scripts/Domain/World/RumorEntry.cs
 0.1 kb	 0.0% Assets/Scripts/Domain/World/ReasonTrace.cs
 0.1 kb	 0.0% Assets/Scripts/Domain/World/QuestStore.cs
 0.1 kb	 0.0% Assets/Scripts/Domain/World/ItemStore.cs
 0.1 kb	 0.0% Assets/Scripts/Domain/World/FactionStore.cs
 0.1 kb	 0.0% Assets/Scripts/Domain/World/DungeonRoom.cs
 0.1 kb	 0.0% Assets/Scripts/Domain/World/DungeonDoor.cs
 0.1 kb	 0.0% Assets/Scripts/Domain/World/ActorStore.cs
 0.1 kb	 0.0% Assets/Scripts/Domain/Quest/QuestTask.cs
 0.1 kb	 0.0% Assets/Scripts/Domain/Quest/QuestState.cs
 0.1 kb	 0.0% Assets/Scripts/Domain/Quest/IQuestAction.cs
 0.1 kb	 0.0% Assets/Scripts/Domain/Process/WorksiteSlot.cs
 0.1 kb	 0.0% Assets/Scripts/Domain/Process/RecipeOutput.cs
 0.1 kb	 0.0% Assets/Scripts/Domain/Process/RecipeDef.cs
 0.1 kb	 0.0% Assets/Scripts/Domain/Process/PriceLedger.cs
 0.1 kb	 0.0% Assets/Scripts/Domain/Process/PlantStageId.cs
 0.1 kb	 0.0% Assets/Scripts/Domain/Process/JobStatus.cs
 0.1 kb	 0.0% Assets/Scripts/Domain/Process/JobRequest.cs
 0.1 kb	 0.0% Assets/Scripts/Domain/Process/JobPriority.cs
 0.1 kb	 0.0% Assets/Scripts/Domain/Memory/MemoryFact.cs
 0.1 kb	 0.0% Assets/Scripts/Domain/Memory/ActorMemory.cs
 0.1 kb	 0.0% Assets/Scripts/Domain/Forge/PixelBounds.cs
 0.1 kb	 0.0% Assets/Scripts/Domain/Forge/MatteResult.cs
 0.1 kb	 0.0% Assets/Scripts/Domain/Forge/ImageGenSpec.cs
 0.1 kb	 0.0% Assets/Scripts/Domain/Forge/IAssetForge.cs
 0.1 kb	 0.0% Assets/Scripts/Domain/Core/FactionId.cs
 0.1 kb	 0.0% Assets/Scripts/Domain/Combat/BodyPartNode.cs
 0.1 kb	 0.0% Assets/Scripts/Domain/AiDm/LlmEnvelope.cs
 0.1 kb	 0.0% Assets/Scripts/Domain/Actors/VitalStat.cs
 0.1 kb	 0.0% Assets/Scripts/Domain/Actors/NeedValue.cs
 0.1 kb	 0.0% Assets/Scripts/Domain/Actors/GridPosition.cs
 0.1 kb	 0.0% Assets/Scripts/Domain/Actors/ActorVitals.cs
 0.1 kb	 0.0% Assets/Scripts/Domain/Actors/ActorRecord.cs
 0.1 kb	 0.0% Assets/Scripts/Domain/Actors/ActorNeeds.cs
 0.1 kb	 0.0% Assets/Scripts/Domain/Actors/ActorMood.cs
 0.1 kb	 0.0% Assets/Scripts/Data/Quest/QuestCatalog.cs
 0.1 kb	 0.0% Assets/Scripts/Data/Content/ItemDtos.cs
 0.1 kb	 0.0% Assets/Scripts/Data/Content/ContentJson.cs
 0.1 kb	 0.0% Packages/com.unity.ugui/Runtime/TMP/TextMeshProUGUI.cs
 0.1 kb	 0.0% Packages/com.unity.ugui/Runtime/TMP/TextContainer.cs
 0.1 kb	 0.0% Packages/com.unity.ugui/Runtime/TMP/TMP_TextElement.cs
 0.1 kb	 0.0% Packages/com.unity.ugui/Runtime/TMP/TMP_SubMeshUI.cs
 0.1 kb	 0.0% Packages/com.unity.ugui/Runtime/TMP/TMP_StyleSheet.cs
 0.1 kb	 0.0% Packages/com.unity.ugui/Runtime/TMP/TMP_SpriteGlyph.cs
 0.1 kb	 0.0% Packages/com.unity.ugui/Runtime/TMP/TMP_SpriteAsset.cs
 0.1 kb	 0.0% Packages/com.unity.ugui/Runtime/TMP/TMP_InputField.cs
 0.1 kb	 0.0% Packages/com.unity.ugui/Runtime/TMP/TMP_FontAsset.cs
 0.1 kb	 0.0% Packages/com.unity.ugui/Runtime/TMP/TMP_CoroutineTween.cs
 0.1 kb	 0.0% Packages/com.unity.ugui/Runtime/TMP/TMP_Character.cs
 0.1 kb	 0.0% Packages/com.unity.splines/Runtime/SplineRange.cs
 0.1 kb	 0.0% Packages/com.unity.splines/Runtime/SplinePath.cs
 0.1 kb	 0.0% Packages/com.unity.splines/Runtime/SplineMesh.cs
 0.1 kb	 0.0% Packages/com.unity.splines/Runtime/SplineMath.cs
 0.1 kb	 0.0% Packages/com.unity.splines/Runtime/SplineJobs.cs
 0.1 kb	 0.0% Packages/com.unity.splines/Runtime/SplineInfo.cs
 0.1 kb	 0.0% Packages/com.unity.splines/Runtime/NativeSpline.cs
 0.1 kb	 0.0% Packages/com.unity.splines/Runtime/MathUtility.cs
 0.1 kb	 0.0% Packages/com.unity.splines/Runtime/DataPoint.cs
 0.1 kb	 0.0% Packages/com.unity.splines/Runtime/CurveUtility.cs
 0.1 kb	 0.0% Packages/com.unity.splines/Runtime/BezierKnot.cs
 0.1 kb	 0.0% Packages/com.unity.splines/Runtime/BezierCurve.cs
 0.1 kb	 0.0% Packages/com.unity.splines/Runtime/ArrayUtility.cs
 0.1 kb	 0.0% Packages/com.unity.render-pipelines.universal/Shaders/Shaders.cs
 0.1 kb	 0.0% Packages/com.unity.mathematics/Unity.Mathematics/uint4x4.gen.cs
 0.1 kb	 0.0% Packages/com.unity.mathematics/Unity.Mathematics/uint4x3.gen.cs
 0.1 kb	 0.0% Packages/com.unity.mathematics/Unity.Mathematics/uint4x2.gen.cs
 0.1 kb	 0.0% Packages/com.unity.mathematics/Unity.Mathematics/uint4.gen.cs
 0.1 kb	 0.0% Packages/com.unity.mathematics/Unity.Mathematics/uint3x4.gen.cs
 0.1 kb	 0.0% Packages/com.unity.mathematics/Unity.Mathematics/uint3x3.gen.cs
 0.1 kb	 0.0% Packages/com.unity.mathematics/Unity.Mathematics/uint3x2.gen.cs
 0.1 kb	 0.0% Packages/com.unity.mathematics/Unity.Mathematics/uint3.gen.cs
 0.1 kb	 0.0% Packages/com.unity.mathematics/Unity.Mathematics/uint2x4.gen.cs
 0.1 kb	 0.0% Packages/com.unity.mathematics/Unity.Mathematics/uint2x3.gen.cs
 0.1 kb	 0.0% Packages/com.unity.mathematics/Unity.Mathematics/uint2x2.gen.cs
 0.1 kb	 0.0% Packages/com.unity.mathematics/Unity.Mathematics/uint2.gen.cs
 0.1 kb	 0.0% Packages/com.unity.mathematics/Unity.Mathematics/int4x4.gen.cs
 0.1 kb	 0.0% Packages/com.unity.mathematics/Unity.Mathematics/int4x3.gen.cs
 0.1 kb	 0.0% Packages/com.unity.mathematics/Unity.Mathematics/int4x2.gen.cs
 0.1 kb	 0.0% Packages/com.unity.mathematics/Unity.Mathematics/int3x4.gen.cs
 0.1 kb	 0.0% Packages/com.unity.mathematics/Unity.Mathematics/int3x3.gen.cs
 0.1 kb	 0.0% Packages/com.unity.mathematics/Unity.Mathematics/int3x2.gen.cs
 0.1 kb	 0.0% Packages/com.unity.mathematics/Unity.Mathematics/int2x4.gen.cs
 0.1 kb	 0.0% Packages/com.unity.mathematics/Unity.Mathematics/int2x3.gen.cs
 0.1 kb	 0.0% Packages/com.unity.mathematics/Unity.Mathematics/int2x2.gen.cs
 0.1 kb	 0.0% Packages/com.unity.mathematics/Unity.Mathematics/half4.gen.cs
 0.1 kb	 0.0% Packages/com.unity.mathematics/Unity.Mathematics/half3.gen.cs
 0.1 kb	 0.0% Packages/com.unity.mathematics/Unity.Mathematics/half2.gen.cs
 0.1 kb	 0.0% Packages/com.unity.mathematics/Unity.Mathematics/float4x4.gen.cs
 0.1 kb	 0.0% Packages/com.unity.mathematics/Unity.Mathematics/float4x3.gen.cs
 0.1 kb	 0.0% Packages/com.unity.mathematics/Unity.Mathematics/float4x2.gen.cs
 0.1 kb	 0.0% Packages/com.unity.mathematics/Unity.Mathematics/float4.gen.cs
 0.1 kb	 0.0% Packages/com.unity.mathematics/Unity.Mathematics/float3x4.gen.cs
 0.1 kb	 0.0% Packages/com.unity.mathematics/Unity.Mathematics/float3x3.gen.cs
 0.1 kb	 0.0% Packages/com.unity.mathematics/Unity.Mathematics/float3x2.gen.cs
 0.1 kb	 0.0% Packages/com.unity.mathematics/Unity.Mathematics/float3.gen.cs
 0.1 kb	 0.0% Packages/com.unity.mathematics/Unity.Mathematics/float2x4.gen.cs
 0.1 kb	 0.0% Packages/com.unity.mathematics/Unity.Mathematics/float2x3.gen.cs
 0.1 kb	 0.0% Packages/com.unity.mathematics/Unity.Mathematics/float2x2.gen.cs
 0.1 kb	 0.0% Packages/com.unity.mathematics/Unity.Mathematics/float2.gen.cs
 0.1 kb	 0.0% Packages/com.unity.mathematics/Unity.Mathematics/double4.gen.cs
 0.1 kb	 0.0% Packages/com.unity.mathematics/Unity.Mathematics/double3.gen.cs
 0.1 kb	 0.0% Packages/com.unity.mathematics/Unity.Mathematics/double2.gen.cs
 0.1 kb	 0.0% Packages/com.unity.mathematics/Unity.Mathematics/bool4x4.gen.cs
 0.1 kb	 0.0% Packages/com.unity.mathematics/Unity.Mathematics/bool4x3.gen.cs
 0.1 kb	 0.0% Packages/com.unity.mathematics/Unity.Mathematics/bool4x2.gen.cs
 0.1 kb	 0.0% Packages/com.unity.mathematics/Unity.Mathematics/bool4.gen.cs
 0.1 kb	 0.0% Packages/com.unity.mathematics/Unity.Mathematics/bool3x4.gen.cs
 0.1 kb	 0.0% Packages/com.unity.mathematics/Unity.Mathematics/bool3x3.gen.cs
 0.1 kb	 0.0% Packages/com.unity.mathematics/Unity.Mathematics/bool3x2.gen.cs
 0.1 kb	 0.0% Packages/com.unity.mathematics/Unity.Mathematics/bool3.gen.cs
 0.1 kb	 0.0% Packages/com.unity.mathematics/Unity.Mathematics/bool2x4.gen.cs
 0.1 kb	 0.0% Packages/com.unity.mathematics/Unity.Mathematics/bool2x3.gen.cs
 0.1 kb	 0.0% Packages/com.unity.mathematics/Unity.Mathematics/bool2x2.gen.cs
 0.1 kb	 0.0% Packages/com.unity.mathematics/Unity.Mathematics/bool2.gen.cs
 0.1 kb	 0.0% Packages/com.unity.mathematics/Unity.Mathematics/Noise/psrdnoise2D.cs
 0.1 kb	 0.0% Packages/com.unity.mathematics/Unity.Mathematics/Noise/noise3Dgrad.cs
 0.1 kb	 0.0% Packages/com.unity.mathematics/Unity.Mathematics/Noise/cellular3D.cs
 0.1 kb	 0.0% Packages/com.unity.mathematics/Unity.Mathematics/Noise/cellular2x2.cs
 0.1 kb	 0.0% Packages/com.unity.mathematics/Unity.Mathematics/Noise/cellular2D.cs
 0.1 kb	 0.0% Packages/com.unity.inputsystem/InputSystem/Plugins/XR/Devices/GoogleVR.cs
 0.1 kb	 0.0% Packages/com.unity.inputsystem/InputSystem/Editor/DownloadableSample.cs
 0.1 kb	 0.0% Packages/com.unity.inputsystem/InputSystem/Devices/Sensor.cs
 0.1 kb	 0.0% Packages/com.unity.inputsystem/InputSystem/Devices/Pointer.cs
 0.1 kb	 0.0% Packages/com.unity.inputsystem/InputSystem/Devices/Mouse.cs
 0.1 kb	 0.0% Packages/com.unity.inputsystem/InputSystem/Devices/Keyboard.cs
 0.1 kb	 0.0% Packages/com.unity.inputsystem/InputSystem/Devices/Joystick.cs
 0.1 kb	 0.0% Packages/com.unity.inputsystem/InputSystem/Devices/Gamepad.cs
 0.1 kb	 0.0% Packages/com.unity.collections/Unity.Collections/xxHash3.AVX2.cs
 0.1 kb	 0.0% Packages/com.unity.cloud.gltfast/Runtime/Scripts/TextureDownload.cs
 0.1 kb	 0.0% Packages/com.unity.cloud.gltfast/Runtime/Scripts/Schema/FakeSchema/MeshPrimitive.cs
 0.1 kb	 0.0% Packages/com.unity.cloud.gltfast/Runtime/Scripts/Material/MaterialProperty.cs
 0.1 kb	 0.0% Packages/com.unity.cinemachine/Runtime/ThirdParty/Clipper.Core.cs
 0.1 kb	 0.0% Packages/com.unity.burst/Runtime/Intrinsics/Arm/NEON_AArch64_rdma.cs
 0.1 kb	 0.0% Packages/com.unity.burst/Runtime/Intrinsics/Arm/NEON_AArch64_dotprod.cs
 0.1 kb	 0.0% Packages/com.unity.burst/Runtime/Intrinsics/Arm/NEON_AArch64_crypto.cs
 0.1 kb	 0.0% Packages/com.unity.ai.assistant/Modules/Unity.AI.Tracing/TraceTypes.cs
 0.1 kb	 0.0% Assets/Scripts/Domain/Worldgen/RegionId.cs
 0.1 kb	 0.0% Assets/Scripts/Domain/Worldgen/NpcId.cs
 0.1 kb	 0.0% Assets/Scripts/Domain/Narrative/TopicId.cs
 0.1 kb	 0.0% Assets/Scripts/Domain/Narrative/TopicDef.cs
 0.1 kb	 0.0% Assets/Scripts/Data/Save/SaveSlotId.cs
 0.1 kb	 0.0% Assets/Scripts/Data/Save/SaveEnvelope.cs
 0.1 kb	 0.0% Packages/com.unity.ugui/Runtime/UGUI/UI/Core/Utility/VertexHelper.cs
 0.1 kb	 0.0% Packages/com.unity.ugui/Runtime/UGUI/UI/Core/ToggleGroup.cs
 0.1 kb	 0.0% Packages/com.unity.ugui/Runtime/UGUI/UI/Core/SpriteState.cs
 0.1 kb	 0.0% Packages/com.unity.ugui/Runtime/UGUI/UI/Core/Selectable.cs
 0.1 kb	 0.0% Packages/com.unity.ugui/Runtime/UGUI/UI/Core/Scrollbar.cs
 0.1 kb	 0.0% Packages/com.unity.ugui/Runtime/UGUI/UI/Core/ScrollRect.cs
 0.1 kb	 0.0% Packages/com.unity.ugui/Runtime/UGUI/UI/Core/RectMask2D.cs
 0.1 kb	 0.0% Packages/com.unity.ugui/Runtime/UGUI/UI/Core/Navigation.cs
 0.1 kb	 0.0% Packages/com.unity.ugui/Runtime/UGUI/UI/Core/Layout/LayoutGroup.cs
 0.1 kb	 0.0% Packages/com.unity.ugui/Runtime/UGUI/UI/Core/Layout/CanvasScaler.cs
 0.1 kb	 0.0% Packages/com.unity.ugui/Runtime/UGUI/UI/Core/InputField.cs
 0.1 kb	 0.0% Packages/com.unity.ugui/Runtime/UGUI/UI/Core/IMaskable.cs
 0.1 kb	 0.0% Packages/com.unity.ugui/Runtime/UGUI/UI/Core/ColorBlock.cs
 0.1 kb	 0.0% Packages/com.unity.mathematics/Unity.Mathematics/random.cs
 0.1 kb	 0.0% Packages/com.unity.mathematics/Unity.Mathematics/matrix.gen.cs
 0.1 kb	 0.0% Packages/com.unity.mathematics/Unity.Mathematics/matrix.cs
 0.1 kb	 0.0% Packages/com.unity.mathematics/Unity.Mathematics/Noise/noise4D.cs
 0.1 kb	 0.0% Packages/com.unity.mathematics/Unity.Mathematics/Noise/noise3D.cs
 0.1 kb	 0.0% Packages/com.unity.mathematics/Unity.Mathematics/Noise/noise2D.cs
 0.1 kb	 0.0% Packages/com.unity.mathematics/Unity.Mathematics/Noise/common.cs
 0.1 kb	 0.0% Packages/com.unity.inputsystem/InputSystem/Plugins/XR/Devices/OpenVR.cs
 0.1 kb	 0.0% Packages/com.unity.inputsystem/InputSystem/Plugins/HID/HID.cs
 0.1 kb	 0.0% Packages/com.unity.collections/Unity.Collections/xxHash3.cs
 0.1 kb	 0.0% Packages/com.unity.collections/Unity.Collections/Unicode.cs
 0.1 kb	 0.0% Packages/com.unity.collections/Unity.Collections/Memory.cs
 0.1 kb	 0.0% Packages/com.unity.collections/Unity.Collections/Jobs/IJobFilter.cs
 0.1 kb	 0.0% Packages/com.unity.collections/Unity.Collections/BitField.cs
 0.1 kb	 0.0% Packages/com.unity.cloud.gltfast/Runtime/Scripts/VertexBufferColors.cs
 0.1 kb	 0.0% Packages/com.unity.cloud.gltfast/Runtime/Scripts/VertexBufferBones.cs
 0.1 kb	 0.0% Packages/com.unity.cloud.gltfast/Runtime/Scripts/SubMeshAssignment.cs
 0.1 kb	 0.0% Packages/com.unity.cloud.gltfast/Runtime/Scripts/Schema/TextureTransform.cs
 0.1 kb	 0.0% Packages/com.unity.cloud.gltfast/Runtime/Scripts/Schema/RootExtensions.cs
 0.1 kb	 0.0% Packages/com.unity.cloud.gltfast/Runtime/Scripts/Schema/MeshPrimitive.cs
 0.1 kb	 0.0% Packages/com.unity.cloud.gltfast/Runtime/Scripts/Schema/MaterialUnlit.cs
 0.1 kb	 0.0% Packages/com.unity.cloud.gltfast/Runtime/Scripts/Schema/MaterialTransmission.cs
 0.1 kb	 0.0% Packages/com.unity.cloud.gltfast/Runtime/Scripts/Schema/MaterialSpecular.cs
 0.1 kb	 0.0% Packages/com.unity.cloud.gltfast/Runtime/Scripts/Schema/MaterialClearCoat.cs
 0.1 kb	 0.0% Packages/com.unity.cloud.gltfast/Runtime/Scripts/Schema/LightsPunctual.cs
 0.1 kb	 0.0% Packages/com.unity.cloud.gltfast/Runtime/Scripts/Schema/LightPunctual.cs
 0.1 kb	 0.0% Packages/com.unity.cloud.gltfast/Runtime/Scripts/Schema/AnimationSampler.cs
 0.1 kb	 0.0% Packages/com.unity.cloud.gltfast/Runtime/Scripts/Schema/AnimationChannel.cs
 0.1 kb	 0.0% Packages/com.unity.cloud.gltfast/Runtime/Scripts/Schema/AccessorSparse.cs
 0.1 kb	 0.0% Packages/com.unity.cloud.gltfast/Runtime/Scripts/RenderPipelineUtils.cs
 0.1 kb	 0.0% Packages/com.unity.cloud.gltfast/Runtime/Scripts/PrimitivesComparer.cs
 0.1 kb	 0.0% Packages/com.unity.cloud.gltfast/Runtime/Scripts/PrimitiveComparer.cs
 0.1 kb	 0.0% Packages/com.unity.cloud.gltfast/Runtime/Scripts/Newtonsoft/Schema/Skin.cs
 0.1 kb	 0.0% Packages/com.unity.cloud.gltfast/Runtime/Scripts/Newtonsoft/Schema/Root.cs
 0.1 kb	 0.0% Packages/com.unity.cloud.gltfast/Runtime/Scripts/Newtonsoft/Schema/Node.cs
 0.1 kb	 0.0% Packages/com.unity.cloud.gltfast/Runtime/Scripts/Newtonsoft/Schema/Mesh.cs
 0.1 kb	 0.0% Packages/com.unity.cloud.gltfast/Runtime/Scripts/MeshGeneratorBase.cs
 0.1 kb	 0.0% Packages/com.unity.cloud.gltfast/Runtime/Scripts/Logging/ConsoleLogger.cs
 0.1 kb	 0.0% Packages/com.unity.cloud.gltfast/Runtime/Scripts/Logging/CollectingLogger.cs
 0.1 kb	 0.0% Packages/com.unity.cloud.gltfast/Runtime/Scripts/Loading/ITextureDownload.cs
 0.1 kb	 0.0% Packages/com.unity.cloud.gltfast/Runtime/Scripts/Loading/INativeDownload.cs
 0.1 kb	 0.0% Packages/com.unity.cloud.gltfast/Runtime/Scripts/ImageCreateContext.cs
 0.1 kb	 0.0% Packages/com.unity.cloud.gltfast/Runtime/Scripts/IMaterialProvider.cs
 0.1 kb	 0.0% Packages/com.unity.cloud.gltfast/Runtime/Scripts/Export/ImageExport.cs
 0.1 kb	 0.0% Packages/com.unity.cloud.gltfast/Runtime/Scripts/Export/IMeshData.cs
 0.1 kb	 0.0% Packages/com.unity.cloud.gltfast/Runtime/Scripts/Export/GltfWriter.cs
 0.1 kb	 0.0% Packages/com.unity.cloud.gltfast/Runtime/Scripts/Export/ExportJobs.cs
 0.1 kb	 0.0% Packages/com.unity.cloud.gltfast/Runtime/Scripts/Export/Constants.cs
 0.1 kb	 0.0% Packages/com.unity.cloud.gltfast/Runtime/Scripts/DontDestroyOnLoad.cs
 0.1 kb	 0.0% Packages/com.unity.cloud.gltfast/Runtime/Scripts/DefaultDeferAgent.cs
 0.1 kb	 0.0% Packages/com.unity.cinemachine/Runtime/ThirdParty/clipper.cs
 0.1 kb	 0.0% Packages/com.unity.burst/Runtime/NoAliasAttribute.cs
 0.1 kb	 0.0% Packages/com.unity.burst/Runtime/FunctionPointer.cs
 0.1 kb	 0.0% Packages/com.unity.burst/Runtime/Editor/BurstLoader.cs
 0.1 kb	 0.0% Packages/com.unity.burst/Runtime/CompilerServices/Constant.cs
 0.1 kb	 0.0% Packages/com.unity.burst/Runtime/CompilerServices/Aliasing.cs
 0.1 kb	 0.0% Packages/com.unity.burst/Runtime/BurstString.Float.cs
 0.1 kb	 0.0% Packages/com.unity.burst/Runtime/BurstCompiler.cs
 0.1 kb	 0.0% Packages/com.unity.ai.assistant/Modules/Unity.AI.Tracing/TraceWriter.cs
 0.1 kb	 0.0% Packages/com.unity.ai.assistant/Modules/Unity.AI.Tracing/TraceLogger.cs
 0.1 kb	 0.0% Packages/com.unity.ai.assistant/Modules/Unity.AI.Tracing/TraceLogDir.cs
 0.1 kb	 0.0% Assets/Scripts/Domain/Quest/QuestId.cs
 0.1 kb	 0.0% Assets/Scripts/Domain/Process/RecipeId.cs
 0.1 kb	 0.0% Assets/Scripts/Domain/Process/JobId.cs
 0.1 kb	 0.0% Assets/Scripts/Domain/Process/JobBoard.cs
 0.1 kb	 0.0% Assets/Scripts/Domain/Core/SiteId.cs
 0.1 kb	 0.0% Assets/Scripts/Domain/Core/ItemId.cs
 0.1 kb	 0.0% Assets/Scripts/Domain/Core/GameTime.cs
 0.1 kb	 0.0% Assets/Scripts/Domain/Core/Fnv1a.cs
 0.1 kb	 0.0% Assets/Scripts/Domain/Core/ActorId.cs
 0.1 kb	 0.0% Assets/Scripts/Domain/AiDm/ToolId.cs
 0.1 kb	 0.0% Packages/com.unity.ugui/Runtime/UGUI/UI/Core/Culling/IClipRegion.cs
 0.1 kb	 0.0% Packages/com.unity.ugui/Runtime/TMP/TextMeshPro.cs
 0.1 kb	 0.0% Packages/com.unity.ugui/Runtime/TMP/TMP_TextInfo.cs
 0.1 kb	 0.0% Packages/com.unity.ugui/Runtime/TMP/TMP_SubMesh.cs
 0.1 kb	 0.0% Packages/com.unity.ugui/Runtime/TMP/TMP_Style.cs
 0.1 kb	 0.0% Packages/com.unity.ugui/Runtime/TMP/TMP_Sprite.cs
 0.1 kb	 0.0% Packages/com.unity.ugui/Runtime/TMP/TMP_Settings.cs
 0.1 kb	 0.0% Packages/com.unity.ugui/Runtime/TMP/TMP_MeshInfo.cs
 0.1 kb	 0.0% Packages/com.unity.ugui/Runtime/TMP/TMP_LineInfo.cs
 0.1 kb	 0.0% Packages/com.unity.ugui/Runtime/TMP/TMP_Dropdown.cs
 0.1 kb	 0.0% Packages/com.unity.ugui/Runtime/TMP/TMP_Asset.cs
 0.1 kb	 0.0% Packages/com.unity.ugui/Runtime/TMP/FastAction.cs
 0.1 kb	 0.0% Packages/com.unity.splines/Runtime/Spline.cs
 0.1 kb	 0.0% Packages/com.unity.splines/Runtime/ISpline.cs
 0.1 kb	 0.0% Packages/com.unity.mathematics/Unity.Mathematics/int4.gen.cs
 0.1 kb	 0.0% Packages/com.unity.mathematics/Unity.Mathematics/int3.gen.cs
 0.1 kb	 0.0% Packages/com.unity.mathematics/Unity.Mathematics/int2.gen.cs
 0.1 kb	 0.0% Packages/com.unity.inputsystem/InputSystem/Devices/Pen.cs
 0.1 kb	 0.0% Packages/com.unity.cloud.gltfast/Runtime/Scripts/VertexStructs.cs
 0.1 kb	 0.0% Packages/com.unity.cloud.gltfast/Runtime/Scripts/Schema/GltfAnimation.cs
 0.1 kb	 0.0% Packages/com.unity.cloud.gltfast/Runtime/Scripts/Schema/FakeSchema/NamedObject.cs
 0.1 kb	 0.0% Packages/com.unity.cloud.gltfast/Runtime/Scripts/Material/Constants.cs
 0.1 kb	 0.0% Packages/com.unity.burst/Runtime/Intrinsics/Common.cs
 0.1 kb	 0.0% Packages/com.unity.burst/Runtime/Intrinsics/Arm/NEON_ctor.cs
 0.1 kb	 0.0% Packages/com.unity.burst/Runtime/Intrinsics/Arm/NEON_AArch64.cs
 0.1 kb	 0.0% Packages/com.unity.ai.assistant/Modules/Unity.AI.Tracing/TraceSinks.cs
 0.1 kb	 0.0% Packages/com.unity.ugui/Runtime/UGUI/UI/Core/VertexModifiers/Shadow.cs
 0.1 kb	 0.0% Packages/com.unity.ugui/Runtime/UGUI/UI/Core/VertexModifiers/Outline.cs
 0.1 kb	 0.0% Packages/com.unity.ugui/Runtime/UGUI/UI/Core/Toggle.cs
 0.1 kb	 0.0% Packages/com.unity.ugui/Runtime/UGUI/UI/Core/Slider.cs
 0.1 kb	 0.0% Packages/com.unity.ugui/Runtime/UGUI/UI/Core/RawImage.cs
 0.1 kb	 0.0% Packages/com.unity.ugui/Runtime/UGUI/UI/Core/Image.cs
 0.1 kb	 0.0% Packages/com.unity.ugui/Runtime/UGUI/UI/Core/IMask.cs
 0.1 kb	 0.0% Packages/com.unity.ugui/Runtime/UGUI/UI/Core/Graphic.cs
 0.1 kb	 0.0% Packages/com.unity.ugui/Runtime/UGUI/UI/Core/FontData.cs
 0.1 kb	 0.0% Packages/com.unity.ugui/Runtime/UGUI/UI/Core/Dropdown.cs
 0.1 kb	 0.0% Packages/com.unity.ugui/Runtime/UGUI/UI/Core/Culling/Clipping.cs
 0.1 kb	 0.0% Packages/com.unity.ugui/Runtime/UGUI/UI/Core/Button.cs
 0.1 kb	 0.0% Packages/com.unity.mathematics/Unity.Mathematics/svd.cs
 0.1 kb	 0.0% Packages/com.unity.mathematics/Unity.Mathematics/math.cs
 0.1 kb	 0.0% Packages/com.unity.mathematics/Unity.Mathematics/half.cs
 0.1 kb	 0.0% Packages/com.unity.cloud.gltfast/Runtime/Scripts/StreamExtension.cs
 0.1 kb	 0.0% Packages/com.unity.cloud.gltfast/Runtime/Scripts/Schema/TextureInfo.cs
 0.1 kb	 0.0% Packages/com.unity.cloud.gltfast/Runtime/Scripts/Schema/SpotLight.cs
 0.1 kb	 0.0% Packages/com.unity.cloud.gltfast/Runtime/Scripts/Schema/NamedObject.cs
 0.1 kb	 0.0% Packages/com.unity.cloud.gltfast/Runtime/Scripts/Schema/MaterialSheen.cs
 0.1 kb	 0.0% Packages/com.unity.cloud.gltfast/Runtime/Scripts/Schema/MaterialIor.cs
 0.1 kb	 0.0% Packages/com.unity.cloud.gltfast/Runtime/Scripts/Schema/JsonWriter.cs
 0.1 kb	 0.0% Packages/com.unity.cloud.gltfast/Runtime/Scripts/Schema/IBufferView.cs
 0.1 kb	 0.0% Packages/com.unity.cloud.gltfast/Runtime/Scripts/Schema/Constants.cs
 0.1 kb	 0.0% Packages/com.unity.cloud.gltfast/Runtime/Scripts/Schema/BufferView.cs
 0.1 kb	 0.0% Packages/com.unity.cloud.gltfast/Runtime/Scripts/RootExtension.cs
 0.1 kb	 0.0% Packages/com.unity.cloud.gltfast/Runtime/Scripts/NodeExtension.cs
 0.1 kb	 0.0% Packages/com.unity.cloud.gltfast/Runtime/Scripts/MeshGenerator.cs
 0.1 kb	 0.0% Packages/com.unity.cloud.gltfast/Runtime/Scripts/MeshAssignment.cs
 0.1 kb	 0.0% Packages/com.unity.cloud.gltfast/Runtime/Scripts/Logging/LogMessages.cs
 0.1 kb	 0.0% Packages/com.unity.cloud.gltfast/Runtime/Scripts/Logging/ICodeLogger.cs
 0.1 kb	 0.0% Packages/com.unity.cloud.gltfast/Runtime/Scripts/Loading/IDownload.cs
 0.1 kb	 0.0% Packages/com.unity.cloud.gltfast/Runtime/Scripts/ImportSettings.cs
 0.1 kb	 0.0% Packages/com.unity.cloud.gltfast/Runtime/Scripts/ImportAddons/ImportAddon.cs
 0.1 kb	 0.0% Packages/com.unity.cloud.gltfast/Runtime/Scripts/IInstantiator.cs
 0.1 kb	 0.0% Packages/com.unity.cloud.gltfast/Runtime/Scripts/IGltfReadable.cs
 0.1 kb	 0.0% Packages/com.unity.cloud.gltfast/Runtime/Scripts/GltfBoundsAsset.cs
 0.1 kb	 0.0% Packages/com.unity.cloud.gltfast/Runtime/Scripts/GltfAssetBase.cs
 0.1 kb	 0.0% Packages/com.unity.cloud.gltfast/Runtime/Scripts/AnimationUtils.cs
 0.1 kb	 0.0% Packages/com.unity.burst/Runtime/SharedStatic.cs
 0.1 kb	 0.0% Packages/com.unity.burst/Runtime/Intrinsics/x86/Ssse3.cs
 0.1 kb	 0.0% Packages/com.unity.burst/Runtime/Intrinsics/x86/Sse4_2.cs
 0.1 kb	 0.0% Packages/com.unity.burst/Runtime/Intrinsics/x86/Sse4_1.cs
 0.1 kb	 0.0% Packages/com.unity.burst/Runtime/Intrinsics/x86/Popcnt.cs
 0.1 kb	 0.0% Packages/com.unity.burst/Runtime/Intrinsics/x86/Common.cs
 0.1 kb	 0.0% Packages/com.unity.burst/Runtime/CompilerServices/Hint.cs
 0.1 kb	 0.0% Packages/com.unity.burst/Runtime/BurstString.cs
 0.1 kb	 0.0% Packages/com.unity.burst/Runtime/BurstRuntime.cs
 0.1 kb	 0.0% Packages/com.unity.ai.assistant/Modules/Unity.AI.Tracing/Trace.cs
 0.1 kb	 0.0% Packages/com.unity.ugui/Runtime/TMP/TMP_Text.cs
 0.1 kb	 0.0% Packages/com.unity.inputsystem/InputSystem/Plugins/UI/UISupport.cs
 0.1 kb	 0.0% Packages/com.unity.cloud.gltfast/Runtime/Scripts/Schema/GltfCamera.cs
 0.1 kb	 0.0% Packages/com.unity.cloud.gltfast/Runtime/Scripts/Schema/FakeSchema/Material.cs
 0.1 kb	 0.0% Packages/com.unity.cloud.gltfast/Runtime/Scripts/Extensions.cs
 0.1 kb	 0.0% Packages/com.unity.burst/Runtime/Intrinsics/x86/Sse3.cs
 0.1 kb	 0.0% Packages/com.unity.burst/Runtime/Intrinsics/x86/Sse2.cs
 0.1 kb	 0.0% Packages/com.unity.burst/Runtime/Intrinsics/x86/Sse.cs
 0.1 kb	 0.0% Packages/com.unity.burst/Runtime/Intrinsics/x86/Fma.cs
 0.1 kb	 0.0% Packages/com.unity.burst/Runtime/Intrinsics/x86/F16C.cs
 0.1 kb	 0.0% Packages/com.unity.burst/Runtime/Intrinsics/x86/Csr.cs
 0.1 kb	 0.0% Packages/com.unity.burst/Runtime/Intrinsics/x86/Bmi2.cs
 0.1 kb	 0.0% Packages/com.unity.burst/Runtime/Intrinsics/x86/Bmi1.cs
 0.1 kb	 0.0% Packages/com.unity.burst/Runtime/Intrinsics/x86/Avx2.cs
 0.1 kb	 0.0% Packages/com.unity.burst/Runtime/Intrinsics/x86/Avx.cs
 0.1 kb	 0.0% Packages/com.unity.burst/Runtime/Intrinsics/v64.cs
 0.1 kb	 0.0% Packages/com.unity.burst/Runtime/Intrinsics/v256.cs
 0.1 kb	 0.0% Packages/com.unity.burst/Runtime/Intrinsics/v128.cs
 0.1 kb	 0.0% Packages/com.unity.burst/Runtime/Intrinsics/Arm/NEON.cs
 0.1 kb	 0.0% Packages/com.unity.ugui/Runtime/UGUI/UI/Core/Text.cs
 0.1 kb	 0.0% Packages/com.unity.ugui/Runtime/UGUI/UI/Core/Misc.cs
 0.1 kb	 0.0% Packages/com.unity.ugui/Runtime/UGUI/UI/Core/Mask.cs
 0.1 kb	 0.0% Packages/com.unity.cloud.gltfast/Runtime/Scripts/UvTransform.cs
 0.1 kb	 0.0% Packages/com.unity.cloud.gltfast/Runtime/Scripts/UriHelper.cs
 0.1 kb	 0.0% Packages/com.unity.cloud.gltfast/Runtime/Scripts/Schema/Texture.cs
 0.1 kb	 0.0% Packages/com.unity.cloud.gltfast/Runtime/Scripts/Schema/Scene.cs
 0.1 kb	 0.0% Packages/com.unity.cloud.gltfast/Runtime/Scripts/Schema/Sampler.cs
 0.1 kb	 0.0% Packages/com.unity.cloud.gltfast/Runtime/Scripts/Schema/Material.cs
 0.1 kb	 0.0% Packages/com.unity.cloud.gltfast/Runtime/Scripts/Schema/Image.cs
 0.1 kb	 0.0% Packages/com.unity.cloud.gltfast/Runtime/Scripts/Schema/Buffer.cs
 0.1 kb	 0.0% Packages/com.unity.cloud.gltfast/Runtime/Scripts/Schema/Asset.cs
 0.1 kb	 0.0% Packages/com.unity.cloud.gltfast/Runtime/Scripts/Schema/Accessor.cs
 0.1 kb	 0.0% Packages/com.unity.cloud.gltfast/Runtime/Scripts/SamplerKey.cs
 0.1 kb	 0.0% Packages/com.unity.cloud.gltfast/Runtime/Scripts/PrimitiveSet.cs
 0.1 kb	 0.0% Packages/com.unity.cloud.gltfast/Runtime/Scripts/MeshSubset.cs
 0.1 kb	 0.0% Packages/com.unity.cloud.gltfast/Runtime/Scripts/MeshResult.cs
 0.1 kb	 0.0% Packages/com.unity.cloud.gltfast/Runtime/Scripts/MeshOrder.cs
 0.1 kb	 0.0% Packages/com.unity.cloud.gltfast/Runtime/Scripts/MeshComparer.cs
 0.1 kb	 0.0% Packages/com.unity.cloud.gltfast/Runtime/Scripts/Mathematics.cs
 0.1 kb	 0.0% Packages/com.unity.cloud.gltfast/Runtime/Scripts/Jobs.cs
 0.1 kb	 0.0% Packages/com.unity.cloud.gltfast/Runtime/Scripts/IGltfBuffers.cs
 0.1 kb	 0.0% Packages/com.unity.cloud.gltfast/Runtime/Scripts/IDeferAgent.cs
 0.1 kb	 0.0% Packages/com.unity.cloud.gltfast/Runtime/Scripts/GltfImport.cs
 0.1 kb	 0.0% Packages/com.unity.cloud.gltfast/Runtime/Scripts/GltfGlobals.cs
 0.1 kb	 0.0% Packages/com.unity.cloud.gltfast/Runtime/Scripts/GltfAsset.cs
 0.1 kb	 0.0% Packages/com.unity.cloud.gltfast/Runtime/Scripts/GlbBinChunk.cs
 0.1 kb	 0.0% Packages/com.unity.cloud.gltfast/Runtime/Scripts/Schema/FakeSchema/Root.cs
 0.1 kb	 0.0% Packages/com.unity.cloud.gltfast/Runtime/Scripts/Schema/FakeSchema/Mesh.cs
 0.1 kb	 0.0% Packages/com.unity.cloud.gltfast/Runtime/Scripts/ushort3.cs
 0.1 kb	 0.0% Packages/com.unity.cloud.gltfast/Runtime/Scripts/short4.cs
 0.1 kb	 0.0% Packages/com.unity.cloud.gltfast/Runtime/Scripts/short3.cs
 0.1 kb	 0.0% Packages/com.unity.cloud.gltfast/Runtime/Scripts/sbyte4.cs
 0.1 kb	 0.0% Packages/com.unity.cloud.gltfast/Runtime/Scripts/sbyte3.cs
 0.1 kb	 0.0% Packages/com.unity.cloud.gltfast/Runtime/Scripts/byte3.cs
 0.1 kb	 0.0% Packages/com.unity.cloud.gltfast/Runtime/Scripts/Schema/Skin.cs
 0.1 kb	 0.0% Packages/com.unity.cloud.gltfast/Runtime/Scripts/Schema/Root.cs
 0.1 kb	 0.0% Packages/com.unity.cloud.gltfast/Runtime/Scripts/Schema/Node.cs
 0.1 kb	 0.0% Packages/com.unity.cloud.gltfast/Runtime/Scripts/Schema/Mesh.cs
 0.1 kb	 0.0% Assets/Resources/PerformanceTestRunSettings.json
-------------------------------------------------------------------------------
Unloading 2 Unused Serialized files (Serialized files now loaded: 0)
Unloading 2231 unused Assets / (2.4 MB). Loaded Objects now: 8543.
Memory consumption went from 252.2 MB to 249.8 MB.
Total: 75.731500 ms (FindLiveObjects: 1.788800 ms CreateObjectMapping: 1.145700 ms MarkObjects: 63.042200 ms  DeleteObjects: 9.752000 ms)

DisplayProgressNotification: Build Successful
Build Finished, Result: Success.
Total cache size 267894804
Total cache size after purge 267894804, took 00:00:03.0935665
##utp:{"type":"PlayerBuildInfo","version":2,"phase":"Immediate","time":1785026623779,"processId":38216,"steps":[{"description":"Preprocess Player","duration":1323},{"description":"Prepare For Build","duration":36},{"description":"ProducePlayerScriptAssemblies","duration":35324},{"description":"Verify Build setup","duration":531},{"description":"Prepare assets for target platform","duration":14},{"description":"Prepare splash screen","duration":25},{"description":"Building scenes","duration":8262},{"description":"Build scripts DLLs","duration":67},{"description":"Build GlobalGameManagers file","duration":512},{"description":"Writing asset files","duration":3228},{"description":"Building Resources/unity_builtin_extra","duration":3378},{"description":"Write data build dirty tracking information","duration":840},{"description":"Postprocess built player","duration":248876}],"duration":302416}
Unloading 0 Unused Serialized files (Serialized files now loaded: 0)
Loaded scene 'Temp/__Backupscenes/0.backup'
	Deserialize:            1.293 ms
	Integration:            875.080 ms
	Integration of assets:  0.002 ms
	Thread Wait Time:       0.018 ms
	Total Operation Time:   876.394 ms
Unloading 0 unused Assets / (3.3 MB). Loaded Objects now: 8535.
Memory consumption went from 248.0 MB to 244.6 MB.
Total: 50.815000 ms (FindLiveObjects: 6.157200 ms CreateObjectMapping: 0.841100 ms MarkObjects: 43.775100 ms  DeleteObjects: 0.038300 ms)

[Windows64BuildMenu] Build succeeded: Builds/Windows64/alcyone-ember-rpg.exe bytes=14159539445
UnityEngine.Debug:ExtractStackTraceNoAlloc (byte*,int,string)
UnityEngine.StackTraceUtility:ExtractStackTrace ()
UnityEngine.DebugLogHandler:Internal_Log (UnityEngine.LogType,UnityEngine.LogOption,string,UnityEngine.Object)
UnityEngine.DebugLogHandler:LogFormat (UnityEngine.LogType,UnityEngine.Object,string,object[])
UnityEngine.Logger:Log (UnityEngine.LogType,object)
UnityEngine.Debug:Log (object)
EmberCrpg.Editor.Ember.Build.Windows64BuildMenu:Build () (at Assets/Editor/Ember/BuildTools/Windows64BuildMenu.cs:36)
EmberCrpg.Editor.Ember.Menu.EmberBuildSettingsMenu:BuildWindows64 () (at Assets/Editor/Ember/Menu/EmberBuildSettingsMenu.cs:20)

(Filename: Assets/Editor/Ember/BuildTools/Windows64BuildMenu.cs Line: 36)

[Windows64BuildMenu] Copied 101 generated Core PNGs and 83 provenance sidecars to Builds\Windows64\Assets\Generated\Core
UnityEngine.Debug:ExtractStackTraceNoAlloc (byte*,int,string)
UnityEngine.StackTraceUtility:ExtractStackTrace ()
UnityEngine.DebugLogHandler:Internal_Log (UnityEngine.LogType,UnityEngine.LogOption,string,UnityEngine.Object)
UnityEngine.DebugLogHandler:LogFormat (UnityEngine.LogType,UnityEngine.Object,string,object[])
UnityEngine.Logger:Log (UnityEngine.LogType,object)
UnityEngine.Debug:Log (object)
EmberCrpg.Editor.Ember.Build.Windows64BuildMenu:CopyGeneratedCoreToBuild (string) (at Assets/Editor/Ember/BuildTools/Windows64BuildMenu.cs:75)
EmberCrpg.Editor.Ember.Build.Windows64BuildMenu:Build () (at Assets/Editor/Ember/BuildTools/Windows64BuildMenu.cs:37)
EmberCrpg.Editor.Ember.Menu.EmberBuildSettingsMenu:BuildWindows64 () (at Assets/Editor/Ember/Menu/EmberBuildSettingsMenu.cs:20)

(Filename: Assets/Editor/Ember/BuildTools/Windows64BuildMenu.cs Line: 75)

Batchmode quit successfully invoked - shutting down!
Start importing ProjectSettings/ProjectSettings.asset using Guid(00000000000000004000000000000000) (LibraryAssetImporter) -> (artifact id: 'dff4dd7bb6472f48665798d59869d975') in 0.0113976 seconds
Refreshing native plugins compatible for Editor in 9.00 ms, found 19 plugins.
Preloading 0 native plugins for Editor in 0.00 ms.
Asset Pipeline Refresh (id=0a82a8694b0faf74c9cff8a2a7f6de2a): Total: 0.134 seconds - Initiated by StopAssetImportingV2(NoUpdateAssetOptions)
[Physics::Module] Cleanup current backend.
[Physics::Module] Id: 0xf2b8ea05
Input System module state changed to: ShutdownInProgress.
Input System polling thread exited.
Input System module state changed to: Shutdown.
[Licensing::IpcConnector] LicenseClient-msbel-notifications channel disconnected successfully.
[Licensing::IpcConnector] LicenseClient-msbel channel disconnected successfully.
Shut down.
AcceleratorClientConnectionCallback - disconnected - :0
Cleanup mono
abort_threads: Failed aborting id: 000000000000861C, mono_thread_manage will ignore it

abort_threads: Failed aborting id: 0000000000000B44, mono_thread_manage will ignore it

abort_threads: Failed aborting id: 00000000000073D0, mono_thread_manage will ignore it

abort_threads: Failed aborting id: 000000000000861C, mono_thread_manage will ignore it

abort_threads: Failed aborting id: 0000000000000B44, mono_thread_manage will ignore it

abort_threads: Failed aborting id: 00000000000073D0, mono_thread_manage will ignore it

debugger-agent: Unable to listen on 4764
Exiting batchmode successfully now!
Exiting without the bug reporter. Application will terminate with return code 0